[20:59:01] [main/INFO] [LaunchWrapper]: Loading tweak class name net.minecraftforge.fml.common.launcher.FMLTweaker
[20:59:01] [main/INFO] [LaunchWrapper]: Using primary tweak class name net.minecraftforge.fml.common.launcher.FMLTweaker
[20:59:01] [main/INFO] [LaunchWrapper]: Calling tweak class net.minecraftforge.fml.common.launcher.FMLTweaker
[20:59:01] [main/INFO] [FML]: Forge Mod Loader version 14.23.5.2860 for Minecraft 1.12.2 loading
[20:59:01] [main/INFO] [FML]: Java is Java HotSpot(TM) 64-Bit Server VM, version 1.8.0_51, running on Windows 8.1:amd64:6.3, installed at C:\Users\ASUS\AppData\Roaming\.minecraft\runtime\jre-legacy
[20:59:01] [main/INFO] [FML]: Searching C:\BinApps\Minecraft\Bin的脚本包\.minecraft\versions\1.12.2脚本包\mods for mods
[20:59:01] [main/INFO] [FML]: Loading tweaker org.spongepowered.asm.launch.MixinTweaker from !mixinbooter-10.7.jar
[20:59:01] [main/INFO] [FML]: Loading tweaker customskinloader.forge.ForgeTweaker from [万用皮肤补丁] CustomSkinLoader_ForgeV1-14.28.jar
[20:59:01] [main/WARN] [FML]: Found FMLCorePluginContainsFMLMod marker in CNPC-Gecko-Addon-CE-1.12.2-Forge-1.0.jar. This is not recommended, @Mods should be in a separate jar from the coremod.
[20:59:01] [main/WARN] [FML]: The coremod com.goodbird.cnpcgeckoaddon.hooklib.cnpchooks.CNPCHookLoader does not have a MCVersion annotation, it may cause issues with this version of Minecraft
[20:59:01] [main/WARN] [FML]: The coremod CNPCHookLoader (com.goodbird.cnpcgeckoaddon.hooklib.cnpchooks.CNPCHookLoader) is not signed!
[20:59:01] [main/INFO] [LaunchWrapper]: Loading tweak class name net.minecraftforge.fml.common.launcher.FMLInjectionAndSortingTweaker
[20:59:01] [main/INFO] [LaunchWrapper]: Loading tweak class name org.spongepowered.asm.launch.MixinTweaker
[20:59:01] [main/INFO] [mixin]: SpongePowered MIXIN Subsystem Version=0.8.7 Source=file:/C:/BinApps/Minecraft/Bin的脚本包/.minecraft/versions/1.12.2脚本包/mods/!mixinbooter-10.7.jar Service=LaunchWrapper Env=CLIENT
[20:59:01] [main/WARN] [FML]: The coremod zone.rong.mixinbooter.MixinBooterPlugin does not have a MCVersion annotation, it may cause issues with this version of Minecraft
[20:59:01] [main/WARN] [FML]: The coremod MixinBooter (zone.rong.mixinbooter.MixinBooterPlugin) is not signed!
[20:59:01] [main/INFO] [MixinBooter]: Initializing Mixins...
[20:59:01] [main/INFO] [mixin]: Compatibility level set to JAVA_8
[20:59:01] [main/INFO] [MixinBooter]: Initializing MixinExtras...
[20:59:01] [main/INFO] [MixinBooter]: Gathering present mods...
[20:59:01] [main/INFO] [MixinBooter]: Finished gathering 3 coremods...
[20:59:01] [main/INFO] [LaunchWrapper]: Loading tweak class name customskinloader.forge.ForgeTweaker
[20:59:01] [main/INFO] [LaunchWrapper]: Loading tweak class name net.minecraftforge.fml.common.launcher.FMLDeobfTweaker
[20:59:01] [main/INFO] [LaunchWrapper]: Calling tweak class net.minecraftforge.fml.common.launcher.FMLInjectionAndSortingTweaker
[20:59:01] [main/INFO] [LaunchWrapper]: Calling tweak class net.minecraftforge.fml.common.launcher.FMLInjectionAndSortingTweaker
[20:59:01] [main/INFO] [LaunchWrapper]: Calling tweak class customskinloader.forge.ForgeTweaker
[20:59:01] [main/INFO] [LaunchWrapper]: Calling tweak class net.minecraftforge.fml.relauncher.CoreModManager$FMLPluginWrapper
[20:59:03] [main/INFO] [FML]: Found valid fingerprint for Minecraft Forge. Certificate fingerprint e3c3d50c7c986df74c645c0ac54639741c90a557
[20:59:03] [main/INFO] [FML]: Found valid fingerprint for Minecraft. Certificate fingerprint cd99959656f753dc28d863b46769f7f8fbaefcfc
[20:59:03] [main/INFO] [LaunchWrapper]: Calling tweak class net.minecraftforge.fml.relauncher.CoreModManager$FMLPluginWrapper
[20:59:03] [main/INFO] [LaunchWrapper]: Calling tweak class net.minecraftforge.fml.relauncher.CoreModManager$FMLPluginWrapper
[20:59:03] [main/INFO] [STDOUT]: [com.goodbird.cnpcgeckoaddon.hooklib.asm.HookLogger$SystemOutLogger:debug:20]: [DEBUG] Parsing hooks container com.goodbird.cnpcgeckoaddon.hooklib.minecraft.SecondaryTransformerHook
[20:59:03] [main/INFO] [FML]: [HOOKLIB]  Obfuscated: true
[20:59:03] [main/INFO] [STDOUT]: [com.goodbird.cnpcgeckoaddon.hooklib.asm.HookLogger$SystemOutLogger:debug:20]: [DEBUG] Parsing hooks container com.goodbird.cnpcgeckoaddon.hooklib.cnpchooks.ClientHooks
[20:59:03] [main/INFO] [STDOUT]: [com.goodbird.cnpcgeckoaddon.hooklib.asm.HookLogger$SystemOutLogger:debug:20]: [DEBUG] Parsing hooks container com.goodbird.cnpcgeckoaddon.hooklib.cnpchooks.CommonHooks
[20:59:03] [main/INFO] [LaunchWrapper]: Calling tweak class org.spongepowered.asm.launch.MixinTweaker
[20:59:03] [main/INFO] [mixin]: Initialised Mixin FML Remapper Adapter with net.minecraftforge.fml.common.asm.transformers.deobf.FMLDeobfuscatingRemapper@3e7c4815
[20:59:03] [main/INFO] [LaunchWrapper]: Calling tweak class net.minecraftforge.fml.relauncher.CoreModManager$FMLPluginWrapper
[20:59:03] [main/INFO] [LaunchWrapper]: Calling tweak class net.minecraftforge.fml.common.launcher.FMLDeobfTweaker
[20:59:03] [main/INFO] [STDOUT]: [com.goodbird.cnpcgeckoaddon.hooklib.asm.HookLogger$SystemOutLogger:debug:20]: [DEBUG] Injecting hooks into class net.minecraftforge.fml.common.Loader
[20:59:03] [main/INFO] [STDOUT]: [com.goodbird.cnpcgeckoaddon.hooklib.asm.HookLogger$SystemOutLogger:debug:20]: [DEBUG] Patching method net.minecraftforge.fml.common.Loader#injectData([Ljava/lang/Object;)
[20:59:03] [main/INFO] [STDOUT]: [com.goodbird.cnpcgeckoaddon.hooklib.asm.HookLogger$SystemOutLogger:debug:20]: [DEBUG] Methods dictionary loaded in 4 ms
[20:59:03] [main/INFO] [LaunchWrapper]: Loading tweak class name net.minecraftforge.fml.common.launcher.TerminalTweaker
[20:59:03] [main/INFO] [LaunchWrapper]: Loading tweak class name org.spongepowered.asm.mixin.EnvironmentStateTweaker
[20:59:03] [main/INFO] [LaunchWrapper]: Calling tweak class net.minecraftforge.fml.common.launcher.TerminalTweaker
[20:59:03] [main/INFO] [LaunchWrapper]: Calling tweak class org.spongepowered.asm.mixin.EnvironmentStateTweaker
[20:59:03] [main/INFO] [LaunchWrapper]: Launching wrapped minecraft {net.minecraft.client.main.Main}
[20:59:04] [Client thread/INFO] [net.minecraft.client.Minecraft]: Setting user: XiaoBiniaoX
[20:59:06] [Client thread/WARN] [net.minecraft.client.settings.GameSettings]: Skipping bad option: lastServer:
[20:59:06] [Client thread/INFO] [net.minecraft.client.Minecraft]: LWJGL Version: 2.9.4
[20:59:07] [Client thread/INFO] [MixinExtras|Service]: Initializing MixinExtras via com.llamalad7.mixinextras.service.MixinExtrasServiceImpl(version=0.5.0).
[20:59:07] [Client thread/INFO] [FML]: -- System Details --
Details:
	Minecraft Version: 1.12.2
	Operating System: Windows 8.1 (amd64) version 6.3
	Java Version: 1.8.0_51, Oracle Corporation
	Java VM Version: Java HotSpot(TM) 64-Bit Server VM (mixed mode), Oracle Corporation
	Memory: 152261976 bytes (145 MB) / 469762048 bytes (448 MB) up to 6576668672 bytes (6272 MB)
	JVM Flags: 11 total; -XX:HeapDumpPath=MojangTricksIntelDriversForPerformance_javaw.exe_minecraft.exe.heapdump -XX:-OmitStackTraceInFastThrow -Xmx6246m -XX:+UnlockExperimentalVMOptions -XX:+UseG1GC -XX:G1NewSizePercent=20 -XX:G1ReservePercent=20 -XX:G1HeapRegionSize=32M -XX:MaxGCPauseMillis=50 -XX:+PerfDisableSharedMem -XX:+ParallelRefProcEnabled
	IntCache: cache: 0, tcache: 0, allocated: 0, tallocated: 0
	FML: 
	Loaded coremods (and transformers): 
MixinBooter (!mixinbooter-10.7.jar)
  
CNPCHookLoader (CNPC-Gecko-Addon-CE-1.12.2-Forge-1.0.jar)
  com.goodbird.cnpcgeckoaddon.hooklib.minecraft.PrimaryClassTransformer
ForgePlugin ([万用皮肤补丁] CustomSkinLoader_ForgeV1-14.28.jar)
  customskinloader.forge.loader.LaunchWrapper
	GL info: ' Vendor: 'NVIDIA Corporation' Version: '4.6.0 NVIDIA 546.33' Renderer: 'NVIDIA GeForce RTX 3060 Laptop GPU/PCIe/SSE2'
[20:59:07] [Client thread/INFO] [FML]: MinecraftForge v14.23.5.2860 Initialized
[20:59:07] [Client thread/INFO] [FML]: Starts to replace vanilla recipe ingredients with ore ingredients.
[20:59:07] [Client thread/INFO] [FML]: Invalid recipe found with multiple oredict ingredients in the same ingredient...
[20:59:07] [Client thread/INFO] [FML]: Replaced 1227 ore ingredients
[20:59:08] [Client thread/INFO] [STDOUT]: [com.goodbird.cnpcgeckoaddon.hooklib.asm.HookLogger$SystemOutLogger:debug:20]: [DEBUG] Injecting hooks into class net.minecraftforge.fml.common.Loader
[20:59:08] [Client thread/INFO] [MixinBooter]: Initializing MixinBooter's Mod Container.
[20:59:08] [Client thread/INFO] [FML]: Searching C:\BinApps\Minecraft\Bin的脚本包\.minecraft\versions\1.12.2脚本包\mods for mods
[20:59:08] [Client thread/INFO] [FML]: Forge Mod Loader has identified 9 mods to load
[20:59:08] [Client thread/INFO] [FML]: Attempting connection with missing mods [minecraft, mcp, FML, forge, mixinbooter, customskinloader, customnpcs, cnpcgeckoaddon, geckolib3] at CLIENT
[20:59:08] [Client thread/INFO] [FML]: Attempting connection with missing mods [minecraft, mcp, FML, forge, mixinbooter, customskinloader, customnpcs, cnpcgeckoaddon, geckolib3] at SERVER
[20:59:09] [Client thread/INFO] [STDOUT]: [com.goodbird.cnpcgeckoaddon.hooklib.asm.HookLogger$SystemOutLogger:debug:20]: [DEBUG] Injecting hooks into class noppes.npcs.entity.EntityNPCInterface
[20:59:09] [Client thread/INFO] [STDOUT]: [com.goodbird.cnpcgeckoaddon.hooklib.asm.HookLogger$SystemOutLogger:debug:20]: [DEBUG] Patching method noppes.npcs.entity.EntityNPCInterface#attackEntityAsMob(Lnet/minecraft/entity/Entity;)
[20:59:09] [Client thread/INFO] [STDOUT]: [com.goodbird.cnpcgeckoaddon.hooklib.asm.HookLogger$SystemOutLogger:debug:20]: [DEBUG] Injecting hooks into class noppes.npcs.entity.EntityCustomNpc
[20:59:09] [Client thread/INFO] [STDOUT]: [com.goodbird.cnpcgeckoaddon.hooklib.asm.HookLogger$SystemOutLogger:debug:20]: [DEBUG] Patching method noppes.npcs.entity.EntityCustomNpc#onUpdate()
[20:59:09] [Client thread/INFO] [STDOUT]: [com.goodbird.cnpcgeckoaddon.hooklib.asm.HookLogger$SystemOutLogger:debug:20]: [DEBUG] Injecting hooks into class noppes.npcs.client.renderer.RenderCustomNpc
[20:59:09] [Client thread/INFO] [STDOUT]: [com.goodbird.cnpcgeckoaddon.hooklib.asm.HookLogger$SystemOutLogger:debug:20]: [DEBUG] Patching method noppes.npcs.client.renderer.RenderCustomNpc#renderModel(Lnoppes/npcs/entity/EntityCustomNpc;FFFFFF)
[20:59:09] [Client thread/INFO] [net.minecraft.client.resources.SimpleReloadableResourceManager]: Reloading ResourceManager: Default, FMLFileResourcePack:Forge Mod Loader, FMLFileResourcePack:Minecraft Forge, FMLFileResourcePack:CustomSkinLoader, FMLFileResourcePack:CustomNPCs, FMLFileResourcePack:CNPC-Gecko-Addon-CE-1.12.2-Forge, FMLFileResourcePack:GeckoLib, 极夜将至[NPC模型核心资源包]
[20:59:09] [Client thread/INFO] [FML]: Processing ObjectHolder annotations
[20:59:09] [Client thread/INFO] [STDOUT]: [com.goodbird.cnpcgeckoaddon.hooklib.asm.HookLogger$SystemOutLogger:debug:20]: [DEBUG] Injecting hooks into class noppes.npcs.client.renderer.blocks.BlockScriptedRenderer
[20:59:09] [Client thread/INFO] [STDOUT]: [com.goodbird.cnpcgeckoaddon.hooklib.asm.HookLogger$SystemOutLogger:debug:20]: [DEBUG] Patching method noppes.npcs.client.renderer.blocks.BlockScriptedRenderer#render(Lnet/minecraft/tileentity/TileEntity;DDDFIF)
[20:59:09] [Client thread/INFO] [FML]: Found 1188 ObjectHolder annotations
[20:59:09] [Client thread/INFO] [FML]: Identifying ItemStackHolder annotations
[20:59:09] [Client thread/INFO] [FML]: Found 0 ItemStackHolder annotations
[20:59:09] [Client thread/INFO] [FML]: Configured a dormant chunk cache size of 0
[20:59:09] [Forge Version Check/INFO] [forge.VersionCheck]: [forge] Starting version check at http://files.minecraftforge.net/maven/net/minecraftforge/forge/promotions_slim.json
[20:59:09] [Client thread/INFO] [STDOUT]: [com.goodbird.cnpcgeckoaddon.hooklib.asm.HookLogger$SystemOutLogger:debug:20]: [DEBUG] Injecting hooks into class noppes.npcs.api.wrapper.WrapperNpcAPI
[20:59:09] [Client thread/INFO] [STDOUT]: [com.goodbird.cnpcgeckoaddon.hooklib.asm.ClassMetadataReader$FindMethodClassVisitor:visitMethod:156]: visiting <init>#()V
[20:59:09] [Client thread/INFO] [STDOUT]: [com.goodbird.cnpcgeckoaddon.hooklib.asm.ClassMetadataReader$FindMethodClassVisitor:visitMethod:156]: visiting clearCache#()V
[20:59:09] [Client thread/INFO] [STDOUT]: [com.goodbird.cnpcgeckoaddon.hooklib.asm.ClassMetadataReader$FindMethodClassVisitor:visitMethod:156]: visiting getIEntity#(Lnet/minecraft/entity/Entity;)Lnoppes/npcs/api/entity/IEntity;
[20:59:09] [Client thread/INFO] [STDOUT]: [com.goodbird.cnpcgeckoaddon.hooklib.asm.ClassMetadataReader$FindMethodClassVisitor:visitMethod:156]: visiting createNPC#(Lnet/minecraft/world/World;)Lnoppes/npcs/api/entity/ICustomNpc;
[20:59:09] [Client thread/INFO] [STDOUT]: [com.goodbird.cnpcgeckoaddon.hooklib.asm.ClassMetadataReader$FindMethodClassVisitor:visitMethod:156]: visiting registerPermissionNode#(Ljava/lang/String;I)V
[20:59:09] [Client thread/INFO] [STDOUT]: [com.goodbird.cnpcgeckoaddon.hooklib.asm.ClassMetadataReader$FindMethodClassVisitor:visitMethod:156]: visiting hasPermissionNode#(Ljava/lang/String;)Z
[20:59:09] [Client thread/INFO] [STDOUT]: [com.goodbird.cnpcgeckoaddon.hooklib.asm.ClassMetadataReader$FindMethodClassVisitor:visitMethod:156]: visiting spawnNPC#(Lnet/minecraft/world/World;III)Lnoppes/npcs/api/entity/ICustomNpc;
[20:59:09] [Client thread/INFO] [STDOUT]: [com.goodbird.cnpcgeckoaddon.hooklib.asm.ClassMetadataReader$FindMethodClassVisitor:visitMethod:156]: visiting Instance#()Lnoppes/npcs/api/NpcAPI;
[20:59:09] [Client thread/INFO] [STDOUT]: [com.goodbird.cnpcgeckoaddon.hooklib.asm.ClassMetadataReader$FindMethodClassVisitor:visitMethod:156]: visiting events#()Lnet/minecraftforge/fml/common/eventhandler/EventBus;
[20:59:09] [Client thread/INFO] [STDOUT]: [com.goodbird.cnpcgeckoaddon.hooklib.asm.ClassMetadataReader$FindMethodClassVisitor:visitMethod:156]: visiting getIBlock#(Lnet/minecraft/world/World;Lnet/minecraft/util/math/BlockPos;)Lnoppes/npcs/api/block/IBlock;
[20:59:09] [Client thread/INFO] [STDOUT]: [com.goodbird.cnpcgeckoaddon.hooklib.asm.ClassMetadataReader$FindMethodClassVisitor:visitMethod:156]: visiting getIItemStack#(Lnet/minecraft/item/ItemStack;)Lnoppes/npcs/api/item/IItemStack;
[20:59:09] [Client thread/INFO] [STDOUT]: [com.goodbird.cnpcgeckoaddon.hooklib.asm.ClassMetadataReader$FindMethodClassVisitor:visitMethod:156]: visiting getIWorld#(Lnet/minecraft/world/WorldServer;)Lnoppes/npcs/api/IWorld;
[20:59:09] [Client thread/INFO] [STDOUT]: [com.goodbird.cnpcgeckoaddon.hooklib.asm.ClassMetadataReader$FindMethodClassVisitor:visitMethod:156]: visiting getIWorld#(I)Lnoppes/npcs/api/IWorld;
[20:59:09] [Client thread/INFO] [STDOUT]: [com.goodbird.cnpcgeckoaddon.hooklib.asm.ClassMetadataReader$FindMethodClassVisitor:visitMethod:156]: visiting getIContainer#(Lnet/minecraft/inventory/IInventory;)Lnoppes/npcs/api/IContainer;
[20:59:09] [Client thread/INFO] [STDOUT]: [com.goodbird.cnpcgeckoaddon.hooklib.asm.ClassMetadataReader$FindMethodClassVisitor:visitMethod:156]: visiting getIContainer#(Lnet/minecraft/inventory/Container;)Lnoppes/npcs/api/IContainer;
[20:59:09] [Client thread/INFO] [STDOUT]: [com.goodbird.cnpcgeckoaddon.hooklib.asm.ClassMetadataReader$FindMethodClassVisitor:visitMethod:156]: visiting getFactions#()Lnoppes/npcs/api/handler/IFactionHandler;
[20:59:09] [Client thread/INFO] [STDOUT]: [com.goodbird.cnpcgeckoaddon.hooklib.asm.ClassMetadataReader$FindMethodClassVisitor:visitMethod:156]: visiting checkWorld#()V
[20:59:09] [Client thread/INFO] [STDOUT]: [com.goodbird.cnpcgeckoaddon.hooklib.asm.ClassMetadataReader$FindMethodClassVisitor:visitMethod:156]: visiting getRecipes#()Lnoppes/npcs/api/handler/IRecipeHandler;
[20:59:09] [Client thread/INFO] [STDOUT]: [com.goodbird.cnpcgeckoaddon.hooklib.asm.ClassMetadataReader$FindMethodClassVisitor:visitMethod:156]: visiting getQuests#()Lnoppes/npcs/api/handler/IQuestHandler;
[20:59:09] [Client thread/INFO] [STDOUT]: [com.goodbird.cnpcgeckoaddon.hooklib.asm.ClassMetadataReader$FindMethodClassVisitor:visitMethod:156]: visiting getIWorlds#()[Lnoppes/npcs/api/IWorld;
[20:59:09] [Client thread/INFO] [STDOUT]: [com.goodbird.cnpcgeckoaddon.hooklib.asm.ClassMetadataReader$FindMethodClassVisitor:visitMethod:156]: visiting getIPos#(DDD)Lnoppes/npcs/api/IPos;
[20:59:09] [Client thread/INFO] [STDOUT]: [com.goodbird.cnpcgeckoaddon.hooklib.asm.ClassMetadataReader$FindMethodClassVisitor:visitMethod:156]: visiting getGlobalDir#()Ljava/io/File;
[20:59:09] [Client thread/INFO] [STDOUT]: [com.goodbird.cnpcgeckoaddon.hooklib.asm.ClassMetadataReader$FindMethodClassVisitor:visitMethod:156]: visiting getWorldDir#()Ljava/io/File;
[20:59:09] [Client thread/INFO] [STDOUT]: [com.goodbird.cnpcgeckoaddon.hooklib.asm.ClassMetadataReader$FindMethodClassVisitor:visitMethod:156]: visiting registerCommand#(Lnoppes/npcs/api/CommandNoppesBase;)V
[20:59:09] [Client thread/INFO] [STDOUT]: [com.goodbird.cnpcgeckoaddon.hooklib.asm.ClassMetadataReader$FindMethodClassVisitor:visitMethod:156]: visiting getINbt#(Lnet/minecraft/nbt/NBTTagCompound;)Lnoppes/npcs/api/INbt;
[20:59:09] [Client thread/INFO] [STDOUT]: [com.goodbird.cnpcgeckoaddon.hooklib.asm.ClassMetadataReader$FindMethodClassVisitor:visitMethod:156]: visiting stringToNbt#(Ljava/lang/String;)Lnoppes/npcs/api/INbt;
[20:59:09] [Client thread/INFO] [STDOUT]: [com.goodbird.cnpcgeckoaddon.hooklib.asm.ClassMetadataReader$FindMethodClassVisitor:visitMethod:156]: visiting getIDamageSource#(Lnet/minecraft/util/DamageSource;)Lnoppes/npcs/api/IDamageSource;
[20:59:09] [Client thread/INFO] [STDOUT]: [com.goodbird.cnpcgeckoaddon.hooklib.asm.ClassMetadataReader$FindMethodClassVisitor:visitMethod:156]: visiting getDialogs#()Lnoppes/npcs/api/handler/IDialogHandler;
[20:59:09] [Client thread/INFO] [STDOUT]: [com.goodbird.cnpcgeckoaddon.hooklib.asm.ClassMetadataReader$FindMethodClassVisitor:visitMethod:156]: visiting getClones#()Lnoppes/npcs/api/handler/ICloneHandler;
[20:59:09] [Client thread/INFO] [STDOUT]: [com.goodbird.cnpcgeckoaddon.hooklib.asm.ClassMetadataReader$FindMethodClassVisitor:visitMethod:156]: visiting executeCommand#(Lnoppes/npcs/api/IWorld;Ljava/lang/String;)Ljava/lang/String;
[20:59:09] [Client thread/INFO] [STDOUT]: [com.goodbird.cnpcgeckoaddon.hooklib.asm.ClassMetadataReader$FindMethodClassVisitor:visitMethod:156]: visiting getRawPlayerData#(Ljava/lang/String;)Lnoppes/npcs/api/INbt;
[20:59:09] [Client thread/INFO] [STDOUT]: [com.goodbird.cnpcgeckoaddon.hooklib.asm.ClassMetadataReader$FindMethodClassVisitor:visitMethod:156]: visiting createMail#(Ljava/lang/String;Ljava/lang/String;)Lnoppes/npcs/api/entity/data/IPlayerMail;
[20:59:09] [Client thread/INFO] [STDOUT]: [com.goodbird.cnpcgeckoaddon.hooklib.asm.ClassMetadataReader$FindMethodClassVisitor:visitMethod:156]: visiting createCustomGui#(IIIZ)Lnoppes/npcs/api/gui/ICustomGui;
[20:59:09] [Client thread/INFO] [STDOUT]: [com.goodbird.cnpcgeckoaddon.hooklib.asm.ClassMetadataReader$FindMethodClassVisitor:visitMethod:156]: visiting getRandomName#(II)Ljava/lang/String;
[20:59:09] [Client thread/INFO] [STDOUT]: [com.goodbird.cnpcgeckoaddon.hooklib.asm.ClassMetadataReader$FindMethodClassVisitor:visitMethod:156]: visiting <clinit>#()V
[20:59:09] [Client thread/INFO] [STDOUT]: [com.goodbird.cnpcgeckoaddon.hooklib.asm.ClassMetadataReader$FindMethodClassVisitor:visitMethod:156]: visiting <init>#()V
[20:59:09] [Client thread/INFO] [STDOUT]: [com.goodbird.cnpcgeckoaddon.hooklib.asm.ClassMetadataReader$FindMethodClassVisitor:visitMethod:156]: visiting createNPC#(Lnet/minecraft/world/World;)Lnoppes/npcs/api/entity/ICustomNpc;
[20:59:09] [Client thread/INFO] [STDOUT]: [com.goodbird.cnpcgeckoaddon.hooklib.asm.ClassMetadataReader$FindMethodClassVisitor:visitMethod:156]: visiting spawnNPC#(Lnet/minecraft/world/World;III)Lnoppes/npcs/api/entity/ICustomNpc;
[20:59:09] [Client thread/INFO] [STDOUT]: [com.goodbird.cnpcgeckoaddon.hooklib.asm.ClassMetadataReader$FindMethodClassVisitor:visitMethod:156]: visiting getIEntity#(Lnet/minecraft/entity/Entity;)Lnoppes/npcs/api/entity/IEntity;
[20:59:09] [Client thread/INFO] [STDOUT]: [com.goodbird.cnpcgeckoaddon.hooklib.asm.ClassMetadataReader$FindMethodClassVisitor:visitMethod:156]: visiting getIBlock#(Lnet/minecraft/world/World;Lnet/minecraft/util/math/BlockPos;)Lnoppes/npcs/api/block/IBlock;
[20:59:09] [Client thread/INFO] [STDOUT]: [com.goodbird.cnpcgeckoaddon.hooklib.asm.ClassMetadataReader$FindMethodClassVisitor:visitMethod:156]: visiting getIContainer#(Lnet/minecraft/inventory/IInventory;)Lnoppes/npcs/api/IContainer;
[20:59:09] [Client thread/INFO] [STDOUT]: [com.goodbird.cnpcgeckoaddon.hooklib.asm.ClassMetadataReader$FindMethodClassVisitor:visitMethod:156]: visiting getIContainer#(Lnet/minecraft/inventory/Container;)Lnoppes/npcs/api/IContainer;
[20:59:09] [Client thread/INFO] [STDOUT]: [com.goodbird.cnpcgeckoaddon.hooklib.asm.ClassMetadataReader$FindMethodClassVisitor:visitMethod:156]: visiting getIItemStack#(Lnet/minecraft/item/ItemStack;)Lnoppes/npcs/api/item/IItemStack;
[20:59:09] [Client thread/INFO] [STDOUT]: [com.goodbird.cnpcgeckoaddon.hooklib.asm.ClassMetadataReader$FindMethodClassVisitor:visitMethod:156]: visiting getIWorld#(Lnet/minecraft/world/WorldServer;)Lnoppes/npcs/api/IWorld;
[20:59:09] [Client thread/INFO] [STDOUT]: [com.goodbird.cnpcgeckoaddon.hooklib.asm.ClassMetadataReader$FindMethodClassVisitor:visitMethod:156]: visiting getIWorld#(I)Lnoppes/npcs/api/IWorld;
[20:59:09] [Client thread/INFO] [STDOUT]: [com.goodbird.cnpcgeckoaddon.hooklib.asm.ClassMetadataReader$FindMethodClassVisitor:visitMethod:156]: visiting getIWorlds#()[Lnoppes/npcs/api/IWorld;
[20:59:09] [Client thread/INFO] [STDOUT]: [com.goodbird.cnpcgeckoaddon.hooklib.asm.ClassMetadataReader$FindMethodClassVisitor:visitMethod:156]: visiting getINbt#(Lnet/minecraft/nbt/NBTTagCompound;)Lnoppes/npcs/api/INbt;
[20:59:09] [Client thread/INFO] [STDOUT]: [com.goodbird.cnpcgeckoaddon.hooklib.asm.ClassMetadataReader$FindMethodClassVisitor:visitMethod:156]: visiting getIPos#(DDD)Lnoppes/npcs/api/IPos;
[20:59:09] [Client thread/INFO] [STDOUT]: [com.goodbird.cnpcgeckoaddon.hooklib.asm.ClassMetadataReader$FindMethodClassVisitor:visitMethod:156]: visiting getFactions#()Lnoppes/npcs/api/handler/IFactionHandler;
[20:59:09] [Client thread/INFO] [STDOUT]: [com.goodbird.cnpcgeckoaddon.hooklib.asm.ClassMetadataReader$FindMethodClassVisitor:visitMethod:156]: visiting getRecipes#()Lnoppes/npcs/api/handler/IRecipeHandler;
[20:59:09] [Client thread/INFO] [STDOUT]: [com.goodbird.cnpcgeckoaddon.hooklib.asm.ClassMetadataReader$FindMethodClassVisitor:visitMethod:156]: visiting getQuests#()Lnoppes/npcs/api/handler/IQuestHandler;
[20:59:09] [Client thread/INFO] [STDOUT]: [com.goodbird.cnpcgeckoaddon.hooklib.asm.ClassMetadataReader$FindMethodClassVisitor:visitMethod:156]: visiting getDialogs#()Lnoppes/npcs/api/handler/IDialogHandler;
[20:59:09] [Client thread/INFO] [STDOUT]: [com.goodbird.cnpcgeckoaddon.hooklib.asm.ClassMetadataReader$FindMethodClassVisitor:visitMethod:156]: visiting getClones#()Lnoppes/npcs/api/handler/ICloneHandler;
[20:59:09] [Client thread/INFO] [STDOUT]: [com.goodbird.cnpcgeckoaddon.hooklib.asm.ClassMetadataReader$FindMethodClassVisitor:visitMethod:156]: visiting getIDamageSource#(Lnet/minecraft/util/DamageSource;)Lnoppes/npcs/api/IDamageSource;
[20:59:09] [Client thread/INFO] [STDOUT]: [com.goodbird.cnpcgeckoaddon.hooklib.asm.ClassMetadataReader$FindMethodClassVisitor:visitMethod:156]: visiting stringToNbt#(Ljava/lang/String;)Lnoppes/npcs/api/INbt;
[20:59:09] [Client thread/INFO] [STDOUT]: [com.goodbird.cnpcgeckoaddon.hooklib.asm.ClassMetadataReader$FindMethodClassVisitor:visitMethod:156]: visiting createMail#(Ljava/lang/String;Ljava/lang/String;)Lnoppes/npcs/api/entity/data/IPlayerMail;
[20:59:09] [Client thread/INFO] [STDOUT]: [com.goodbird.cnpcgeckoaddon.hooklib.asm.ClassMetadataReader$FindMethodClassVisitor:visitMethod:156]: visiting createCustomGui#(IIIZ)Lnoppes/npcs/api/gui/ICustomGui;
[20:59:09] [Client thread/INFO] [STDOUT]: [com.goodbird.cnpcgeckoaddon.hooklib.asm.ClassMetadataReader$FindMethodClassVisitor:visitMethod:156]: visiting getRawPlayerData#(Ljava/lang/String;)Lnoppes/npcs/api/INbt;
[20:59:09] [Client thread/INFO] [STDOUT]: [com.goodbird.cnpcgeckoaddon.hooklib.asm.ClassMetadataReader$FindMethodClassVisitor:visitMethod:156]: visiting events#()Lnet/minecraftforge/fml/common/eventhandler/EventBus;
[20:59:09] [Client thread/INFO] [STDOUT]: [com.goodbird.cnpcgeckoaddon.hooklib.asm.ClassMetadataReader$FindMethodClassVisitor:visitMethod:156]: visiting registerCommand#(Lnoppes/npcs/api/CommandNoppesBase;)V
[20:59:09] [Client thread/INFO] [STDOUT]: [com.goodbird.cnpcgeckoaddon.hooklib.asm.ClassMetadataReader$FindMethodClassVisitor:visitMethod:156]: visiting getGlobalDir#()Ljava/io/File;
[20:59:09] [Client thread/INFO] [STDOUT]: [com.goodbird.cnpcgeckoaddon.hooklib.asm.ClassMetadataReader$FindMethodClassVisitor:visitMethod:156]: visiting getWorldDir#()Ljava/io/File;
[20:59:09] [Client thread/INFO] [STDOUT]: [com.goodbird.cnpcgeckoaddon.hooklib.asm.ClassMetadataReader$FindMethodClassVisitor:visitMethod:156]: visiting IsAvailable#()Z
[20:59:09] [Client thread/INFO] [STDOUT]: [com.goodbird.cnpcgeckoaddon.hooklib.asm.ClassMetadataReader$FindMethodClassVisitor:visitMethod:156]: visiting Instance#()Lnoppes/npcs/api/NpcAPI;
[20:59:09] [Client thread/INFO] [STDOUT]: [com.goodbird.cnpcgeckoaddon.hooklib.asm.ClassMetadataReader$FindMethodClassVisitor:visitMethod:156]: visiting registerPermissionNode#(Ljava/lang/String;I)V
[20:59:09] [Client thread/INFO] [STDOUT]: [com.goodbird.cnpcgeckoaddon.hooklib.asm.ClassMetadataReader$FindMethodClassVisitor:visitMethod:156]: visiting hasPermissionNode#(Ljava/lang/String;)Z
[20:59:09] [Client thread/INFO] [STDOUT]: [com.goodbird.cnpcgeckoaddon.hooklib.asm.ClassMetadataReader$FindMethodClassVisitor:visitMethod:156]: visiting executeCommand#(Lnoppes/npcs/api/IWorld;Ljava/lang/String;)Ljava/lang/String;
[20:59:09] [Client thread/INFO] [STDOUT]: [com.goodbird.cnpcgeckoaddon.hooklib.asm.ClassMetadataReader$FindMethodClassVisitor:visitMethod:156]: visiting getRandomName#(II)Ljava/lang/String;
[20:59:09] [Client thread/INFO] [STDOUT]: [com.goodbird.cnpcgeckoaddon.hooklib.asm.ClassMetadataReader$FindMethodClassVisitor:visitMethod:156]: visiting <clinit>#()V
[20:59:09] [Client thread/INFO] [STDOUT]: [com.goodbird.cnpcgeckoaddon.hooklib.asm.HookLogger$SystemOutLogger:debug:20]: [DEBUG] Patching method noppes.npcs.api.wrapper.WrapperNpcAPI#createAnimBuilder()Lsoftware/bernie/geckolib3/core/builder/AnimationBuilder;
[20:59:10] [Thread-3/INFO] [FML]: Using sync timing. 200 frames of Display.update took 103154000 nanos
[20:59:10] [Client thread/WARN] [net.minecraft.client.settings.GameSettings]: Skipping bad option: lastServer:
[20:59:10] [Client thread/WARN] [FML]: Potentially Dangerous alternative prefix `minecraft` for name `tileredstoneblock`, expected `customnpcs`. This could be a intended override, but in most cases indicates a broken mod.
[20:59:10] [Client thread/WARN] [FML]: Potentially Dangerous alternative prefix `minecraft` for name `tileblockanvil`, expected `customnpcs`. This could be a intended override, but in most cases indicates a broken mod.
[20:59:10] [Client thread/WARN] [FML]: Potentially Dangerous alternative prefix `minecraft` for name `tilemailbox`, expected `customnpcs`. This could be a intended override, but in most cases indicates a broken mod.
[20:59:10] [Client thread/WARN] [FML]: Potentially Dangerous alternative prefix `minecraft` for name `tilewaypoint`, expected `customnpcs`. This could be a intended override, but in most cases indicates a broken mod.
[20:59:10] [Client thread/INFO] [STDOUT]: [com.goodbird.cnpcgeckoaddon.hooklib.asm.HookLogger$SystemOutLogger:debug:20]: [DEBUG] Injecting hooks into class noppes.npcs.blocks.tiles.TileScripted
[20:59:10] [Client thread/INFO] [STDOUT]: [com.goodbird.cnpcgeckoaddon.hooklib.asm.HookLogger$SystemOutLogger:debug:20]: [DEBUG] Patching method noppes.npcs.blocks.tiles.TileScripted#setDisplayNBT(Lnet/minecraft/nbt/NBTTagCompound;)
[20:59:10] [Client thread/INFO] [STDOUT]: [com.goodbird.cnpcgeckoaddon.hooklib.asm.HookLogger$SystemOutLogger:debug:20]: [DEBUG] Patching method noppes.npcs.blocks.tiles.TileScripted#getDisplayNBT(Lnet/minecraft/nbt/NBTTagCompound;)
[20:59:10] [Client thread/WARN] [FML]: Potentially Dangerous alternative prefix `minecraft` for name `tilenpcscripted`, expected `customnpcs`. This could be a intended override, but in most cases indicates a broken mod.
[20:59:10] [Client thread/WARN] [FML]: Potentially Dangerous alternative prefix `minecraft` for name `tilenpcscripteddoor`, expected `customnpcs`. This could be a intended override, but in most cases indicates a broken mod.
[20:59:10] [Client thread/WARN] [FML]: Potentially Dangerous alternative prefix `minecraft` for name `tilenpcbuilder`, expected `customnpcs`. This could be a intended override, but in most cases indicates a broken mod.
[20:59:10] [Client thread/WARN] [FML]: Potentially Dangerous alternative prefix `minecraft` for name `tilenpccopy`, expected `customnpcs`. This could be a intended override, but in most cases indicates a broken mod.
[20:59:10] [Client thread/WARN] [FML]: Potentially Dangerous alternative prefix `minecraft` for name `tilenpcborder`, expected `customnpcs`. This could be a intended override, but in most cases indicates a broken mod.
[20:59:10] [Client thread/INFO] [FML]: Applying holder lookups
[20:59:10] [Client thread/INFO] [FML]: Holder lookups applied
[20:59:10] [Client thread/INFO] [FML]: Applying holder lookups
[20:59:10] [Client thread/INFO] [FML]: Holder lookups applied
[20:59:10] [Client thread/INFO] [FML]: Applying holder lookups
[20:59:10] [Client thread/INFO] [FML]: Holder lookups applied
[20:59:10] [Client thread/INFO] [FML]: Applying holder lookups
[20:59:10] [Client thread/INFO] [FML]: Holder lookups applied
[20:59:10] [Client thread/INFO] [FML]: Injecting itemstacks
[20:59:10] [Client thread/INFO] [FML]: Itemstack injection complete
[20:59:11] [Sound Library Loader/INFO] [net.minecraft.client.audio.SoundManager]: Starting up SoundSystem...
[20:59:11] [Thread-8/INFO] [net.minecraft.client.audio.SoundManager]: Initializing LWJGL OpenAL
[20:59:11] [Thread-8/INFO] [net.minecraft.client.audio.SoundManager]: (The LWJGL binding of OpenAL.  For more information, see http://www.lwjgl.org)
[20:59:11] [Thread-8/INFO] [net.minecraft.client.audio.SoundManager]: OpenAL initialized.
[20:59:11] [Sound Library Loader/INFO] [net.minecraft.client.audio.SoundManager]: Sound engine started
[20:59:12] [Forge Version Check/INFO] [forge.VersionCheck]: [forge] Found status: OUTDATED Target: 14.23.5.2864
[20:59:13] [Client thread/INFO] [FML]: Max texture size: 16384
[20:59:14] [Client thread/INFO] [net.minecraft.client.renderer.texture.TextureMap]: Created: 512x512 textures-atlas
[20:59:15] [Client thread/INFO] [FML]: Applying holder lookups
[20:59:15] [Client thread/INFO] [FML]: Holder lookups applied
[20:59:16] [Client thread/INFO] [noppes.npcs.CustomNpcs]: CustomNPC Permissions available:
[20:59:16] [Client thread/INFO] [noppes.npcs.CustomNpcs]: customnpcs.edit.blocks
[20:59:16] [Client thread/INFO] [noppes.npcs.CustomNpcs]: customnpcs.edit.villager
[20:59:16] [Client thread/INFO] [noppes.npcs.CustomNpcs]: customnpcs.global.bank
[20:59:16] [Client thread/INFO] [noppes.npcs.CustomNpcs]: customnpcs.global.dialog
[20:59:16] [Client thread/INFO] [noppes.npcs.CustomNpcs]: customnpcs.global.faction
[20:59:16] [Client thread/INFO] [noppes.npcs.CustomNpcs]: customnpcs.global.linked
[20:59:16] [Client thread/INFO] [noppes.npcs.CustomNpcs]: customnpcs.global.naturalspawn
[20:59:16] [Client thread/INFO] [noppes.npcs.CustomNpcs]: customnpcs.global.playerdata
[20:59:16] [Client thread/INFO] [noppes.npcs.CustomNpcs]: customnpcs.global.quest
[20:59:16] [Client thread/INFO] [noppes.npcs.CustomNpcs]: customnpcs.global.recipe
[20:59:16] [Client thread/INFO] [noppes.npcs.CustomNpcs]: customnpcs.global.transport
[20:59:16] [Client thread/INFO] [noppes.npcs.CustomNpcs]: customnpcs.npc.advanced
[20:59:16] [Client thread/INFO] [noppes.npcs.CustomNpcs]: customnpcs.npc.ai
[20:59:16] [Client thread/INFO] [noppes.npcs.CustomNpcs]: customnpcs.npc.clone
[20:59:16] [Client thread/INFO] [noppes.npcs.CustomNpcs]: customnpcs.npc.create
[20:59:16] [Client thread/INFO] [noppes.npcs.CustomNpcs]: customnpcs.npc.delete
[20:59:16] [Client thread/INFO] [noppes.npcs.CustomNpcs]: customnpcs.npc.display
[20:59:16] [Client thread/INFO] [noppes.npcs.CustomNpcs]: customnpcs.npc.freeze
[20:59:16] [Client thread/INFO] [noppes.npcs.CustomNpcs]: customnpcs.npc.gui
[20:59:16] [Client thread/INFO] [noppes.npcs.CustomNpcs]: customnpcs.npc.inventory
[20:59:16] [Client thread/INFO] [noppes.npcs.CustomNpcs]: customnpcs.npc.reset
[20:59:16] [Client thread/INFO] [noppes.npcs.CustomNpcs]: customnpcs.npc.stats
[20:59:16] [Client thread/INFO] [noppes.npcs.CustomNpcs]: customnpcs.scenes
[20:59:16] [Client thread/INFO] [noppes.npcs.CustomNpcs]: customnpcs.soulstone.all
[20:59:16] [Client thread/INFO] [noppes.npcs.CustomNpcs]: customnpcs.spawner.create
[20:59:16] [Client thread/INFO] [noppes.npcs.CustomNpcs]: customnpcs.spawner.mob
[20:59:16] [Client thread/INFO] [noppes.npcs.CustomNpcs]: customnpcs.tool.mounter
[20:59:16] [Client thread/INFO] [noppes.npcs.CustomNpcs]: customnpcs.tool.nbtbook
[20:59:16] [Client thread/INFO] [noppes.npcs.CustomNpcs]: customnpcs.tool.pather
[20:59:16] [Client thread/INFO] [noppes.npcs.CustomNpcs]: customnpcs.tool.scripter
[20:59:16] [Client thread/INFO] [STDOUT]: [noppes.npcs.CustomNpcs:load:258]: Markov dictionaries loaded!
[20:59:16] [Client thread/WARN] [FML]: Potentially Dangerous alternative prefix `minecraft` for name `custommodeltile`, expected `cnpcgeckoaddon`. This could be a intended override, but in most cases indicates a broken mod.
[20:59:19] [Client thread/INFO] [FML]: Injecting itemstacks
[20:59:19] [Client thread/INFO] [FML]: Itemstack injection complete
[20:59:19] [Client thread/INFO] [FML]: Forge Mod Loader has successfully loaded 9 mods
[20:59:19] [Client thread/WARN] [net.minecraft.client.settings.GameSettings]: Skipping bad option: lastServer:
[20:59:19] [Client thread/INFO] [com.mojang.text2speech.NarratorWindows]: Narrator library for x64 successfully loaded
[21:01:27] [Server thread/INFO] [net.minecraft.server.integrated.IntegratedServer]: Starting integrated minecraft server version 1.12.2
[21:01:27] [Server thread/INFO] [net.minecraft.server.integrated.IntegratedServer]: Generating keypair
[21:01:27] [Server thread/INFO] [STDOUT]: [com.goodbird.cnpcgeckoaddon.hooklib.asm.HookLogger$SystemOutLogger:debug:20]: [DEBUG] Injecting hooks into class noppes.npcs.api.wrapper.BlockScriptedWrapper
[21:01:27] [Server thread/INFO] [STDOUT]: [com.goodbird.cnpcgeckoaddon.hooklib.asm.ClassMetadataReader$FindMethodClassVisitor:visitMethod:156]: visiting <init>#(Lnet/minecraft/world/World;Lnet/minecraft/block/Block;Lnet/minecraft/util/math/BlockPos;)V
[21:01:27] [Server thread/INFO] [STDOUT]: [com.goodbird.cnpcgeckoaddon.hooklib.asm.ClassMetadataReader$FindMethodClassVisitor:visitMethod:156]: visiting setModel#(Lnoppes/npcs/api/item/IItemStack;)V
[21:01:27] [Server thread/INFO] [STDOUT]: [com.goodbird.cnpcgeckoaddon.hooklib.asm.ClassMetadataReader$FindMethodClassVisitor:visitMethod:156]: visiting setModel#(Ljava/lang/String;)V
[21:01:27] [Server thread/INFO] [STDOUT]: [com.goodbird.cnpcgeckoaddon.hooklib.asm.ClassMetadataReader$FindMethodClassVisitor:visitMethod:156]: visiting getModel#()Lnoppes/npcs/api/item/IItemStack;
[21:01:27] [Server thread/INFO] [STDOUT]: [com.goodbird.cnpcgeckoaddon.hooklib.asm.ClassMetadataReader$FindMethodClassVisitor:visitMethod:156]: visiting setRedstonePower#(I)V
[21:01:27] [Server thread/INFO] [STDOUT]: [com.goodbird.cnpcgeckoaddon.hooklib.asm.ClassMetadataReader$FindMethodClassVisitor:visitMethod:156]: visiting getRedstonePower#()I
[21:01:27] [Server thread/INFO] [STDOUT]: [com.goodbird.cnpcgeckoaddon.hooklib.asm.ClassMetadataReader$FindMethodClassVisitor:visitMethod:156]: visiting setIsLadder#(Z)V
[21:01:27] [Server thread/INFO] [STDOUT]: [com.goodbird.cnpcgeckoaddon.hooklib.asm.ClassMetadataReader$FindMethodClassVisitor:visitMethod:156]: visiting getIsLadder#()Z
[21:01:27] [Server thread/INFO] [STDOUT]: [com.goodbird.cnpcgeckoaddon.hooklib.asm.ClassMetadataReader$FindMethodClassVisitor:visitMethod:156]: visiting setIsPassible#(Z)V
[21:01:27] [Server thread/INFO] [STDOUT]: [com.goodbird.cnpcgeckoaddon.hooklib.asm.ClassMetadataReader$FindMethodClassVisitor:visitMethod:156]: visiting getIsPassible#()Z
[21:01:27] [Server thread/INFO] [STDOUT]: [com.goodbird.cnpcgeckoaddon.hooklib.asm.ClassMetadataReader$FindMethodClassVisitor:visitMethod:156]: visiting setLight#(I)V
[21:01:27] [Server thread/INFO] [STDOUT]: [com.goodbird.cnpcgeckoaddon.hooklib.asm.ClassMetadataReader$FindMethodClassVisitor:visitMethod:156]: visiting getLight#()I
[21:01:27] [Server thread/INFO] [STDOUT]: [com.goodbird.cnpcgeckoaddon.hooklib.asm.ClassMetadataReader$FindMethodClassVisitor:visitMethod:156]: visiting setScale#(FFF)V
[21:01:27] [Server thread/INFO] [STDOUT]: [com.goodbird.cnpcgeckoaddon.hooklib.asm.ClassMetadataReader$FindMethodClassVisitor:visitMethod:156]: visiting getScaleX#()F
[21:01:27] [Server thread/INFO] [STDOUT]: [com.goodbird.cnpcgeckoaddon.hooklib.asm.ClassMetadataReader$FindMethodClassVisitor:visitMethod:156]: visiting getScaleY#()F
[21:01:27] [Server thread/INFO] [STDOUT]: [com.goodbird.cnpcgeckoaddon.hooklib.asm.ClassMetadataReader$FindMethodClassVisitor:visitMethod:156]: visiting getScaleZ#()F
[21:01:27] [Server thread/INFO] [STDOUT]: [com.goodbird.cnpcgeckoaddon.hooklib.asm.ClassMetadataReader$FindMethodClassVisitor:visitMethod:156]: visiting setRotation#(III)V
[21:01:27] [Server thread/INFO] [STDOUT]: [com.goodbird.cnpcgeckoaddon.hooklib.asm.ClassMetadataReader$FindMethodClassVisitor:visitMethod:156]: visiting getRotationX#()I
[21:01:27] [Server thread/INFO] [STDOUT]: [com.goodbird.cnpcgeckoaddon.hooklib.asm.ClassMetadataReader$FindMethodClassVisitor:visitMethod:156]: visiting getRotationY#()I
[21:01:27] [Server thread/INFO] [STDOUT]: [com.goodbird.cnpcgeckoaddon.hooklib.asm.ClassMetadataReader$FindMethodClassVisitor:visitMethod:156]: visiting getRotationZ#()I
[21:01:27] [Server thread/INFO] [STDOUT]: [com.goodbird.cnpcgeckoaddon.hooklib.asm.ClassMetadataReader$FindMethodClassVisitor:visitMethod:156]: visiting getHardness#()F
[21:01:27] [Server thread/INFO] [STDOUT]: [com.goodbird.cnpcgeckoaddon.hooklib.asm.ClassMetadataReader$FindMethodClassVisitor:visitMethod:156]: visiting setHardness#(F)V
[21:01:27] [Server thread/INFO] [STDOUT]: [com.goodbird.cnpcgeckoaddon.hooklib.asm.ClassMetadataReader$FindMethodClassVisitor:visitMethod:156]: visiting getResistance#()F
[21:01:27] [Server thread/INFO] [STDOUT]: [com.goodbird.cnpcgeckoaddon.hooklib.asm.ClassMetadataReader$FindMethodClassVisitor:visitMethod:156]: visiting setResistance#(F)V
[21:01:27] [Server thread/INFO] [STDOUT]: [com.goodbird.cnpcgeckoaddon.hooklib.asm.ClassMetadataReader$FindMethodClassVisitor:visitMethod:156]: visiting executeCommand#(Ljava/lang/String;)Ljava/lang/String;
[21:01:27] [Server thread/INFO] [STDOUT]: [com.goodbird.cnpcgeckoaddon.hooklib.asm.ClassMetadataReader$FindMethodClassVisitor:visitMethod:156]: visiting getTextPlane#()Lnoppes/npcs/api/block/ITextPlane;
[21:01:27] [Server thread/INFO] [STDOUT]: [com.goodbird.cnpcgeckoaddon.hooklib.asm.ClassMetadataReader$FindMethodClassVisitor:visitMethod:156]: visiting getTextPlane2#()Lnoppes/npcs/api/block/ITextPlane;
[21:01:27] [Server thread/INFO] [STDOUT]: [com.goodbird.cnpcgeckoaddon.hooklib.asm.ClassMetadataReader$FindMethodClassVisitor:visitMethod:156]: visiting getTextPlane3#()Lnoppes/npcs/api/block/ITextPlane;
[21:01:27] [Server thread/INFO] [STDOUT]: [com.goodbird.cnpcgeckoaddon.hooklib.asm.ClassMetadataReader$FindMethodClassVisitor:visitMethod:156]: visiting getTextPlane4#()Lnoppes/npcs/api/block/ITextPlane;
[21:01:27] [Server thread/INFO] [STDOUT]: [com.goodbird.cnpcgeckoaddon.hooklib.asm.ClassMetadataReader$FindMethodClassVisitor:visitMethod:156]: visiting getTextPlane5#()Lnoppes/npcs/api/block/ITextPlane;
[21:01:27] [Server thread/INFO] [STDOUT]: [com.goodbird.cnpcgeckoaddon.hooklib.asm.ClassMetadataReader$FindMethodClassVisitor:visitMethod:156]: visiting getTextPlane6#()Lnoppes/npcs/api/block/ITextPlane;
[21:01:27] [Server thread/INFO] [STDOUT]: [com.goodbird.cnpcgeckoaddon.hooklib.asm.ClassMetadataReader$FindMethodClassVisitor:visitMethod:156]: visiting getTimers#()Lnoppes/npcs/api/ITimers;
[21:01:27] [Server thread/INFO] [STDOUT]: [com.goodbird.cnpcgeckoaddon.hooklib.asm.ClassMetadataReader$FindMethodClassVisitor:visitMethod:156]: visiting setTile#(Lnet/minecraft/tileentity/TileEntity;)V
[21:01:27] [Server thread/INFO] [STDOUT]: [com.goodbird.cnpcgeckoaddon.hooklib.asm.ClassMetadataReader$FindMethodClassVisitor:visitMethod:156]: visiting <init>#(Lnet/minecraft/world/World;Lnet/minecraft/block/Block;Lnet/minecraft/util/math/BlockPos;)V
[21:01:27] [Server thread/INFO] [STDOUT]: [com.goodbird.cnpcgeckoaddon.hooklib.asm.ClassMetadataReader$FindMethodClassVisitor:visitMethod:156]: visiting getX#()I
[21:01:27] [Server thread/INFO] [STDOUT]: [com.goodbird.cnpcgeckoaddon.hooklib.asm.ClassMetadataReader$FindMethodClassVisitor:visitMethod:156]: visiting getY#()I
[21:01:27] [Server thread/INFO] [STDOUT]: [com.goodbird.cnpcgeckoaddon.hooklib.asm.ClassMetadataReader$FindMethodClassVisitor:visitMethod:156]: visiting getZ#()I
[21:01:27] [Server thread/INFO] [STDOUT]: [com.goodbird.cnpcgeckoaddon.hooklib.asm.ClassMetadataReader$FindMethodClassVisitor:visitMethod:156]: visiting getPos#()Lnoppes/npcs/api/IPos;
[21:01:27] [Server thread/INFO] [STDOUT]: [com.goodbird.cnpcgeckoaddon.hooklib.asm.ClassMetadataReader$FindMethodClassVisitor:visitMethod:156]: visiting getMetadata#()I
[21:01:27] [Server thread/INFO] [STDOUT]: [com.goodbird.cnpcgeckoaddon.hooklib.asm.ClassMetadataReader$FindMethodClassVisitor:visitMethod:156]: visiting setMetadata#(I)V
[21:01:27] [Server thread/INFO] [STDOUT]: [com.goodbird.cnpcgeckoaddon.hooklib.asm.ClassMetadataReader$FindMethodClassVisitor:visitMethod:156]: visiting remove#()V
[21:01:27] [Server thread/INFO] [STDOUT]: [com.goodbird.cnpcgeckoaddon.hooklib.asm.ClassMetadataReader$FindMethodClassVisitor:visitMethod:156]: visiting isRemoved#()Z
[21:01:27] [Server thread/INFO] [STDOUT]: [com.goodbird.cnpcgeckoaddon.hooklib.asm.ClassMetadataReader$FindMethodClassVisitor:visitMethod:156]: visiting isAir#()Z
[21:01:27] [Server thread/INFO] [STDOUT]: [com.goodbird.cnpcgeckoaddon.hooklib.asm.ClassMetadataReader$FindMethodClassVisitor:visitMethod:156]: visiting setBlock#(Ljava/lang/String;)Lnoppes/npcs/api/wrapper/BlockWrapper;
[21:01:27] [Server thread/INFO] [STDOUT]: [com.goodbird.cnpcgeckoaddon.hooklib.asm.ClassMetadataReader$FindMethodClassVisitor:visitMethod:156]: visiting setBlock#(Lnoppes/npcs/api/block/IBlock;)Lnoppes/npcs/api/wrapper/BlockWrapper;
[21:01:27] [Server thread/INFO] [STDOUT]: [com.goodbird.cnpcgeckoaddon.hooklib.asm.ClassMetadataReader$FindMethodClassVisitor:visitMethod:156]: visiting isContainer#()Z
[21:01:27] [Server thread/INFO] [STDOUT]: [com.goodbird.cnpcgeckoaddon.hooklib.asm.ClassMetadataReader$FindMethodClassVisitor:visitMethod:156]: visiting getContainer#()Lnoppes/npcs/api/IContainer;
[21:01:27] [Server thread/INFO] [STDOUT]: [com.goodbird.cnpcgeckoaddon.hooklib.asm.ClassMetadataReader$FindMethodClassVisitor:visitMethod:156]: visiting getTempdata#()Lnoppes/npcs/api/entity/data/IData;
[21:01:27] [Server thread/INFO] [STDOUT]: [com.goodbird.cnpcgeckoaddon.hooklib.asm.ClassMetadataReader$FindMethodClassVisitor:visitMethod:156]: visiting getStoreddata#()Lnoppes/npcs/api/entity/data/IData;
[21:01:27] [Server thread/INFO] [STDOUT]: [com.goodbird.cnpcgeckoaddon.hooklib.asm.ClassMetadataReader$FindMethodClassVisitor:visitMethod:156]: visiting getName#()Ljava/lang/String;
[21:01:27] [Server thread/INFO] [STDOUT]: [com.goodbird.cnpcgeckoaddon.hooklib.asm.ClassMetadataReader$FindMethodClassVisitor:visitMethod:156]: visiting getDisplayName#()Ljava/lang/String;
[21:01:27] [Server thread/INFO] [STDOUT]: [com.goodbird.cnpcgeckoaddon.hooklib.asm.ClassMetadataReader$FindMethodClassVisitor:visitMethod:156]: visiting getWorld#()Lnoppes/npcs/api/IWorld;
[21:01:27] [Server thread/INFO] [STDOUT]: [com.goodbird.cnpcgeckoaddon.hooklib.asm.ClassMetadataReader$FindMethodClassVisitor:visitMethod:156]: visiting getMCBlock#()Lnet/minecraft/block/Block;
[21:01:27] [Server thread/INFO] [STDOUT]: [com.goodbird.cnpcgeckoaddon.hooklib.asm.ClassMetadataReader$FindMethodClassVisitor:visitMethod:156]: visiting createNew#(Lnet/minecraft/world/World;Lnet/minecraft/util/math/BlockPos;Lnet/minecraft/block/state/IBlockState;)Lnoppes/npcs/api/block/IBlock;
[21:01:27] [Server thread/INFO] [STDOUT]: [com.goodbird.cnpcgeckoaddon.hooklib.asm.ClassMetadataReader$FindMethodClassVisitor:visitMethod:156]: visiting clearCache#()V
[21:01:27] [Server thread/INFO] [STDOUT]: [com.goodbird.cnpcgeckoaddon.hooklib.asm.ClassMetadataReader$FindMethodClassVisitor:visitMethod:156]: visiting hasTileEntity#()Z
[21:01:27] [Server thread/INFO] [STDOUT]: [com.goodbird.cnpcgeckoaddon.hooklib.asm.ClassMetadataReader$FindMethodClassVisitor:visitMethod:156]: visiting setTile#(Lnet/minecraft/tileentity/TileEntity;)V
[21:01:27] [Server thread/INFO] [STDOUT]: [com.goodbird.cnpcgeckoaddon.hooklib.asm.ClassMetadataReader$FindMethodClassVisitor:visitMethod:156]: visiting getTileEntityNBT#()Lnoppes/npcs/api/INbt;
[21:01:27] [Server thread/INFO] [STDOUT]: [com.goodbird.cnpcgeckoaddon.hooklib.asm.ClassMetadataReader$FindMethodClassVisitor:visitMethod:156]: visiting setTileEntityNBT#(Lnoppes/npcs/api/INbt;)V
[21:01:27] [Server thread/INFO] [STDOUT]: [com.goodbird.cnpcgeckoaddon.hooklib.asm.ClassMetadataReader$FindMethodClassVisitor:visitMethod:156]: visiting getMCTileEntity#()Lnet/minecraft/tileentity/TileEntity;
[21:01:27] [Server thread/INFO] [STDOUT]: [com.goodbird.cnpcgeckoaddon.hooklib.asm.ClassMetadataReader$FindMethodClassVisitor:visitMethod:156]: visiting getMCBlockState#()Lnet/minecraft/block/state/IBlockState;
[21:01:27] [Server thread/INFO] [STDOUT]: [com.goodbird.cnpcgeckoaddon.hooklib.asm.ClassMetadataReader$FindMethodClassVisitor:visitMethod:156]: visiting blockEvent#(II)V
[21:01:27] [Server thread/INFO] [STDOUT]: [com.goodbird.cnpcgeckoaddon.hooklib.asm.ClassMetadataReader$FindMethodClassVisitor:visitMethod:156]: visiting interact#(I)V
[21:01:27] [Server thread/INFO] [STDOUT]: [com.goodbird.cnpcgeckoaddon.hooklib.asm.ClassMetadataReader$FindMethodClassVisitor:visitMethod:156]: visiting setBlock#(Lnoppes/npcs/api/block/IBlock;)Lnoppes/npcs/api/block/IBlock;
[21:01:27] [Server thread/INFO] [STDOUT]: [com.goodbird.cnpcgeckoaddon.hooklib.asm.ClassMetadataReader$FindMethodClassVisitor:visitMethod:156]: visiting setBlock#(Ljava/lang/String;)Lnoppes/npcs/api/block/IBlock;
[21:01:27] [Server thread/INFO] [STDOUT]: [com.goodbird.cnpcgeckoaddon.hooklib.asm.ClassMetadataReader$FindMethodClassVisitor:visitMethod:156]: visiting <clinit>#()V
[21:01:27] [Server thread/INFO] [STDOUT]: [com.goodbird.cnpcgeckoaddon.hooklib.asm.ClassMetadataReader$FindMethodClassVisitor:visitMethod:156]: visiting <init>#(Lnet/minecraft/world/World;Lnet/minecraft/block/Block;Lnet/minecraft/util/math/BlockPos;)V
[21:01:27] [Server thread/INFO] [STDOUT]: [com.goodbird.cnpcgeckoaddon.hooklib.asm.ClassMetadataReader$FindMethodClassVisitor:visitMethod:156]: visiting setModel#(Lnoppes/npcs/api/item/IItemStack;)V
[21:01:27] [Server thread/INFO] [STDOUT]: [com.goodbird.cnpcgeckoaddon.hooklib.asm.ClassMetadataReader$FindMethodClassVisitor:visitMethod:156]: visiting setModel#(Ljava/lang/String;)V
[21:01:27] [Server thread/INFO] [STDOUT]: [com.goodbird.cnpcgeckoaddon.hooklib.asm.ClassMetadataReader$FindMethodClassVisitor:visitMethod:156]: visiting getModel#()Lnoppes/npcs/api/item/IItemStack;
[21:01:27] [Server thread/INFO] [STDOUT]: [com.goodbird.cnpcgeckoaddon.hooklib.asm.ClassMetadataReader$FindMethodClassVisitor:visitMethod:156]: visiting setRedstonePower#(I)V
[21:01:27] [Server thread/INFO] [STDOUT]: [com.goodbird.cnpcgeckoaddon.hooklib.asm.ClassMetadataReader$FindMethodClassVisitor:visitMethod:156]: visiting getRedstonePower#()I
[21:01:27] [Server thread/INFO] [STDOUT]: [com.goodbird.cnpcgeckoaddon.hooklib.asm.ClassMetadataReader$FindMethodClassVisitor:visitMethod:156]: visiting setIsLadder#(Z)V
[21:01:27] [Server thread/INFO] [STDOUT]: [com.goodbird.cnpcgeckoaddon.hooklib.asm.ClassMetadataReader$FindMethodClassVisitor:visitMethod:156]: visiting getIsLadder#()Z
[21:01:27] [Server thread/INFO] [STDOUT]: [com.goodbird.cnpcgeckoaddon.hooklib.asm.ClassMetadataReader$FindMethodClassVisitor:visitMethod:156]: visiting setIsPassible#(Z)V
[21:01:27] [Server thread/INFO] [STDOUT]: [com.goodbird.cnpcgeckoaddon.hooklib.asm.ClassMetadataReader$FindMethodClassVisitor:visitMethod:156]: visiting getIsPassible#()Z
[21:01:27] [Server thread/INFO] [STDOUT]: [com.goodbird.cnpcgeckoaddon.hooklib.asm.ClassMetadataReader$FindMethodClassVisitor:visitMethod:156]: visiting setLight#(I)V
[21:01:27] [Server thread/INFO] [STDOUT]: [com.goodbird.cnpcgeckoaddon.hooklib.asm.ClassMetadataReader$FindMethodClassVisitor:visitMethod:156]: visiting getLight#()I
[21:01:27] [Server thread/INFO] [STDOUT]: [com.goodbird.cnpcgeckoaddon.hooklib.asm.ClassMetadataReader$FindMethodClassVisitor:visitMethod:156]: visiting setScale#(FFF)V
[21:01:27] [Server thread/INFO] [STDOUT]: [com.goodbird.cnpcgeckoaddon.hooklib.asm.ClassMetadataReader$FindMethodClassVisitor:visitMethod:156]: visiting getScaleX#()F
[21:01:27] [Server thread/INFO] [STDOUT]: [com.goodbird.cnpcgeckoaddon.hooklib.asm.ClassMetadataReader$FindMethodClassVisitor:visitMethod:156]: visiting getScaleY#()F
[21:01:27] [Server thread/INFO] [STDOUT]: [com.goodbird.cnpcgeckoaddon.hooklib.asm.ClassMetadataReader$FindMethodClassVisitor:visitMethod:156]: visiting getScaleZ#()F
[21:01:27] [Server thread/INFO] [STDOUT]: [com.goodbird.cnpcgeckoaddon.hooklib.asm.ClassMetadataReader$FindMethodClassVisitor:visitMethod:156]: visiting setRotation#(III)V
[21:01:27] [Server thread/INFO] [STDOUT]: [com.goodbird.cnpcgeckoaddon.hooklib.asm.ClassMetadataReader$FindMethodClassVisitor:visitMethod:156]: visiting getRotationX#()I
[21:01:27] [Server thread/INFO] [STDOUT]: [com.goodbird.cnpcgeckoaddon.hooklib.asm.ClassMetadataReader$FindMethodClassVisitor:visitMethod:156]: visiting getRotationY#()I
[21:01:27] [Server thread/INFO] [STDOUT]: [com.goodbird.cnpcgeckoaddon.hooklib.asm.ClassMetadataReader$FindMethodClassVisitor:visitMethod:156]: visiting getRotationZ#()I
[21:01:27] [Server thread/INFO] [STDOUT]: [com.goodbird.cnpcgeckoaddon.hooklib.asm.ClassMetadataReader$FindMethodClassVisitor:visitMethod:156]: visiting getHardness#()F
[21:01:27] [Server thread/INFO] [STDOUT]: [com.goodbird.cnpcgeckoaddon.hooklib.asm.ClassMetadataReader$FindMethodClassVisitor:visitMethod:156]: visiting setHardness#(F)V
[21:01:27] [Server thread/INFO] [STDOUT]: [com.goodbird.cnpcgeckoaddon.hooklib.asm.ClassMetadataReader$FindMethodClassVisitor:visitMethod:156]: visiting getResistance#()F
[21:01:27] [Server thread/INFO] [STDOUT]: [com.goodbird.cnpcgeckoaddon.hooklib.asm.ClassMetadataReader$FindMethodClassVisitor:visitMethod:156]: visiting setResistance#(F)V
[21:01:27] [Server thread/INFO] [STDOUT]: [com.goodbird.cnpcgeckoaddon.hooklib.asm.ClassMetadataReader$FindMethodClassVisitor:visitMethod:156]: visiting executeCommand#(Ljava/lang/String;)Ljava/lang/String;
[21:01:27] [Server thread/INFO] [STDOUT]: [com.goodbird.cnpcgeckoaddon.hooklib.asm.ClassMetadataReader$FindMethodClassVisitor:visitMethod:156]: visiting getTextPlane#()Lnoppes/npcs/api/block/ITextPlane;
[21:01:27] [Server thread/INFO] [STDOUT]: [com.goodbird.cnpcgeckoaddon.hooklib.asm.ClassMetadataReader$FindMethodClassVisitor:visitMethod:156]: visiting getTextPlane2#()Lnoppes/npcs/api/block/ITextPlane;
[21:01:27] [Server thread/INFO] [STDOUT]: [com.goodbird.cnpcgeckoaddon.hooklib.asm.ClassMetadataReader$FindMethodClassVisitor:visitMethod:156]: visiting getTextPlane3#()Lnoppes/npcs/api/block/ITextPlane;
[21:01:27] [Server thread/INFO] [STDOUT]: [com.goodbird.cnpcgeckoaddon.hooklib.asm.ClassMetadataReader$FindMethodClassVisitor:visitMethod:156]: visiting getTextPlane4#()Lnoppes/npcs/api/block/ITextPlane;
[21:01:27] [Server thread/INFO] [STDOUT]: [com.goodbird.cnpcgeckoaddon.hooklib.asm.ClassMetadataReader$FindMethodClassVisitor:visitMethod:156]: visiting getTextPlane5#()Lnoppes/npcs/api/block/ITextPlane;
[21:01:27] [Server thread/INFO] [STDOUT]: [com.goodbird.cnpcgeckoaddon.hooklib.asm.ClassMetadataReader$FindMethodClassVisitor:visitMethod:156]: visiting getTextPlane6#()Lnoppes/npcs/api/block/ITextPlane;
[21:01:27] [Server thread/INFO] [STDOUT]: [com.goodbird.cnpcgeckoaddon.hooklib.asm.ClassMetadataReader$FindMethodClassVisitor:visitMethod:156]: visiting getTimers#()Lnoppes/npcs/api/ITimers;
[21:01:27] [Server thread/INFO] [STDOUT]: [com.goodbird.cnpcgeckoaddon.hooklib.asm.ClassMetadataReader$FindMethodClassVisitor:visitMethod:156]: visiting setTile#(Lnet/minecraft/tileentity/TileEntity;)V
[21:01:27] [Server thread/INFO] [STDOUT]: [com.goodbird.cnpcgeckoaddon.hooklib.asm.ClassMetadataReader$FindMethodClassVisitor:visitMethod:156]: visiting <init>#(Lnet/minecraft/world/World;Lnet/minecraft/block/Block;Lnet/minecraft/util/math/BlockPos;)V
[21:01:27] [Server thread/INFO] [STDOUT]: [com.goodbird.cnpcgeckoaddon.hooklib.asm.ClassMetadataReader$FindMethodClassVisitor:visitMethod:156]: visiting getX#()I
[21:01:27] [Server thread/INFO] [STDOUT]: [com.goodbird.cnpcgeckoaddon.hooklib.asm.ClassMetadataReader$FindMethodClassVisitor:visitMethod:156]: visiting getY#()I
[21:01:27] [Server thread/INFO] [STDOUT]: [com.goodbird.cnpcgeckoaddon.hooklib.asm.ClassMetadataReader$FindMethodClassVisitor:visitMethod:156]: visiting getZ#()I
[21:01:27] [Server thread/INFO] [STDOUT]: [com.goodbird.cnpcgeckoaddon.hooklib.asm.ClassMetadataReader$FindMethodClassVisitor:visitMethod:156]: visiting getPos#()Lnoppes/npcs/api/IPos;
[21:01:27] [Server thread/INFO] [STDOUT]: [com.goodbird.cnpcgeckoaddon.hooklib.asm.ClassMetadataReader$FindMethodClassVisitor:visitMethod:156]: visiting getMetadata#()I
[21:01:27] [Server thread/INFO] [STDOUT]: [com.goodbird.cnpcgeckoaddon.hooklib.asm.ClassMetadataReader$FindMethodClassVisitor:visitMethod:156]: visiting setMetadata#(I)V
[21:01:27] [Server thread/INFO] [STDOUT]: [com.goodbird.cnpcgeckoaddon.hooklib.asm.ClassMetadataReader$FindMethodClassVisitor:visitMethod:156]: visiting remove#()V
[21:01:27] [Server thread/INFO] [STDOUT]: [com.goodbird.cnpcgeckoaddon.hooklib.asm.ClassMetadataReader$FindMethodClassVisitor:visitMethod:156]: visiting isRemoved#()Z
[21:01:27] [Server thread/INFO] [STDOUT]: [com.goodbird.cnpcgeckoaddon.hooklib.asm.ClassMetadataReader$FindMethodClassVisitor:visitMethod:156]: visiting isAir#()Z
[21:01:27] [Server thread/INFO] [STDOUT]: [com.goodbird.cnpcgeckoaddon.hooklib.asm.ClassMetadataReader$FindMethodClassVisitor:visitMethod:156]: visiting setBlock#(Ljava/lang/String;)Lnoppes/npcs/api/wrapper/BlockWrapper;
[21:01:27] [Server thread/INFO] [STDOUT]: [com.goodbird.cnpcgeckoaddon.hooklib.asm.ClassMetadataReader$FindMethodClassVisitor:visitMethod:156]: visiting setBlock#(Lnoppes/npcs/api/block/IBlock;)Lnoppes/npcs/api/wrapper/BlockWrapper;
[21:01:27] [Server thread/INFO] [STDOUT]: [com.goodbird.cnpcgeckoaddon.hooklib.asm.ClassMetadataReader$FindMethodClassVisitor:visitMethod:156]: visiting isContainer#()Z
[21:01:27] [Server thread/INFO] [STDOUT]: [com.goodbird.cnpcgeckoaddon.hooklib.asm.ClassMetadataReader$FindMethodClassVisitor:visitMethod:156]: visiting getContainer#()Lnoppes/npcs/api/IContainer;
[21:01:27] [Server thread/INFO] [STDOUT]: [com.goodbird.cnpcgeckoaddon.hooklib.asm.ClassMetadataReader$FindMethodClassVisitor:visitMethod:156]: visiting getTempdata#()Lnoppes/npcs/api/entity/data/IData;
[21:01:27] [Server thread/INFO] [STDOUT]: [com.goodbird.cnpcgeckoaddon.hooklib.asm.ClassMetadataReader$FindMethodClassVisitor:visitMethod:156]: visiting getStoreddata#()Lnoppes/npcs/api/entity/data/IData;
[21:01:27] [Server thread/INFO] [STDOUT]: [com.goodbird.cnpcgeckoaddon.hooklib.asm.ClassMetadataReader$FindMethodClassVisitor:visitMethod:156]: visiting getName#()Ljava/lang/String;
[21:01:27] [Server thread/INFO] [STDOUT]: [com.goodbird.cnpcgeckoaddon.hooklib.asm.ClassMetadataReader$FindMethodClassVisitor:visitMethod:156]: visiting getDisplayName#()Ljava/lang/String;
[21:01:27] [Server thread/INFO] [STDOUT]: [com.goodbird.cnpcgeckoaddon.hooklib.asm.ClassMetadataReader$FindMethodClassVisitor:visitMethod:156]: visiting getWorld#()Lnoppes/npcs/api/IWorld;
[21:01:27] [Server thread/INFO] [STDOUT]: [com.goodbird.cnpcgeckoaddon.hooklib.asm.ClassMetadataReader$FindMethodClassVisitor:visitMethod:156]: visiting getMCBlock#()Lnet/minecraft/block/Block;
[21:01:27] [Server thread/INFO] [STDOUT]: [com.goodbird.cnpcgeckoaddon.hooklib.asm.ClassMetadataReader$FindMethodClassVisitor:visitMethod:156]: visiting createNew#(Lnet/minecraft/world/World;Lnet/minecraft/util/math/BlockPos;Lnet/minecraft/block/state/IBlockState;)Lnoppes/npcs/api/block/IBlock;
[21:01:27] [Server thread/INFO] [STDOUT]: [com.goodbird.cnpcgeckoaddon.hooklib.asm.ClassMetadataReader$FindMethodClassVisitor:visitMethod:156]: visiting clearCache#()V
[21:01:27] [Server thread/INFO] [STDOUT]: [com.goodbird.cnpcgeckoaddon.hooklib.asm.ClassMetadataReader$FindMethodClassVisitor:visitMethod:156]: visiting hasTileEntity#()Z
[21:01:27] [Server thread/INFO] [STDOUT]: [com.goodbird.cnpcgeckoaddon.hooklib.asm.ClassMetadataReader$FindMethodClassVisitor:visitMethod:156]: visiting setTile#(Lnet/minecraft/tileentity/TileEntity;)V
[21:01:27] [Server thread/INFO] [STDOUT]: [com.goodbird.cnpcgeckoaddon.hooklib.asm.ClassMetadataReader$FindMethodClassVisitor:visitMethod:156]: visiting getTileEntityNBT#()Lnoppes/npcs/api/INbt;
[21:01:27] [Server thread/INFO] [STDOUT]: [com.goodbird.cnpcgeckoaddon.hooklib.asm.ClassMetadataReader$FindMethodClassVisitor:visitMethod:156]: visiting setTileEntityNBT#(Lnoppes/npcs/api/INbt;)V
[21:01:27] [Server thread/INFO] [STDOUT]: [com.goodbird.cnpcgeckoaddon.hooklib.asm.ClassMetadataReader$FindMethodClassVisitor:visitMethod:156]: visiting getMCTileEntity#()Lnet/minecraft/tileentity/TileEntity;
[21:01:27] [Server thread/INFO] [STDOUT]: [com.goodbird.cnpcgeckoaddon.hooklib.asm.ClassMetadataReader$FindMethodClassVisitor:visitMethod:156]: visiting getMCBlockState#()Lnet/minecraft/block/state/IBlockState;
[21:01:27] [Server thread/INFO] [STDOUT]: [com.goodbird.cnpcgeckoaddon.hooklib.asm.ClassMetadataReader$FindMethodClassVisitor:visitMethod:156]: visiting blockEvent#(II)V
[21:01:27] [Server thread/INFO] [STDOUT]: [com.goodbird.cnpcgeckoaddon.hooklib.asm.ClassMetadataReader$FindMethodClassVisitor:visitMethod:156]: visiting interact#(I)V
[21:01:27] [Server thread/INFO] [STDOUT]: [com.goodbird.cnpcgeckoaddon.hooklib.asm.ClassMetadataReader$FindMethodClassVisitor:visitMethod:156]: visiting setBlock#(Lnoppes/npcs/api/block/IBlock;)Lnoppes/npcs/api/block/IBlock;
[21:01:27] [Server thread/INFO] [STDOUT]: [com.goodbird.cnpcgeckoaddon.hooklib.asm.ClassMetadataReader$FindMethodClassVisitor:visitMethod:156]: visiting setBlock#(Ljava/lang/String;)Lnoppes/npcs/api/block/IBlock;
[21:01:27] [Server thread/INFO] [STDOUT]: [com.goodbird.cnpcgeckoaddon.hooklib.asm.ClassMetadataReader$FindMethodClassVisitor:visitMethod:156]: visiting <clinit>#()V
[21:01:27] [Server thread/INFO] [STDOUT]: [com.goodbird.cnpcgeckoaddon.hooklib.asm.ClassMetadataReader$FindMethodClassVisitor:visitMethod:156]: visiting <init>#(Lnet/minecraft/world/World;Lnet/minecraft/block/Block;Lnet/minecraft/util/math/BlockPos;)V
[21:01:27] [Server thread/INFO] [STDOUT]: [com.goodbird.cnpcgeckoaddon.hooklib.asm.ClassMetadataReader$FindMethodClassVisitor:visitMethod:156]: visiting setModel#(Lnoppes/npcs/api/item/IItemStack;)V
[21:01:27] [Server thread/INFO] [STDOUT]: [com.goodbird.cnpcgeckoaddon.hooklib.asm.ClassMetadataReader$FindMethodClassVisitor:visitMethod:156]: visiting setModel#(Ljava/lang/String;)V
[21:01:27] [Server thread/INFO] [STDOUT]: [com.goodbird.cnpcgeckoaddon.hooklib.asm.ClassMetadataReader$FindMethodClassVisitor:visitMethod:156]: visiting getModel#()Lnoppes/npcs/api/item/IItemStack;
[21:01:27] [Server thread/INFO] [STDOUT]: [com.goodbird.cnpcgeckoaddon.hooklib.asm.ClassMetadataReader$FindMethodClassVisitor:visitMethod:156]: visiting setRedstonePower#(I)V
[21:01:27] [Server thread/INFO] [STDOUT]: [com.goodbird.cnpcgeckoaddon.hooklib.asm.ClassMetadataReader$FindMethodClassVisitor:visitMethod:156]: visiting getRedstonePower#()I
[21:01:27] [Server thread/INFO] [STDOUT]: [com.goodbird.cnpcgeckoaddon.hooklib.asm.ClassMetadataReader$FindMethodClassVisitor:visitMethod:156]: visiting setIsLadder#(Z)V
[21:01:27] [Server thread/INFO] [STDOUT]: [com.goodbird.cnpcgeckoaddon.hooklib.asm.ClassMetadataReader$FindMethodClassVisitor:visitMethod:156]: visiting getIsLadder#()Z
[21:01:27] [Server thread/INFO] [STDOUT]: [com.goodbird.cnpcgeckoaddon.hooklib.asm.ClassMetadataReader$FindMethodClassVisitor:visitMethod:156]: visiting setIsPassible#(Z)V
[21:01:27] [Server thread/INFO] [STDOUT]: [com.goodbird.cnpcgeckoaddon.hooklib.asm.ClassMetadataReader$FindMethodClassVisitor:visitMethod:156]: visiting getIsPassible#()Z
[21:01:27] [Server thread/INFO] [STDOUT]: [com.goodbird.cnpcgeckoaddon.hooklib.asm.ClassMetadataReader$FindMethodClassVisitor:visitMethod:156]: visiting setLight#(I)V
[21:01:27] [Server thread/INFO] [STDOUT]: [com.goodbird.cnpcgeckoaddon.hooklib.asm.ClassMetadataReader$FindMethodClassVisitor:visitMethod:156]: visiting getLight#()I
[21:01:27] [Server thread/INFO] [STDOUT]: [com.goodbird.cnpcgeckoaddon.hooklib.asm.ClassMetadataReader$FindMethodClassVisitor:visitMethod:156]: visiting setScale#(FFF)V
[21:01:27] [Server thread/INFO] [STDOUT]: [com.goodbird.cnpcgeckoaddon.hooklib.asm.ClassMetadataReader$FindMethodClassVisitor:visitMethod:156]: visiting getScaleX#()F
[21:01:27] [Server thread/INFO] [STDOUT]: [com.goodbird.cnpcgeckoaddon.hooklib.asm.ClassMetadataReader$FindMethodClassVisitor:visitMethod:156]: visiting getScaleY#()F
[21:01:27] [Server thread/INFO] [STDOUT]: [com.goodbird.cnpcgeckoaddon.hooklib.asm.ClassMetadataReader$FindMethodClassVisitor:visitMethod:156]: visiting getScaleZ#()F
[21:01:27] [Server thread/INFO] [STDOUT]: [com.goodbird.cnpcgeckoaddon.hooklib.asm.ClassMetadataReader$FindMethodClassVisitor:visitMethod:156]: visiting setRotation#(III)V
[21:01:27] [Server thread/INFO] [STDOUT]: [com.goodbird.cnpcgeckoaddon.hooklib.asm.ClassMetadataReader$FindMethodClassVisitor:visitMethod:156]: visiting getRotationX#()I
[21:01:27] [Server thread/INFO] [STDOUT]: [com.goodbird.cnpcgeckoaddon.hooklib.asm.ClassMetadataReader$FindMethodClassVisitor:visitMethod:156]: visiting getRotationY#()I
[21:01:27] [Server thread/INFO] [STDOUT]: [com.goodbird.cnpcgeckoaddon.hooklib.asm.ClassMetadataReader$FindMethodClassVisitor:visitMethod:156]: visiting getRotationZ#()I
[21:01:27] [Server thread/INFO] [STDOUT]: [com.goodbird.cnpcgeckoaddon.hooklib.asm.ClassMetadataReader$FindMethodClassVisitor:visitMethod:156]: visiting getHardness#()F
[21:01:27] [Server thread/INFO] [STDOUT]: [com.goodbird.cnpcgeckoaddon.hooklib.asm.ClassMetadataReader$FindMethodClassVisitor:visitMethod:156]: visiting setHardness#(F)V
[21:01:27] [Server thread/INFO] [STDOUT]: [com.goodbird.cnpcgeckoaddon.hooklib.asm.ClassMetadataReader$FindMethodClassVisitor:visitMethod:156]: visiting getResistance#()F
[21:01:27] [Server thread/INFO] [STDOUT]: [com.goodbird.cnpcgeckoaddon.hooklib.asm.ClassMetadataReader$FindMethodClassVisitor:visitMethod:156]: visiting setResistance#(F)V
[21:01:27] [Server thread/INFO] [STDOUT]: [com.goodbird.cnpcgeckoaddon.hooklib.asm.ClassMetadataReader$FindMethodClassVisitor:visitMethod:156]: visiting executeCommand#(Ljava/lang/String;)Ljava/lang/String;
[21:01:27] [Server thread/INFO] [STDOUT]: [com.goodbird.cnpcgeckoaddon.hooklib.asm.ClassMetadataReader$FindMethodClassVisitor:visitMethod:156]: visiting getTextPlane#()Lnoppes/npcs/api/block/ITextPlane;
[21:01:27] [Server thread/INFO] [STDOUT]: [com.goodbird.cnpcgeckoaddon.hooklib.asm.ClassMetadataReader$FindMethodClassVisitor:visitMethod:156]: visiting getTextPlane2#()Lnoppes/npcs/api/block/ITextPlane;
[21:01:27] [Server thread/INFO] [STDOUT]: [com.goodbird.cnpcgeckoaddon.hooklib.asm.ClassMetadataReader$FindMethodClassVisitor:visitMethod:156]: visiting getTextPlane3#()Lnoppes/npcs/api/block/ITextPlane;
[21:01:27] [Server thread/INFO] [STDOUT]: [com.goodbird.cnpcgeckoaddon.hooklib.asm.ClassMetadataReader$FindMethodClassVisitor:visitMethod:156]: visiting getTextPlane4#()Lnoppes/npcs/api/block/ITextPlane;
[21:01:27] [Server thread/INFO] [STDOUT]: [com.goodbird.cnpcgeckoaddon.hooklib.asm.ClassMetadataReader$FindMethodClassVisitor:visitMethod:156]: visiting getTextPlane5#()Lnoppes/npcs/api/block/ITextPlane;
[21:01:27] [Server thread/INFO] [STDOUT]: [com.goodbird.cnpcgeckoaddon.hooklib.asm.ClassMetadataReader$FindMethodClassVisitor:visitMethod:156]: visiting getTextPlane6#()Lnoppes/npcs/api/block/ITextPlane;
[21:01:27] [Server thread/INFO] [STDOUT]: [com.goodbird.cnpcgeckoaddon.hooklib.asm.ClassMetadataReader$FindMethodClassVisitor:visitMethod:156]: visiting getTimers#()Lnoppes/npcs/api/ITimers;
[21:01:27] [Server thread/INFO] [STDOUT]: [com.goodbird.cnpcgeckoaddon.hooklib.asm.ClassMetadataReader$FindMethodClassVisitor:visitMethod:156]: visiting setTile#(Lnet/minecraft/tileentity/TileEntity;)V
[21:01:27] [Server thread/INFO] [STDOUT]: [com.goodbird.cnpcgeckoaddon.hooklib.asm.ClassMetadataReader$FindMethodClassVisitor:visitMethod:156]: visiting <init>#(Lnet/minecraft/world/World;Lnet/minecraft/block/Block;Lnet/minecraft/util/math/BlockPos;)V
[21:01:27] [Server thread/INFO] [STDOUT]: [com.goodbird.cnpcgeckoaddon.hooklib.asm.ClassMetadataReader$FindMethodClassVisitor:visitMethod:156]: visiting getX#()I
[21:01:27] [Server thread/INFO] [STDOUT]: [com.goodbird.cnpcgeckoaddon.hooklib.asm.ClassMetadataReader$FindMethodClassVisitor:visitMethod:156]: visiting getY#()I
[21:01:27] [Server thread/INFO] [STDOUT]: [com.goodbird.cnpcgeckoaddon.hooklib.asm.ClassMetadataReader$FindMethodClassVisitor:visitMethod:156]: visiting getZ#()I
[21:01:27] [Server thread/INFO] [STDOUT]: [com.goodbird.cnpcgeckoaddon.hooklib.asm.ClassMetadataReader$FindMethodClassVisitor:visitMethod:156]: visiting getPos#()Lnoppes/npcs/api/IPos;
[21:01:27] [Server thread/INFO] [STDOUT]: [com.goodbird.cnpcgeckoaddon.hooklib.asm.ClassMetadataReader$FindMethodClassVisitor:visitMethod:156]: visiting getMetadata#()I
[21:01:27] [Server thread/INFO] [STDOUT]: [com.goodbird.cnpcgeckoaddon.hooklib.asm.ClassMetadataReader$FindMethodClassVisitor:visitMethod:156]: visiting setMetadata#(I)V
[21:01:27] [Server thread/INFO] [STDOUT]: [com.goodbird.cnpcgeckoaddon.hooklib.asm.ClassMetadataReader$FindMethodClassVisitor:visitMethod:156]: visiting remove#()V
[21:01:27] [Server thread/INFO] [STDOUT]: [com.goodbird.cnpcgeckoaddon.hooklib.asm.ClassMetadataReader$FindMethodClassVisitor:visitMethod:156]: visiting isRemoved#()Z
[21:01:27] [Server thread/INFO] [STDOUT]: [com.goodbird.cnpcgeckoaddon.hooklib.asm.ClassMetadataReader$FindMethodClassVisitor:visitMethod:156]: visiting isAir#()Z
[21:01:27] [Server thread/INFO] [STDOUT]: [com.goodbird.cnpcgeckoaddon.hooklib.asm.ClassMetadataReader$FindMethodClassVisitor:visitMethod:156]: visiting setBlock#(Ljava/lang/String;)Lnoppes/npcs/api/wrapper/BlockWrapper;
[21:01:27] [Server thread/INFO] [STDOUT]: [com.goodbird.cnpcgeckoaddon.hooklib.asm.ClassMetadataReader$FindMethodClassVisitor:visitMethod:156]: visiting setBlock#(Lnoppes/npcs/api/block/IBlock;)Lnoppes/npcs/api/wrapper/BlockWrapper;
[21:01:27] [Server thread/INFO] [STDOUT]: [com.goodbird.cnpcgeckoaddon.hooklib.asm.ClassMetadataReader$FindMethodClassVisitor:visitMethod:156]: visiting isContainer#()Z
[21:01:27] [Server thread/INFO] [STDOUT]: [com.goodbird.cnpcgeckoaddon.hooklib.asm.ClassMetadataReader$FindMethodClassVisitor:visitMethod:156]: visiting getContainer#()Lnoppes/npcs/api/IContainer;
[21:01:27] [Server thread/INFO] [STDOUT]: [com.goodbird.cnpcgeckoaddon.hooklib.asm.ClassMetadataReader$FindMethodClassVisitor:visitMethod:156]: visiting getTempdata#()Lnoppes/npcs/api/entity/data/IData;
[21:01:27] [Server thread/INFO] [STDOUT]: [com.goodbird.cnpcgeckoaddon.hooklib.asm.ClassMetadataReader$FindMethodClassVisitor:visitMethod:156]: visiting getStoreddata#()Lnoppes/npcs/api/entity/data/IData;
[21:01:27] [Server thread/INFO] [STDOUT]: [com.goodbird.cnpcgeckoaddon.hooklib.asm.ClassMetadataReader$FindMethodClassVisitor:visitMethod:156]: visiting getName#()Ljava/lang/String;
[21:01:27] [Server thread/INFO] [STDOUT]: [com.goodbird.cnpcgeckoaddon.hooklib.asm.ClassMetadataReader$FindMethodClassVisitor:visitMethod:156]: visiting getDisplayName#()Ljava/lang/String;
[21:01:27] [Server thread/INFO] [STDOUT]: [com.goodbird.cnpcgeckoaddon.hooklib.asm.ClassMetadataReader$FindMethodClassVisitor:visitMethod:156]: visiting getWorld#()Lnoppes/npcs/api/IWorld;
[21:01:27] [Server thread/INFO] [STDOUT]: [com.goodbird.cnpcgeckoaddon.hooklib.asm.ClassMetadataReader$FindMethodClassVisitor:visitMethod:156]: visiting getMCBlock#()Lnet/minecraft/block/Block;
[21:01:27] [Server thread/INFO] [STDOUT]: [com.goodbird.cnpcgeckoaddon.hooklib.asm.ClassMetadataReader$FindMethodClassVisitor:visitMethod:156]: visiting createNew#(Lnet/minecraft/world/World;Lnet/minecraft/util/math/BlockPos;Lnet/minecraft/block/state/IBlockState;)Lnoppes/npcs/api/block/IBlock;
[21:01:27] [Server thread/INFO] [STDOUT]: [com.goodbird.cnpcgeckoaddon.hooklib.asm.ClassMetadataReader$FindMethodClassVisitor:visitMethod:156]: visiting clearCache#()V
[21:01:27] [Server thread/INFO] [STDOUT]: [com.goodbird.cnpcgeckoaddon.hooklib.asm.ClassMetadataReader$FindMethodClassVisitor:visitMethod:156]: visiting hasTileEntity#()Z
[21:01:27] [Server thread/INFO] [STDOUT]: [com.goodbird.cnpcgeckoaddon.hooklib.asm.ClassMetadataReader$FindMethodClassVisitor:visitMethod:156]: visiting setTile#(Lnet/minecraft/tileentity/TileEntity;)V
[21:01:27] [Server thread/INFO] [STDOUT]: [com.goodbird.cnpcgeckoaddon.hooklib.asm.ClassMetadataReader$FindMethodClassVisitor:visitMethod:156]: visiting getTileEntityNBT#()Lnoppes/npcs/api/INbt;
[21:01:27] [Server thread/INFO] [STDOUT]: [com.goodbird.cnpcgeckoaddon.hooklib.asm.ClassMetadataReader$FindMethodClassVisitor:visitMethod:156]: visiting setTileEntityNBT#(Lnoppes/npcs/api/INbt;)V
[21:01:27] [Server thread/INFO] [STDOUT]: [com.goodbird.cnpcgeckoaddon.hooklib.asm.ClassMetadataReader$FindMethodClassVisitor:visitMethod:156]: visiting getMCTileEntity#()Lnet/minecraft/tileentity/TileEntity;
[21:01:27] [Server thread/INFO] [STDOUT]: [com.goodbird.cnpcgeckoaddon.hooklib.asm.ClassMetadataReader$FindMethodClassVisitor:visitMethod:156]: visiting getMCBlockState#()Lnet/minecraft/block/state/IBlockState;
[21:01:27] [Server thread/INFO] [STDOUT]: [com.goodbird.cnpcgeckoaddon.hooklib.asm.ClassMetadataReader$FindMethodClassVisitor:visitMethod:156]: visiting blockEvent#(II)V
[21:01:27] [Server thread/INFO] [STDOUT]: [com.goodbird.cnpcgeckoaddon.hooklib.asm.ClassMetadataReader$FindMethodClassVisitor:visitMethod:156]: visiting interact#(I)V
[21:01:27] [Server thread/INFO] [STDOUT]: [com.goodbird.cnpcgeckoaddon.hooklib.asm.ClassMetadataReader$FindMethodClassVisitor:visitMethod:156]: visiting setBlock#(Lnoppes/npcs/api/block/IBlock;)Lnoppes/npcs/api/block/IBlock;
[21:01:27] [Server thread/INFO] [STDOUT]: [com.goodbird.cnpcgeckoaddon.hooklib.asm.ClassMetadataReader$FindMethodClassVisitor:visitMethod:156]: visiting setBlock#(Ljava/lang/String;)Lnoppes/npcs/api/block/IBlock;
[21:01:27] [Server thread/INFO] [STDOUT]: [com.goodbird.cnpcgeckoaddon.hooklib.asm.ClassMetadataReader$FindMethodClassVisitor:visitMethod:156]: visiting <clinit>#()V
[21:01:27] [Server thread/INFO] [STDOUT]: [com.goodbird.cnpcgeckoaddon.hooklib.asm.ClassMetadataReader$FindMethodClassVisitor:visitMethod:156]: visiting <init>#(Lnet/minecraft/world/World;Lnet/minecraft/block/Block;Lnet/minecraft/util/math/BlockPos;)V
[21:01:27] [Server thread/INFO] [STDOUT]: [com.goodbird.cnpcgeckoaddon.hooklib.asm.ClassMetadataReader$FindMethodClassVisitor:visitMethod:156]: visiting setModel#(Lnoppes/npcs/api/item/IItemStack;)V
[21:01:27] [Server thread/INFO] [STDOUT]: [com.goodbird.cnpcgeckoaddon.hooklib.asm.ClassMetadataReader$FindMethodClassVisitor:visitMethod:156]: visiting setModel#(Ljava/lang/String;)V
[21:01:27] [Server thread/INFO] [STDOUT]: [com.goodbird.cnpcgeckoaddon.hooklib.asm.ClassMetadataReader$FindMethodClassVisitor:visitMethod:156]: visiting getModel#()Lnoppes/npcs/api/item/IItemStack;
[21:01:27] [Server thread/INFO] [STDOUT]: [com.goodbird.cnpcgeckoaddon.hooklib.asm.ClassMetadataReader$FindMethodClassVisitor:visitMethod:156]: visiting setRedstonePower#(I)V
[21:01:27] [Server thread/INFO] [STDOUT]: [com.goodbird.cnpcgeckoaddon.hooklib.asm.ClassMetadataReader$FindMethodClassVisitor:visitMethod:156]: visiting getRedstonePower#()I
[21:01:27] [Server thread/INFO] [STDOUT]: [com.goodbird.cnpcgeckoaddon.hooklib.asm.ClassMetadataReader$FindMethodClassVisitor:visitMethod:156]: visiting setIsLadder#(Z)V
[21:01:27] [Server thread/INFO] [STDOUT]: [com.goodbird.cnpcgeckoaddon.hooklib.asm.ClassMetadataReader$FindMethodClassVisitor:visitMethod:156]: visiting getIsLadder#()Z
[21:01:27] [Server thread/INFO] [STDOUT]: [com.goodbird.cnpcgeckoaddon.hooklib.asm.ClassMetadataReader$FindMethodClassVisitor:visitMethod:156]: visiting setIsPassible#(Z)V
[21:01:27] [Server thread/INFO] [STDOUT]: [com.goodbird.cnpcgeckoaddon.hooklib.asm.ClassMetadataReader$FindMethodClassVisitor:visitMethod:156]: visiting getIsPassible#()Z
[21:01:27] [Server thread/INFO] [STDOUT]: [com.goodbird.cnpcgeckoaddon.hooklib.asm.ClassMetadataReader$FindMethodClassVisitor:visitMethod:156]: visiting setLight#(I)V
[21:01:27] [Server thread/INFO] [STDOUT]: [com.goodbird.cnpcgeckoaddon.hooklib.asm.ClassMetadataReader$FindMethodClassVisitor:visitMethod:156]: visiting getLight#()I
[21:01:27] [Server thread/INFO] [STDOUT]: [com.goodbird.cnpcgeckoaddon.hooklib.asm.ClassMetadataReader$FindMethodClassVisitor:visitMethod:156]: visiting setScale#(FFF)V
[21:01:27] [Server thread/INFO] [STDOUT]: [com.goodbird.cnpcgeckoaddon.hooklib.asm.ClassMetadataReader$FindMethodClassVisitor:visitMethod:156]: visiting getScaleX#()F
[21:01:27] [Server thread/INFO] [STDOUT]: [com.goodbird.cnpcgeckoaddon.hooklib.asm.ClassMetadataReader$FindMethodClassVisitor:visitMethod:156]: visiting getScaleY#()F
[21:01:27] [Server thread/INFO] [STDOUT]: [com.goodbird.cnpcgeckoaddon.hooklib.asm.ClassMetadataReader$FindMethodClassVisitor:visitMethod:156]: visiting getScaleZ#()F
[21:01:27] [Server thread/INFO] [STDOUT]: [com.goodbird.cnpcgeckoaddon.hooklib.asm.ClassMetadataReader$FindMethodClassVisitor:visitMethod:156]: visiting setRotation#(III)V
[21:01:27] [Server thread/INFO] [STDOUT]: [com.goodbird.cnpcgeckoaddon.hooklib.asm.ClassMetadataReader$FindMethodClassVisitor:visitMethod:156]: visiting getRotationX#()I
[21:01:27] [Server thread/INFO] [STDOUT]: [com.goodbird.cnpcgeckoaddon.hooklib.asm.ClassMetadataReader$FindMethodClassVisitor:visitMethod:156]: visiting getRotationY#()I
[21:01:27] [Server thread/INFO] [STDOUT]: [com.goodbird.cnpcgeckoaddon.hooklib.asm.ClassMetadataReader$FindMethodClassVisitor:visitMethod:156]: visiting getRotationZ#()I
[21:01:27] [Server thread/INFO] [STDOUT]: [com.goodbird.cnpcgeckoaddon.hooklib.asm.ClassMetadataReader$FindMethodClassVisitor:visitMethod:156]: visiting getHardness#()F
[21:01:27] [Server thread/INFO] [STDOUT]: [com.goodbird.cnpcgeckoaddon.hooklib.asm.ClassMetadataReader$FindMethodClassVisitor:visitMethod:156]: visiting setHardness#(F)V
[21:01:27] [Server thread/INFO] [STDOUT]: [com.goodbird.cnpcgeckoaddon.hooklib.asm.ClassMetadataReader$FindMethodClassVisitor:visitMethod:156]: visiting getResistance#()F
[21:01:27] [Server thread/INFO] [STDOUT]: [com.goodbird.cnpcgeckoaddon.hooklib.asm.ClassMetadataReader$FindMethodClassVisitor:visitMethod:156]: visiting setResistance#(F)V
[21:01:27] [Server thread/INFO] [STDOUT]: [com.goodbird.cnpcgeckoaddon.hooklib.asm.ClassMetadataReader$FindMethodClassVisitor:visitMethod:156]: visiting executeCommand#(Ljava/lang/String;)Ljava/lang/String;
[21:01:27] [Server thread/INFO] [STDOUT]: [com.goodbird.cnpcgeckoaddon.hooklib.asm.ClassMetadataReader$FindMethodClassVisitor:visitMethod:156]: visiting getTextPlane#()Lnoppes/npcs/api/block/ITextPlane;
[21:01:27] [Server thread/INFO] [STDOUT]: [com.goodbird.cnpcgeckoaddon.hooklib.asm.ClassMetadataReader$FindMethodClassVisitor:visitMethod:156]: visiting getTextPlane2#()Lnoppes/npcs/api/block/ITextPlane;
[21:01:27] [Server thread/INFO] [STDOUT]: [com.goodbird.cnpcgeckoaddon.hooklib.asm.ClassMetadataReader$FindMethodClassVisitor:visitMethod:156]: visiting getTextPlane3#()Lnoppes/npcs/api/block/ITextPlane;
[21:01:27] [Server thread/INFO] [STDOUT]: [com.goodbird.cnpcgeckoaddon.hooklib.asm.ClassMetadataReader$FindMethodClassVisitor:visitMethod:156]: visiting getTextPlane4#()Lnoppes/npcs/api/block/ITextPlane;
[21:01:27] [Server thread/INFO] [STDOUT]: [com.goodbird.cnpcgeckoaddon.hooklib.asm.ClassMetadataReader$FindMethodClassVisitor:visitMethod:156]: visiting getTextPlane5#()Lnoppes/npcs/api/block/ITextPlane;
[21:01:27] [Server thread/INFO] [STDOUT]: [com.goodbird.cnpcgeckoaddon.hooklib.asm.ClassMetadataReader$FindMethodClassVisitor:visitMethod:156]: visiting getTextPlane6#()Lnoppes/npcs/api/block/ITextPlane;
[21:01:27] [Server thread/INFO] [STDOUT]: [com.goodbird.cnpcgeckoaddon.hooklib.asm.ClassMetadataReader$FindMethodClassVisitor:visitMethod:156]: visiting getTimers#()Lnoppes/npcs/api/ITimers;
[21:01:27] [Server thread/INFO] [STDOUT]: [com.goodbird.cnpcgeckoaddon.hooklib.asm.ClassMetadataReader$FindMethodClassVisitor:visitMethod:156]: visiting setTile#(Lnet/minecraft/tileentity/TileEntity;)V
[21:01:27] [Server thread/INFO] [STDOUT]: [com.goodbird.cnpcgeckoaddon.hooklib.asm.ClassMetadataReader$FindMethodClassVisitor:visitMethod:156]: visiting <init>#(Lnet/minecraft/world/World;Lnet/minecraft/block/Block;Lnet/minecraft/util/math/BlockPos;)V
[21:01:27] [Server thread/INFO] [STDOUT]: [com.goodbird.cnpcgeckoaddon.hooklib.asm.ClassMetadataReader$FindMethodClassVisitor:visitMethod:156]: visiting getX#()I
[21:01:27] [Server thread/INFO] [STDOUT]: [com.goodbird.cnpcgeckoaddon.hooklib.asm.ClassMetadataReader$FindMethodClassVisitor:visitMethod:156]: visiting getY#()I
[21:01:27] [Server thread/INFO] [STDOUT]: [com.goodbird.cnpcgeckoaddon.hooklib.asm.ClassMetadataReader$FindMethodClassVisitor:visitMethod:156]: visiting getZ#()I
[21:01:27] [Server thread/INFO] [STDOUT]: [com.goodbird.cnpcgeckoaddon.hooklib.asm.ClassMetadataReader$FindMethodClassVisitor:visitMethod:156]: visiting getPos#()Lnoppes/npcs/api/IPos;
[21:01:27] [Server thread/INFO] [STDOUT]: [com.goodbird.cnpcgeckoaddon.hooklib.asm.ClassMetadataReader$FindMethodClassVisitor:visitMethod:156]: visiting getMetadata#()I
[21:01:27] [Server thread/INFO] [STDOUT]: [com.goodbird.cnpcgeckoaddon.hooklib.asm.ClassMetadataReader$FindMethodClassVisitor:visitMethod:156]: visiting setMetadata#(I)V
[21:01:27] [Server thread/INFO] [STDOUT]: [com.goodbird.cnpcgeckoaddon.hooklib.asm.ClassMetadataReader$FindMethodClassVisitor:visitMethod:156]: visiting remove#()V
[21:01:27] [Server thread/INFO] [STDOUT]: [com.goodbird.cnpcgeckoaddon.hooklib.asm.ClassMetadataReader$FindMethodClassVisitor:visitMethod:156]: visiting isRemoved#()Z
[21:01:27] [Server thread/INFO] [STDOUT]: [com.goodbird.cnpcgeckoaddon.hooklib.asm.ClassMetadataReader$FindMethodClassVisitor:visitMethod:156]: visiting isAir#()Z
[21:01:27] [Server thread/INFO] [STDOUT]: [com.goodbird.cnpcgeckoaddon.hooklib.asm.ClassMetadataReader$FindMethodClassVisitor:visitMethod:156]: visiting setBlock#(Ljava/lang/String;)Lnoppes/npcs/api/wrapper/BlockWrapper;
[21:01:27] [Server thread/INFO] [STDOUT]: [com.goodbird.cnpcgeckoaddon.hooklib.asm.ClassMetadataReader$FindMethodClassVisitor:visitMethod:156]: visiting setBlock#(Lnoppes/npcs/api/block/IBlock;)Lnoppes/npcs/api/wrapper/BlockWrapper;
[21:01:27] [Server thread/INFO] [STDOUT]: [com.goodbird.cnpcgeckoaddon.hooklib.asm.ClassMetadataReader$FindMethodClassVisitor:visitMethod:156]: visiting isContainer#()Z
[21:01:27] [Server thread/INFO] [STDOUT]: [com.goodbird.cnpcgeckoaddon.hooklib.asm.ClassMetadataReader$FindMethodClassVisitor:visitMethod:156]: visiting getContainer#()Lnoppes/npcs/api/IContainer;
[21:01:27] [Server thread/INFO] [STDOUT]: [com.goodbird.cnpcgeckoaddon.hooklib.asm.ClassMetadataReader$FindMethodClassVisitor:visitMethod:156]: visiting getTempdata#()Lnoppes/npcs/api/entity/data/IData;
[21:01:27] [Server thread/INFO] [STDOUT]: [com.goodbird.cnpcgeckoaddon.hooklib.asm.ClassMetadataReader$FindMethodClassVisitor:visitMethod:156]: visiting getStoreddata#()Lnoppes/npcs/api/entity/data/IData;
[21:01:27] [Server thread/INFO] [STDOUT]: [com.goodbird.cnpcgeckoaddon.hooklib.asm.ClassMetadataReader$FindMethodClassVisitor:visitMethod:156]: visiting getName#()Ljava/lang/String;
[21:01:27] [Server thread/INFO] [STDOUT]: [com.goodbird.cnpcgeckoaddon.hooklib.asm.ClassMetadataReader$FindMethodClassVisitor:visitMethod:156]: visiting getDisplayName#()Ljava/lang/String;
[21:01:27] [Server thread/INFO] [STDOUT]: [com.goodbird.cnpcgeckoaddon.hooklib.asm.ClassMetadataReader$FindMethodClassVisitor:visitMethod:156]: visiting getWorld#()Lnoppes/npcs/api/IWorld;
[21:01:27] [Server thread/INFO] [STDOUT]: [com.goodbird.cnpcgeckoaddon.hooklib.asm.ClassMetadataReader$FindMethodClassVisitor:visitMethod:156]: visiting getMCBlock#()Lnet/minecraft/block/Block;
[21:01:27] [Server thread/INFO] [STDOUT]: [com.goodbird.cnpcgeckoaddon.hooklib.asm.ClassMetadataReader$FindMethodClassVisitor:visitMethod:156]: visiting createNew#(Lnet/minecraft/world/World;Lnet/minecraft/util/math/BlockPos;Lnet/minecraft/block/state/IBlockState;)Lnoppes/npcs/api/block/IBlock;
[21:01:27] [Server thread/INFO] [STDOUT]: [com.goodbird.cnpcgeckoaddon.hooklib.asm.ClassMetadataReader$FindMethodClassVisitor:visitMethod:156]: visiting clearCache#()V
[21:01:27] [Server thread/INFO] [STDOUT]: [com.goodbird.cnpcgeckoaddon.hooklib.asm.ClassMetadataReader$FindMethodClassVisitor:visitMethod:156]: visiting hasTileEntity#()Z
[21:01:27] [Server thread/INFO] [STDOUT]: [com.goodbird.cnpcgeckoaddon.hooklib.asm.ClassMetadataReader$FindMethodClassVisitor:visitMethod:156]: visiting setTile#(Lnet/minecraft/tileentity/TileEntity;)V
[21:01:27] [Server thread/INFO] [STDOUT]: [com.goodbird.cnpcgeckoaddon.hooklib.asm.ClassMetadataReader$FindMethodClassVisitor:visitMethod:156]: visiting getTileEntityNBT#()Lnoppes/npcs/api/INbt;
[21:01:27] [Server thread/INFO] [STDOUT]: [com.goodbird.cnpcgeckoaddon.hooklib.asm.ClassMetadataReader$FindMethodClassVisitor:visitMethod:156]: visiting setTileEntityNBT#(Lnoppes/npcs/api/INbt;)V
[21:01:27] [Server thread/INFO] [STDOUT]: [com.goodbird.cnpcgeckoaddon.hooklib.asm.ClassMetadataReader$FindMethodClassVisitor:visitMethod:156]: visiting getMCTileEntity#()Lnet/minecraft/tileentity/TileEntity;
[21:01:27] [Server thread/INFO] [STDOUT]: [com.goodbird.cnpcgeckoaddon.hooklib.asm.ClassMetadataReader$FindMethodClassVisitor:visitMethod:156]: visiting getMCBlockState#()Lnet/minecraft/block/state/IBlockState;
[21:01:27] [Server thread/INFO] [STDOUT]: [com.goodbird.cnpcgeckoaddon.hooklib.asm.ClassMetadataReader$FindMethodClassVisitor:visitMethod:156]: visiting blockEvent#(II)V
[21:01:27] [Server thread/INFO] [STDOUT]: [com.goodbird.cnpcgeckoaddon.hooklib.asm.ClassMetadataReader$FindMethodClassVisitor:visitMethod:156]: visiting interact#(I)V
[21:01:27] [Server thread/INFO] [STDOUT]: [com.goodbird.cnpcgeckoaddon.hooklib.asm.ClassMetadataReader$FindMethodClassVisitor:visitMethod:156]: visiting setBlock#(Lnoppes/npcs/api/block/IBlock;)Lnoppes/npcs/api/block/IBlock;
[21:01:27] [Server thread/INFO] [STDOUT]: [com.goodbird.cnpcgeckoaddon.hooklib.asm.ClassMetadataReader$FindMethodClassVisitor:visitMethod:156]: visiting setBlock#(Ljava/lang/String;)Lnoppes/npcs/api/block/IBlock;
[21:01:27] [Server thread/INFO] [STDOUT]: [com.goodbird.cnpcgeckoaddon.hooklib.asm.ClassMetadataReader$FindMethodClassVisitor:visitMethod:156]: visiting <clinit>#()V
[21:01:27] [Server thread/INFO] [STDOUT]: [com.goodbird.cnpcgeckoaddon.hooklib.asm.ClassMetadataReader$FindMethodClassVisitor:visitMethod:156]: visiting <init>#(Lnet/minecraft/world/World;Lnet/minecraft/block/Block;Lnet/minecraft/util/math/BlockPos;)V
[21:01:27] [Server thread/INFO] [STDOUT]: [com.goodbird.cnpcgeckoaddon.hooklib.asm.ClassMetadataReader$FindMethodClassVisitor:visitMethod:156]: visiting setModel#(Lnoppes/npcs/api/item/IItemStack;)V
[21:01:27] [Server thread/INFO] [STDOUT]: [com.goodbird.cnpcgeckoaddon.hooklib.asm.ClassMetadataReader$FindMethodClassVisitor:visitMethod:156]: visiting setModel#(Ljava/lang/String;)V
[21:01:27] [Server thread/INFO] [STDOUT]: [com.goodbird.cnpcgeckoaddon.hooklib.asm.ClassMetadataReader$FindMethodClassVisitor:visitMethod:156]: visiting getModel#()Lnoppes/npcs/api/item/IItemStack;
[21:01:27] [Server thread/INFO] [STDOUT]: [com.goodbird.cnpcgeckoaddon.hooklib.asm.ClassMetadataReader$FindMethodClassVisitor:visitMethod:156]: visiting setRedstonePower#(I)V
[21:01:27] [Server thread/INFO] [STDOUT]: [com.goodbird.cnpcgeckoaddon.hooklib.asm.ClassMetadataReader$FindMethodClassVisitor:visitMethod:156]: visiting getRedstonePower#()I
[21:01:27] [Server thread/INFO] [STDOUT]: [com.goodbird.cnpcgeckoaddon.hooklib.asm.ClassMetadataReader$FindMethodClassVisitor:visitMethod:156]: visiting setIsLadder#(Z)V
[21:01:27] [Server thread/INFO] [STDOUT]: [com.goodbird.cnpcgeckoaddon.hooklib.asm.ClassMetadataReader$FindMethodClassVisitor:visitMethod:156]: visiting getIsLadder#()Z
[21:01:27] [Server thread/INFO] [STDOUT]: [com.goodbird.cnpcgeckoaddon.hooklib.asm.ClassMetadataReader$FindMethodClassVisitor:visitMethod:156]: visiting setIsPassible#(Z)V
[21:01:27] [Server thread/INFO] [STDOUT]: [com.goodbird.cnpcgeckoaddon.hooklib.asm.ClassMetadataReader$FindMethodClassVisitor:visitMethod:156]: visiting getIsPassible#()Z
[21:01:27] [Server thread/INFO] [STDOUT]: [com.goodbird.cnpcgeckoaddon.hooklib.asm.ClassMetadataReader$FindMethodClassVisitor:visitMethod:156]: visiting setLight#(I)V
[21:01:27] [Server thread/INFO] [STDOUT]: [com.goodbird.cnpcgeckoaddon.hooklib.asm.ClassMetadataReader$FindMethodClassVisitor:visitMethod:156]: visiting getLight#()I
[21:01:27] [Server thread/INFO] [STDOUT]: [com.goodbird.cnpcgeckoaddon.hooklib.asm.ClassMetadataReader$FindMethodClassVisitor:visitMethod:156]: visiting setScale#(FFF)V
[21:01:27] [Server thread/INFO] [STDOUT]: [com.goodbird.cnpcgeckoaddon.hooklib.asm.ClassMetadataReader$FindMethodClassVisitor:visitMethod:156]: visiting getScaleX#()F
[21:01:27] [Server thread/INFO] [STDOUT]: [com.goodbird.cnpcgeckoaddon.hooklib.asm.ClassMetadataReader$FindMethodClassVisitor:visitMethod:156]: visiting getScaleY#()F
[21:01:27] [Server thread/INFO] [STDOUT]: [com.goodbird.cnpcgeckoaddon.hooklib.asm.ClassMetadataReader$FindMethodClassVisitor:visitMethod:156]: visiting getScaleZ#()F
[21:01:27] [Server thread/INFO] [STDOUT]: [com.goodbird.cnpcgeckoaddon.hooklib.asm.ClassMetadataReader$FindMethodClassVisitor:visitMethod:156]: visiting setRotation#(III)V
[21:01:27] [Server thread/INFO] [STDOUT]: [com.goodbird.cnpcgeckoaddon.hooklib.asm.ClassMetadataReader$FindMethodClassVisitor:visitMethod:156]: visiting getRotationX#()I
[21:01:27] [Server thread/INFO] [STDOUT]: [com.goodbird.cnpcgeckoaddon.hooklib.asm.ClassMetadataReader$FindMethodClassVisitor:visitMethod:156]: visiting getRotationY#()I
[21:01:27] [Server thread/INFO] [STDOUT]: [com.goodbird.cnpcgeckoaddon.hooklib.asm.ClassMetadataReader$FindMethodClassVisitor:visitMethod:156]: visiting getRotationZ#()I
[21:01:27] [Server thread/INFO] [STDOUT]: [com.goodbird.cnpcgeckoaddon.hooklib.asm.ClassMetadataReader$FindMethodClassVisitor:visitMethod:156]: visiting getHardness#()F
[21:01:27] [Server thread/INFO] [STDOUT]: [com.goodbird.cnpcgeckoaddon.hooklib.asm.ClassMetadataReader$FindMethodClassVisitor:visitMethod:156]: visiting setHardness#(F)V
[21:01:27] [Server thread/INFO] [STDOUT]: [com.goodbird.cnpcgeckoaddon.hooklib.asm.ClassMetadataReader$FindMethodClassVisitor:visitMethod:156]: visiting getResistance#()F
[21:01:27] [Server thread/INFO] [STDOUT]: [com.goodbird.cnpcgeckoaddon.hooklib.asm.ClassMetadataReader$FindMethodClassVisitor:visitMethod:156]: visiting setResistance#(F)V
[21:01:27] [Server thread/INFO] [STDOUT]: [com.goodbird.cnpcgeckoaddon.hooklib.asm.ClassMetadataReader$FindMethodClassVisitor:visitMethod:156]: visiting executeCommand#(Ljava/lang/String;)Ljava/lang/String;
[21:01:27] [Server thread/INFO] [STDOUT]: [com.goodbird.cnpcgeckoaddon.hooklib.asm.ClassMetadataReader$FindMethodClassVisitor:visitMethod:156]: visiting getTextPlane#()Lnoppes/npcs/api/block/ITextPlane;
[21:01:27] [Server thread/INFO] [STDOUT]: [com.goodbird.cnpcgeckoaddon.hooklib.asm.ClassMetadataReader$FindMethodClassVisitor:visitMethod:156]: visiting getTextPlane2#()Lnoppes/npcs/api/block/ITextPlane;
[21:01:27] [Server thread/INFO] [STDOUT]: [com.goodbird.cnpcgeckoaddon.hooklib.asm.ClassMetadataReader$FindMethodClassVisitor:visitMethod:156]: visiting getTextPlane3#()Lnoppes/npcs/api/block/ITextPlane;
[21:01:27] [Server thread/INFO] [STDOUT]: [com.goodbird.cnpcgeckoaddon.hooklib.asm.ClassMetadataReader$FindMethodClassVisitor:visitMethod:156]: visiting getTextPlane4#()Lnoppes/npcs/api/block/ITextPlane;
[21:01:27] [Server thread/INFO] [STDOUT]: [com.goodbird.cnpcgeckoaddon.hooklib.asm.ClassMetadataReader$FindMethodClassVisitor:visitMethod:156]: visiting getTextPlane5#()Lnoppes/npcs/api/block/ITextPlane;
[21:01:27] [Server thread/INFO] [STDOUT]: [com.goodbird.cnpcgeckoaddon.hooklib.asm.ClassMetadataReader$FindMethodClassVisitor:visitMethod:156]: visiting getTextPlane6#()Lnoppes/npcs/api/block/ITextPlane;
[21:01:27] [Server thread/INFO] [STDOUT]: [com.goodbird.cnpcgeckoaddon.hooklib.asm.ClassMetadataReader$FindMethodClassVisitor:visitMethod:156]: visiting getTimers#()Lnoppes/npcs/api/ITimers;
[21:01:27] [Server thread/INFO] [STDOUT]: [com.goodbird.cnpcgeckoaddon.hooklib.asm.ClassMetadataReader$FindMethodClassVisitor:visitMethod:156]: visiting setTile#(Lnet/minecraft/tileentity/TileEntity;)V
[21:01:27] [Server thread/INFO] [STDOUT]: [com.goodbird.cnpcgeckoaddon.hooklib.asm.ClassMetadataReader$FindMethodClassVisitor:visitMethod:156]: visiting <init>#(Lnet/minecraft/world/World;Lnet/minecraft/block/Block;Lnet/minecraft/util/math/BlockPos;)V
[21:01:27] [Server thread/INFO] [STDOUT]: [com.goodbird.cnpcgeckoaddon.hooklib.asm.ClassMetadataReader$FindMethodClassVisitor:visitMethod:156]: visiting getX#()I
[21:01:27] [Server thread/INFO] [STDOUT]: [com.goodbird.cnpcgeckoaddon.hooklib.asm.ClassMetadataReader$FindMethodClassVisitor:visitMethod:156]: visiting getY#()I
[21:01:27] [Server thread/INFO] [STDOUT]: [com.goodbird.cnpcgeckoaddon.hooklib.asm.ClassMetadataReader$FindMethodClassVisitor:visitMethod:156]: visiting getZ#()I
[21:01:27] [Server thread/INFO] [STDOUT]: [com.goodbird.cnpcgeckoaddon.hooklib.asm.ClassMetadataReader$FindMethodClassVisitor:visitMethod:156]: visiting getPos#()Lnoppes/npcs/api/IPos;
[21:01:27] [Server thread/INFO] [STDOUT]: [com.goodbird.cnpcgeckoaddon.hooklib.asm.ClassMetadataReader$FindMethodClassVisitor:visitMethod:156]: visiting getMetadata#()I
[21:01:27] [Server thread/INFO] [STDOUT]: [com.goodbird.cnpcgeckoaddon.hooklib.asm.ClassMetadataReader$FindMethodClassVisitor:visitMethod:156]: visiting setMetadata#(I)V
[21:01:27] [Server thread/INFO] [STDOUT]: [com.goodbird.cnpcgeckoaddon.hooklib.asm.ClassMetadataReader$FindMethodClassVisitor:visitMethod:156]: visiting remove#()V
[21:01:27] [Server thread/INFO] [STDOUT]: [com.goodbird.cnpcgeckoaddon.hooklib.asm.ClassMetadataReader$FindMethodClassVisitor:visitMethod:156]: visiting isRemoved#()Z
[21:01:27] [Server thread/INFO] [STDOUT]: [com.goodbird.cnpcgeckoaddon.hooklib.asm.ClassMetadataReader$FindMethodClassVisitor:visitMethod:156]: visiting isAir#()Z
[21:01:27] [Server thread/INFO] [STDOUT]: [com.goodbird.cnpcgeckoaddon.hooklib.asm.ClassMetadataReader$FindMethodClassVisitor:visitMethod:156]: visiting setBlock#(Ljava/lang/String;)Lnoppes/npcs/api/wrapper/BlockWrapper;
[21:01:27] [Server thread/INFO] [STDOUT]: [com.goodbird.cnpcgeckoaddon.hooklib.asm.ClassMetadataReader$FindMethodClassVisitor:visitMethod:156]: visiting setBlock#(Lnoppes/npcs/api/block/IBlock;)Lnoppes/npcs/api/wrapper/BlockWrapper;
[21:01:27] [Server thread/INFO] [STDOUT]: [com.goodbird.cnpcgeckoaddon.hooklib.asm.ClassMetadataReader$FindMethodClassVisitor:visitMethod:156]: visiting isContainer#()Z
[21:01:27] [Server thread/INFO] [STDOUT]: [com.goodbird.cnpcgeckoaddon.hooklib.asm.ClassMetadataReader$FindMethodClassVisitor:visitMethod:156]: visiting getContainer#()Lnoppes/npcs/api/IContainer;
[21:01:27] [Server thread/INFO] [STDOUT]: [com.goodbird.cnpcgeckoaddon.hooklib.asm.ClassMetadataReader$FindMethodClassVisitor:visitMethod:156]: visiting getTempdata#()Lnoppes/npcs/api/entity/data/IData;
[21:01:27] [Server thread/INFO] [STDOUT]: [com.goodbird.cnpcgeckoaddon.hooklib.asm.ClassMetadataReader$FindMethodClassVisitor:visitMethod:156]: visiting getStoreddata#()Lnoppes/npcs/api/entity/data/IData;
[21:01:27] [Server thread/INFO] [STDOUT]: [com.goodbird.cnpcgeckoaddon.hooklib.asm.ClassMetadataReader$FindMethodClassVisitor:visitMethod:156]: visiting getName#()Ljava/lang/String;
[21:01:27] [Server thread/INFO] [STDOUT]: [com.goodbird.cnpcgeckoaddon.hooklib.asm.ClassMetadataReader$FindMethodClassVisitor:visitMethod:156]: visiting getDisplayName#()Ljava/lang/String;
[21:01:27] [Server thread/INFO] [STDOUT]: [com.goodbird.cnpcgeckoaddon.hooklib.asm.ClassMetadataReader$FindMethodClassVisitor:visitMethod:156]: visiting getWorld#()Lnoppes/npcs/api/IWorld;
[21:01:27] [Server thread/INFO] [STDOUT]: [com.goodbird.cnpcgeckoaddon.hooklib.asm.ClassMetadataReader$FindMethodClassVisitor:visitMethod:156]: visiting getMCBlock#()Lnet/minecraft/block/Block;
[21:01:27] [Server thread/INFO] [STDOUT]: [com.goodbird.cnpcgeckoaddon.hooklib.asm.ClassMetadataReader$FindMethodClassVisitor:visitMethod:156]: visiting createNew#(Lnet/minecraft/world/World;Lnet/minecraft/util/math/BlockPos;Lnet/minecraft/block/state/IBlockState;)Lnoppes/npcs/api/block/IBlock;
[21:01:27] [Server thread/INFO] [STDOUT]: [com.goodbird.cnpcgeckoaddon.hooklib.asm.ClassMetadataReader$FindMethodClassVisitor:visitMethod:156]: visiting clearCache#()V
[21:01:27] [Server thread/INFO] [STDOUT]: [com.goodbird.cnpcgeckoaddon.hooklib.asm.ClassMetadataReader$FindMethodClassVisitor:visitMethod:156]: visiting hasTileEntity#()Z
[21:01:27] [Server thread/INFO] [STDOUT]: [com.goodbird.cnpcgeckoaddon.hooklib.asm.ClassMetadataReader$FindMethodClassVisitor:visitMethod:156]: visiting setTile#(Lnet/minecraft/tileentity/TileEntity;)V
[21:01:27] [Server thread/INFO] [STDOUT]: [com.goodbird.cnpcgeckoaddon.hooklib.asm.ClassMetadataReader$FindMethodClassVisitor:visitMethod:156]: visiting getTileEntityNBT#()Lnoppes/npcs/api/INbt;
[21:01:27] [Server thread/INFO] [STDOUT]: [com.goodbird.cnpcgeckoaddon.hooklib.asm.ClassMetadataReader$FindMethodClassVisitor:visitMethod:156]: visiting setTileEntityNBT#(Lnoppes/npcs/api/INbt;)V
[21:01:27] [Server thread/INFO] [STDOUT]: [com.goodbird.cnpcgeckoaddon.hooklib.asm.ClassMetadataReader$FindMethodClassVisitor:visitMethod:156]: visiting getMCTileEntity#()Lnet/minecraft/tileentity/TileEntity;
[21:01:27] [Server thread/INFO] [STDOUT]: [com.goodbird.cnpcgeckoaddon.hooklib.asm.ClassMetadataReader$FindMethodClassVisitor:visitMethod:156]: visiting getMCBlockState#()Lnet/minecraft/block/state/IBlockState;
[21:01:27] [Server thread/INFO] [STDOUT]: [com.goodbird.cnpcgeckoaddon.hooklib.asm.ClassMetadataReader$FindMethodClassVisitor:visitMethod:156]: visiting blockEvent#(II)V
[21:01:27] [Server thread/INFO] [STDOUT]: [com.goodbird.cnpcgeckoaddon.hooklib.asm.ClassMetadataReader$FindMethodClassVisitor:visitMethod:156]: visiting interact#(I)V
[21:01:27] [Server thread/INFO] [STDOUT]: [com.goodbird.cnpcgeckoaddon.hooklib.asm.ClassMetadataReader$FindMethodClassVisitor:visitMethod:156]: visiting setBlock#(Lnoppes/npcs/api/block/IBlock;)Lnoppes/npcs/api/block/IBlock;
[21:01:27] [Server thread/INFO] [STDOUT]: [com.goodbird.cnpcgeckoaddon.hooklib.asm.ClassMetadataReader$FindMethodClassVisitor:visitMethod:156]: visiting setBlock#(Ljava/lang/String;)Lnoppes/npcs/api/block/IBlock;
[21:01:27] [Server thread/INFO] [STDOUT]: [com.goodbird.cnpcgeckoaddon.hooklib.asm.ClassMetadataReader$FindMethodClassVisitor:visitMethod:156]: visiting <clinit>#()V
[21:01:27] [Server thread/INFO] [STDOUT]: [com.goodbird.cnpcgeckoaddon.hooklib.asm.ClassMetadataReader$FindMethodClassVisitor:visitMethod:156]: visiting <init>#(Lnet/minecraft/world/World;Lnet/minecraft/block/Block;Lnet/minecraft/util/math/BlockPos;)V
[21:01:27] [Server thread/INFO] [STDOUT]: [com.goodbird.cnpcgeckoaddon.hooklib.asm.ClassMetadataReader$FindMethodClassVisitor:visitMethod:156]: visiting setModel#(Lnoppes/npcs/api/item/IItemStack;)V
[21:01:27] [Server thread/INFO] [STDOUT]: [com.goodbird.cnpcgeckoaddon.hooklib.asm.ClassMetadataReader$FindMethodClassVisitor:visitMethod:156]: visiting setModel#(Ljava/lang/String;)V
[21:01:27] [Server thread/INFO] [STDOUT]: [com.goodbird.cnpcgeckoaddon.hooklib.asm.ClassMetadataReader$FindMethodClassVisitor:visitMethod:156]: visiting getModel#()Lnoppes/npcs/api/item/IItemStack;
[21:01:27] [Server thread/INFO] [STDOUT]: [com.goodbird.cnpcgeckoaddon.hooklib.asm.ClassMetadataReader$FindMethodClassVisitor:visitMethod:156]: visiting setRedstonePower#(I)V
[21:01:27] [Server thread/INFO] [STDOUT]: [com.goodbird.cnpcgeckoaddon.hooklib.asm.ClassMetadataReader$FindMethodClassVisitor:visitMethod:156]: visiting getRedstonePower#()I
[21:01:27] [Server thread/INFO] [STDOUT]: [com.goodbird.cnpcgeckoaddon.hooklib.asm.ClassMetadataReader$FindMethodClassVisitor:visitMethod:156]: visiting setIsLadder#(Z)V
[21:01:27] [Server thread/INFO] [STDOUT]: [com.goodbird.cnpcgeckoaddon.hooklib.asm.ClassMetadataReader$FindMethodClassVisitor:visitMethod:156]: visiting getIsLadder#()Z
[21:01:27] [Server thread/INFO] [STDOUT]: [com.goodbird.cnpcgeckoaddon.hooklib.asm.ClassMetadataReader$FindMethodClassVisitor:visitMethod:156]: visiting setIsPassible#(Z)V
[21:01:27] [Server thread/INFO] [STDOUT]: [com.goodbird.cnpcgeckoaddon.hooklib.asm.ClassMetadataReader$FindMethodClassVisitor:visitMethod:156]: visiting getIsPassible#()Z
[21:01:27] [Server thread/INFO] [STDOUT]: [com.goodbird.cnpcgeckoaddon.hooklib.asm.ClassMetadataReader$FindMethodClassVisitor:visitMethod:156]: visiting setLight#(I)V
[21:01:27] [Server thread/INFO] [STDOUT]: [com.goodbird.cnpcgeckoaddon.hooklib.asm.ClassMetadataReader$FindMethodClassVisitor:visitMethod:156]: visiting getLight#()I
[21:01:27] [Server thread/INFO] [STDOUT]: [com.goodbird.cnpcgeckoaddon.hooklib.asm.ClassMetadataReader$FindMethodClassVisitor:visitMethod:156]: visiting setScale#(FFF)V
[21:01:27] [Server thread/INFO] [STDOUT]: [com.goodbird.cnpcgeckoaddon.hooklib.asm.ClassMetadataReader$FindMethodClassVisitor:visitMethod:156]: visiting getScaleX#()F
[21:01:27] [Server thread/INFO] [STDOUT]: [com.goodbird.cnpcgeckoaddon.hooklib.asm.ClassMetadataReader$FindMethodClassVisitor:visitMethod:156]: visiting getScaleY#()F
[21:01:27] [Server thread/INFO] [STDOUT]: [com.goodbird.cnpcgeckoaddon.hooklib.asm.ClassMetadataReader$FindMethodClassVisitor:visitMethod:156]: visiting getScaleZ#()F
[21:01:27] [Server thread/INFO] [STDOUT]: [com.goodbird.cnpcgeckoaddon.hooklib.asm.ClassMetadataReader$FindMethodClassVisitor:visitMethod:156]: visiting setRotation#(III)V
[21:01:27] [Server thread/INFO] [STDOUT]: [com.goodbird.cnpcgeckoaddon.hooklib.asm.ClassMetadataReader$FindMethodClassVisitor:visitMethod:156]: visiting getRotationX#()I
[21:01:27] [Server thread/INFO] [STDOUT]: [com.goodbird.cnpcgeckoaddon.hooklib.asm.ClassMetadataReader$FindMethodClassVisitor:visitMethod:156]: visiting getRotationY#()I
[21:01:27] [Server thread/INFO] [STDOUT]: [com.goodbird.cnpcgeckoaddon.hooklib.asm.ClassMetadataReader$FindMethodClassVisitor:visitMethod:156]: visiting getRotationZ#()I
[21:01:27] [Server thread/INFO] [STDOUT]: [com.goodbird.cnpcgeckoaddon.hooklib.asm.ClassMetadataReader$FindMethodClassVisitor:visitMethod:156]: visiting getHardness#()F
[21:01:27] [Server thread/INFO] [STDOUT]: [com.goodbird.cnpcgeckoaddon.hooklib.asm.ClassMetadataReader$FindMethodClassVisitor:visitMethod:156]: visiting setHardness#(F)V
[21:01:27] [Server thread/INFO] [STDOUT]: [com.goodbird.cnpcgeckoaddon.hooklib.asm.ClassMetadataReader$FindMethodClassVisitor:visitMethod:156]: visiting getResistance#()F
[21:01:27] [Server thread/INFO] [STDOUT]: [com.goodbird.cnpcgeckoaddon.hooklib.asm.ClassMetadataReader$FindMethodClassVisitor:visitMethod:156]: visiting setResistance#(F)V
[21:01:27] [Server thread/INFO] [STDOUT]: [com.goodbird.cnpcgeckoaddon.hooklib.asm.ClassMetadataReader$FindMethodClassVisitor:visitMethod:156]: visiting executeCommand#(Ljava/lang/String;)Ljava/lang/String;
[21:01:27] [Server thread/INFO] [STDOUT]: [com.goodbird.cnpcgeckoaddon.hooklib.asm.ClassMetadataReader$FindMethodClassVisitor:visitMethod:156]: visiting getTextPlane#()Lnoppes/npcs/api/block/ITextPlane;
[21:01:27] [Server thread/INFO] [STDOUT]: [com.goodbird.cnpcgeckoaddon.hooklib.asm.ClassMetadataReader$FindMethodClassVisitor:visitMethod:156]: visiting getTextPlane2#()Lnoppes/npcs/api/block/ITextPlane;
[21:01:27] [Server thread/INFO] [STDOUT]: [com.goodbird.cnpcgeckoaddon.hooklib.asm.ClassMetadataReader$FindMethodClassVisitor:visitMethod:156]: visiting getTextPlane3#()Lnoppes/npcs/api/block/ITextPlane;
[21:01:27] [Server thread/INFO] [STDOUT]: [com.goodbird.cnpcgeckoaddon.hooklib.asm.ClassMetadataReader$FindMethodClassVisitor:visitMethod:156]: visiting getTextPlane4#()Lnoppes/npcs/api/block/ITextPlane;
[21:01:27] [Server thread/INFO] [STDOUT]: [com.goodbird.cnpcgeckoaddon.hooklib.asm.ClassMetadataReader$FindMethodClassVisitor:visitMethod:156]: visiting getTextPlane5#()Lnoppes/npcs/api/block/ITextPlane;
[21:01:27] [Server thread/INFO] [STDOUT]: [com.goodbird.cnpcgeckoaddon.hooklib.asm.ClassMetadataReader$FindMethodClassVisitor:visitMethod:156]: visiting getTextPlane6#()Lnoppes/npcs/api/block/ITextPlane;
[21:01:27] [Server thread/INFO] [STDOUT]: [com.goodbird.cnpcgeckoaddon.hooklib.asm.ClassMetadataReader$FindMethodClassVisitor:visitMethod:156]: visiting getTimers#()Lnoppes/npcs/api/ITimers;
[21:01:27] [Server thread/INFO] [STDOUT]: [com.goodbird.cnpcgeckoaddon.hooklib.asm.ClassMetadataReader$FindMethodClassVisitor:visitMethod:156]: visiting setTile#(Lnet/minecraft/tileentity/TileEntity;)V
[21:01:27] [Server thread/INFO] [STDOUT]: [com.goodbird.cnpcgeckoaddon.hooklib.asm.ClassMetadataReader$FindMethodClassVisitor:visitMethod:156]: visiting <init>#(Lnet/minecraft/world/World;Lnet/minecraft/block/Block;Lnet/minecraft/util/math/BlockPos;)V
[21:01:27] [Server thread/INFO] [STDOUT]: [com.goodbird.cnpcgeckoaddon.hooklib.asm.ClassMetadataReader$FindMethodClassVisitor:visitMethod:156]: visiting getX#()I
[21:01:27] [Server thread/INFO] [STDOUT]: [com.goodbird.cnpcgeckoaddon.hooklib.asm.ClassMetadataReader$FindMethodClassVisitor:visitMethod:156]: visiting getY#()I
[21:01:27] [Server thread/INFO] [STDOUT]: [com.goodbird.cnpcgeckoaddon.hooklib.asm.ClassMetadataReader$FindMethodClassVisitor:visitMethod:156]: visiting getZ#()I
[21:01:27] [Server thread/INFO] [STDOUT]: [com.goodbird.cnpcgeckoaddon.hooklib.asm.ClassMetadataReader$FindMethodClassVisitor:visitMethod:156]: visiting getPos#()Lnoppes/npcs/api/IPos;
[21:01:27] [Server thread/INFO] [STDOUT]: [com.goodbird.cnpcgeckoaddon.hooklib.asm.ClassMetadataReader$FindMethodClassVisitor:visitMethod:156]: visiting getMetadata#()I
[21:01:27] [Server thread/INFO] [STDOUT]: [com.goodbird.cnpcgeckoaddon.hooklib.asm.ClassMetadataReader$FindMethodClassVisitor:visitMethod:156]: visiting setMetadata#(I)V
[21:01:27] [Server thread/INFO] [STDOUT]: [com.goodbird.cnpcgeckoaddon.hooklib.asm.ClassMetadataReader$FindMethodClassVisitor:visitMethod:156]: visiting remove#()V
[21:01:27] [Server thread/INFO] [STDOUT]: [com.goodbird.cnpcgeckoaddon.hooklib.asm.ClassMetadataReader$FindMethodClassVisitor:visitMethod:156]: visiting isRemoved#()Z
[21:01:27] [Server thread/INFO] [STDOUT]: [com.goodbird.cnpcgeckoaddon.hooklib.asm.ClassMetadataReader$FindMethodClassVisitor:visitMethod:156]: visiting isAir#()Z
[21:01:27] [Server thread/INFO] [STDOUT]: [com.goodbird.cnpcgeckoaddon.hooklib.asm.ClassMetadataReader$FindMethodClassVisitor:visitMethod:156]: visiting setBlock#(Ljava/lang/String;)Lnoppes/npcs/api/wrapper/BlockWrapper;
[21:01:27] [Server thread/INFO] [STDOUT]: [com.goodbird.cnpcgeckoaddon.hooklib.asm.ClassMetadataReader$FindMethodClassVisitor:visitMethod:156]: visiting setBlock#(Lnoppes/npcs/api/block/IBlock;)Lnoppes/npcs/api/wrapper/BlockWrapper;
[21:01:27] [Server thread/INFO] [STDOUT]: [com.goodbird.cnpcgeckoaddon.hooklib.asm.ClassMetadataReader$FindMethodClassVisitor:visitMethod:156]: visiting isContainer#()Z
[21:01:27] [Server thread/INFO] [STDOUT]: [com.goodbird.cnpcgeckoaddon.hooklib.asm.ClassMetadataReader$FindMethodClassVisitor:visitMethod:156]: visiting getContainer#()Lnoppes/npcs/api/IContainer;
[21:01:27] [Server thread/INFO] [STDOUT]: [com.goodbird.cnpcgeckoaddon.hooklib.asm.ClassMetadataReader$FindMethodClassVisitor:visitMethod:156]: visiting getTempdata#()Lnoppes/npcs/api/entity/data/IData;
[21:01:27] [Server thread/INFO] [STDOUT]: [com.goodbird.cnpcgeckoaddon.hooklib.asm.ClassMetadataReader$FindMethodClassVisitor:visitMethod:156]: visiting getStoreddata#()Lnoppes/npcs/api/entity/data/IData;
[21:01:27] [Server thread/INFO] [STDOUT]: [com.goodbird.cnpcgeckoaddon.hooklib.asm.ClassMetadataReader$FindMethodClassVisitor:visitMethod:156]: visiting getName#()Ljava/lang/String;
[21:01:27] [Server thread/INFO] [STDOUT]: [com.goodbird.cnpcgeckoaddon.hooklib.asm.ClassMetadataReader$FindMethodClassVisitor:visitMethod:156]: visiting getDisplayName#()Ljava/lang/String;
[21:01:27] [Server thread/INFO] [STDOUT]: [com.goodbird.cnpcgeckoaddon.hooklib.asm.ClassMetadataReader$FindMethodClassVisitor:visitMethod:156]: visiting getWorld#()Lnoppes/npcs/api/IWorld;
[21:01:27] [Server thread/INFO] [STDOUT]: [com.goodbird.cnpcgeckoaddon.hooklib.asm.ClassMetadataReader$FindMethodClassVisitor:visitMethod:156]: visiting getMCBlock#()Lnet/minecraft/block/Block;
[21:01:27] [Server thread/INFO] [STDOUT]: [com.goodbird.cnpcgeckoaddon.hooklib.asm.ClassMetadataReader$FindMethodClassVisitor:visitMethod:156]: visiting createNew#(Lnet/minecraft/world/World;Lnet/minecraft/util/math/BlockPos;Lnet/minecraft/block/state/IBlockState;)Lnoppes/npcs/api/block/IBlock;
[21:01:27] [Server thread/INFO] [STDOUT]: [com.goodbird.cnpcgeckoaddon.hooklib.asm.ClassMetadataReader$FindMethodClassVisitor:visitMethod:156]: visiting clearCache#()V
[21:01:27] [Server thread/INFO] [STDOUT]: [com.goodbird.cnpcgeckoaddon.hooklib.asm.ClassMetadataReader$FindMethodClassVisitor:visitMethod:156]: visiting hasTileEntity#()Z
[21:01:27] [Server thread/INFO] [STDOUT]: [com.goodbird.cnpcgeckoaddon.hooklib.asm.ClassMetadataReader$FindMethodClassVisitor:visitMethod:156]: visiting setTile#(Lnet/minecraft/tileentity/TileEntity;)V
[21:01:27] [Server thread/INFO] [STDOUT]: [com.goodbird.cnpcgeckoaddon.hooklib.asm.ClassMetadataReader$FindMethodClassVisitor:visitMethod:156]: visiting getTileEntityNBT#()Lnoppes/npcs/api/INbt;
[21:01:27] [Server thread/INFO] [STDOUT]: [com.goodbird.cnpcgeckoaddon.hooklib.asm.ClassMetadataReader$FindMethodClassVisitor:visitMethod:156]: visiting setTileEntityNBT#(Lnoppes/npcs/api/INbt;)V
[21:01:27] [Server thread/INFO] [STDOUT]: [com.goodbird.cnpcgeckoaddon.hooklib.asm.ClassMetadataReader$FindMethodClassVisitor:visitMethod:156]: visiting getMCTileEntity#()Lnet/minecraft/tileentity/TileEntity;
[21:01:27] [Server thread/INFO] [STDOUT]: [com.goodbird.cnpcgeckoaddon.hooklib.asm.ClassMetadataReader$FindMethodClassVisitor:visitMethod:156]: visiting getMCBlockState#()Lnet/minecraft/block/state/IBlockState;
[21:01:27] [Server thread/INFO] [STDOUT]: [com.goodbird.cnpcgeckoaddon.hooklib.asm.ClassMetadataReader$FindMethodClassVisitor:visitMethod:156]: visiting blockEvent#(II)V
[21:01:27] [Server thread/INFO] [STDOUT]: [com.goodbird.cnpcgeckoaddon.hooklib.asm.ClassMetadataReader$FindMethodClassVisitor:visitMethod:156]: visiting interact#(I)V
[21:01:27] [Server thread/INFO] [STDOUT]: [com.goodbird.cnpcgeckoaddon.hooklib.asm.ClassMetadataReader$FindMethodClassVisitor:visitMethod:156]: visiting setBlock#(Lnoppes/npcs/api/block/IBlock;)Lnoppes/npcs/api/block/IBlock;
[21:01:27] [Server thread/INFO] [STDOUT]: [com.goodbird.cnpcgeckoaddon.hooklib.asm.ClassMetadataReader$FindMethodClassVisitor:visitMethod:156]: visiting setBlock#(Ljava/lang/String;)Lnoppes/npcs/api/block/IBlock;
[21:01:27] [Server thread/INFO] [STDOUT]: [com.goodbird.cnpcgeckoaddon.hooklib.asm.ClassMetadataReader$FindMethodClassVisitor:visitMethod:156]: visiting <clinit>#()V
[21:01:27] [Server thread/INFO] [STDOUT]: [com.goodbird.cnpcgeckoaddon.hooklib.asm.HookLogger$SystemOutLogger:debug:20]: [DEBUG] Patching method noppes.npcs.api.wrapper.BlockScriptedWrapper#syncAnimationsForAll(Lsoftware/bernie/geckolib3/core/builder/AnimationBuilder;)V
[21:01:27] [Server thread/INFO] [STDOUT]: [com.goodbird.cnpcgeckoaddon.hooklib.asm.HookLogger$SystemOutLogger:debug:20]: [DEBUG] Patching method noppes.npcs.api.wrapper.BlockScriptedWrapper#syncAnimationsFor(Lnoppes/npcs/api/entity/IPlayer;Lsoftware/bernie/geckolib3/core/builder/AnimationBuilder;)V
[21:01:27] [Server thread/INFO] [STDOUT]: [com.goodbird.cnpcgeckoaddon.hooklib.asm.HookLogger$SystemOutLogger:debug:20]: [DEBUG] Patching method noppes.npcs.api.wrapper.BlockScriptedWrapper#setGeckoIdleAnimation(Ljava/lang/String;)V
[21:01:27] [Server thread/INFO] [STDOUT]: [com.goodbird.cnpcgeckoaddon.hooklib.asm.HookLogger$SystemOutLogger:debug:20]: [DEBUG] Patching method noppes.npcs.api.wrapper.BlockScriptedWrapper#setGeckoAnimationFile(Ljava/lang/String;)V
[21:01:27] [Server thread/INFO] [STDOUT]: [com.goodbird.cnpcgeckoaddon.hooklib.asm.HookLogger$SystemOutLogger:debug:20]: [DEBUG] Patching method noppes.npcs.api.wrapper.BlockScriptedWrapper#setGeckoTexture(Ljava/lang/String;)V
[21:01:27] [Server thread/INFO] [STDOUT]: [com.goodbird.cnpcgeckoaddon.hooklib.asm.HookLogger$SystemOutLogger:debug:20]: [DEBUG] Patching method noppes.npcs.api.wrapper.BlockScriptedWrapper#setGeckoModel(Ljava/lang/String;)V
[21:01:27] [Server thread/INFO] [FML]: Injecting existing registry data into this server instance
[21:01:27] [Server thread/INFO] [FML]: Applying holder lookups
[21:01:27] [Server thread/INFO] [FML]: Holder lookups applied
[21:01:27] [Server thread/INFO] [FML]: Loading dimension 0 (新的世界) (net.minecraft.server.integrated.IntegratedServer@b2336a4)
[21:01:27] [Server thread/INFO] [net.minecraft.advancements.AdvancementList]: Loaded 488 advancements
[21:01:27] [Server thread/INFO] [FML]: Loading dimension -1 (新的世界) (net.minecraft.server.integrated.IntegratedServer@b2336a4)
[21:01:27] [Server thread/INFO] [FML]: Loading dimension 1 (新的世界) (net.minecraft.server.integrated.IntegratedServer@b2336a4)
[21:01:27] [Server thread/INFO] [net.minecraft.server.MinecraftServer]: Preparing start region for level 0
[21:01:27] [Server thread/INFO] [STDOUT]: [com.goodbird.cnpcgeckoaddon.hooklib.asm.HookLogger$SystemOutLogger:debug:20]: [DEBUG] Injecting hooks into class noppes.npcs.entity.data.DataDisplay
[21:01:27] [Server thread/INFO] [STDOUT]: [com.goodbird.cnpcgeckoaddon.hooklib.asm.HookLogger$SystemOutLogger:debug:20]: [DEBUG] Patching method noppes.npcs.entity.data.DataDisplay#writeToNBT(Lnet/minecraft/nbt/NBTTagCompound;)
[21:01:27] [Server thread/INFO] [STDOUT]: [com.goodbird.cnpcgeckoaddon.hooklib.asm.HookLogger$SystemOutLogger:debug:20]: [DEBUG] Patching method noppes.npcs.entity.data.DataDisplay#readToNBT(Lnet/minecraft/nbt/NBTTagCompound;)
[21:01:28] [Server thread/INFO] [STDOUT]: [com.goodbird.cnpcgeckoaddon.hooklib.asm.HookLogger$SystemOutLogger:debug:20]: [DEBUG] Injecting hooks into class noppes.npcs.api.wrapper.NPCWrapper
[21:01:28] [Server thread/INFO] [STDOUT]: [com.goodbird.cnpcgeckoaddon.hooklib.asm.ClassMetadataReader$FindMethodClassVisitor:visitMethod:156]: visiting <init>#(Lnoppes/npcs/entity/EntityNPCInterface;)V
[21:01:28] [Server thread/INFO] [STDOUT]: [com.goodbird.cnpcgeckoaddon.hooklib.asm.ClassMetadataReader$FindMethodClassVisitor:visitMethod:156]: visiting setMaxHealth#(F)V
[21:01:28] [Server thread/INFO] [STDOUT]: [com.goodbird.cnpcgeckoaddon.hooklib.asm.ClassMetadataReader$FindMethodClassVisitor:visitMethod:156]: visiting getDisplay#()Lnoppes/npcs/api/entity/data/INPCDisplay;
[21:01:28] [Server thread/INFO] [STDOUT]: [com.goodbird.cnpcgeckoaddon.hooklib.asm.ClassMetadataReader$FindMethodClassVisitor:visitMethod:156]: visiting getInventory#()Lnoppes/npcs/api/entity/data/INPCInventory;
[21:01:28] [Server thread/INFO] [STDOUT]: [com.goodbird.cnpcgeckoaddon.hooklib.asm.ClassMetadataReader$FindMethodClassVisitor:visitMethod:156]: visiting getAi#()Lnoppes/npcs/api/entity/data/INPCAi;
[21:01:28] [Server thread/INFO] [STDOUT]: [com.goodbird.cnpcgeckoaddon.hooklib.asm.ClassMetadataReader$FindMethodClassVisitor:visitMethod:156]: visiting getAdvanced#()Lnoppes/npcs/api/entity/data/INPCAdvanced;
[21:01:28] [Server thread/INFO] [STDOUT]: [com.goodbird.cnpcgeckoaddon.hooklib.asm.ClassMetadataReader$FindMethodClassVisitor:visitMethod:156]: visiting getStats#()Lnoppes/npcs/api/entity/data/INPCStats;
[21:01:28] [Server thread/INFO] [STDOUT]: [com.goodbird.cnpcgeckoaddon.hooklib.asm.ClassMetadataReader$FindMethodClassVisitor:visitMethod:156]: visiting getFaction#()Lnoppes/npcs/api/handler/data/IFaction;
[21:01:28] [Server thread/INFO] [STDOUT]: [com.goodbird.cnpcgeckoaddon.hooklib.asm.ClassMetadataReader$FindMethodClassVisitor:visitMethod:156]: visiting getTimers#()Lnoppes/npcs/api/ITimers;
[21:01:28] [Server thread/INFO] [STDOUT]: [com.goodbird.cnpcgeckoaddon.hooklib.asm.ClassMetadataReader$FindMethodClassVisitor:visitMethod:156]: visiting setFaction#(I)V
[21:01:28] [Server thread/INFO] [STDOUT]: [com.goodbird.cnpcgeckoaddon.hooklib.asm.ClassMetadataReader$FindMethodClassVisitor:visitMethod:156]: visiting getRole#()Lnoppes/npcs/api/entity/data/INPCRole;
[21:01:28] [Server thread/INFO] [STDOUT]: [com.goodbird.cnpcgeckoaddon.hooklib.asm.ClassMetadataReader$FindMethodClassVisitor:visitMethod:156]: visiting getJob#()Lnoppes/npcs/api/entity/data/INPCJob;
[21:01:28] [Server thread/INFO] [STDOUT]: [com.goodbird.cnpcgeckoaddon.hooklib.asm.ClassMetadataReader$FindMethodClassVisitor:visitMethod:156]: visiting getHomeX#()I
[21:01:28] [Server thread/INFO] [STDOUT]: [com.goodbird.cnpcgeckoaddon.hooklib.asm.ClassMetadataReader$FindMethodClassVisitor:visitMethod:156]: visiting getHomeY#()I
[21:01:28] [Server thread/INFO] [STDOUT]: [com.goodbird.cnpcgeckoaddon.hooklib.asm.ClassMetadataReader$FindMethodClassVisitor:visitMethod:156]: visiting getHomeZ#()I
[21:01:28] [Server thread/INFO] [STDOUT]: [com.goodbird.cnpcgeckoaddon.hooklib.asm.ClassMetadataReader$FindMethodClassVisitor:visitMethod:156]: visiting setHome#(III)V
[21:01:28] [Server thread/INFO] [STDOUT]: [com.goodbird.cnpcgeckoaddon.hooklib.asm.ClassMetadataReader$FindMethodClassVisitor:visitMethod:156]: visiting getOffsetX#()I
[21:01:28] [Server thread/INFO] [STDOUT]: [com.goodbird.cnpcgeckoaddon.hooklib.asm.ClassMetadataReader$FindMethodClassVisitor:visitMethod:156]: visiting getOffsetY#()I
[21:01:28] [Server thread/INFO] [STDOUT]: [com.goodbird.cnpcgeckoaddon.hooklib.asm.ClassMetadataReader$FindMethodClassVisitor:visitMethod:156]: visiting getOffsetZ#()I
[21:01:28] [Server thread/INFO] [STDOUT]: [com.goodbird.cnpcgeckoaddon.hooklib.asm.ClassMetadataReader$FindMethodClassVisitor:visitMethod:156]: visiting setOffset#(III)V
[21:01:28] [Server thread/INFO] [STDOUT]: [com.goodbird.cnpcgeckoaddon.hooklib.asm.ClassMetadataReader$FindMethodClassVisitor:visitMethod:156]: visiting say#(Ljava/lang/String;)V
[21:01:28] [Server thread/INFO] [STDOUT]: [com.goodbird.cnpcgeckoaddon.hooklib.asm.ClassMetadataReader$FindMethodClassVisitor:visitMethod:156]: visiting sayTo#(Lnoppes/npcs/api/entity/IPlayer;Ljava/lang/String;)V
[21:01:28] [Server thread/INFO] [STDOUT]: [com.goodbird.cnpcgeckoaddon.hooklib.asm.ClassMetadataReader$FindMethodClassVisitor:visitMethod:156]: visiting reset#()V
[21:01:28] [Server thread/INFO] [STDOUT]: [com.goodbird.cnpcgeckoaddon.hooklib.asm.ClassMetadataReader$FindMethodClassVisitor:visitMethod:156]: visiting getAge#()J
[21:01:28] [Server thread/INFO] [STDOUT]: [com.goodbird.cnpcgeckoaddon.hooklib.asm.ClassMetadataReader$FindMethodClassVisitor:visitMethod:156]: visiting shootItem#(Lnoppes/npcs/api/entity/IEntityLivingBase;Lnoppes/npcs/api/item/IItemStack;I)Lnoppes/npcs/api/entity/IProjectile;
[21:01:28] [Server thread/INFO] [STDOUT]: [com.goodbird.cnpcgeckoaddon.hooklib.asm.ClassMetadataReader$FindMethodClassVisitor:visitMethod:156]: visiting shootItem#(DDDLnoppes/npcs/api/item/IItemStack;I)Lnoppes/npcs/api/entity/IProjectile;
[21:01:28] [Server thread/INFO] [STDOUT]: [com.goodbird.cnpcgeckoaddon.hooklib.asm.ClassMetadataReader$FindMethodClassVisitor:visitMethod:156]: visiting giveItem#(Lnoppes/npcs/api/entity/IPlayer;Lnoppes/npcs/api/item/IItemStack;)V
[21:01:28] [Server thread/INFO] [STDOUT]: [com.goodbird.cnpcgeckoaddon.hooklib.asm.ClassMetadataReader$FindMethodClassVisitor:visitMethod:156]: visiting executeCommand#(Ljava/lang/String;)Ljava/lang/String;
[21:01:28] [Server thread/INFO] [STDOUT]: [com.goodbird.cnpcgeckoaddon.hooklib.asm.ClassMetadataReader$FindMethodClassVisitor:visitMethod:156]: visiting getType#()I
[21:01:28] [Server thread/INFO] [STDOUT]: [com.goodbird.cnpcgeckoaddon.hooklib.asm.ClassMetadataReader$FindMethodClassVisitor:visitMethod:156]: visiting getName#()Ljava/lang/String;
[21:01:28] [Server thread/INFO] [STDOUT]: [com.goodbird.cnpcgeckoaddon.hooklib.asm.ClassMetadataReader$FindMethodClassVisitor:visitMethod:156]: visiting setName#(Ljava/lang/String;)V
[21:01:28] [Server thread/INFO] [STDOUT]: [com.goodbird.cnpcgeckoaddon.hooklib.asm.ClassMetadataReader$FindMethodClassVisitor:visitMethod:156]: visiting setRotation#(F)V
[21:01:28] [Server thread/INFO] [STDOUT]: [com.goodbird.cnpcgeckoaddon.hooklib.asm.ClassMetadataReader$FindMethodClassVisitor:visitMethod:156]: visiting typeOf#(I)Z
[21:01:28] [Server thread/INFO] [STDOUT]: [com.goodbird.cnpcgeckoaddon.hooklib.asm.ClassMetadataReader$FindMethodClassVisitor:visitMethod:156]: visiting setDialog#(ILnoppes/npcs/api/handler/data/IDialog;)V
[21:01:28] [Server thread/INFO] [STDOUT]: [com.goodbird.cnpcgeckoaddon.hooklib.asm.ClassMetadataReader$FindMethodClassVisitor:visitMethod:156]: visiting getDialog#(I)Lnoppes/npcs/api/handler/data/IDialog;
[21:01:28] [Server thread/INFO] [STDOUT]: [com.goodbird.cnpcgeckoaddon.hooklib.asm.ClassMetadataReader$FindMethodClassVisitor:visitMethod:156]: visiting updateClient#()V
[21:01:28] [Server thread/INFO] [STDOUT]: [com.goodbird.cnpcgeckoaddon.hooklib.asm.ClassMetadataReader$FindMethodClassVisitor:visitMethod:156]: visiting getOwner#()Lnoppes/npcs/api/entity/IEntityLivingBase;
[21:01:28] [Server thread/INFO] [STDOUT]: [com.goodbird.cnpcgeckoaddon.hooklib.asm.ClassMetadataReader$FindMethodClassVisitor:visitMethod:156]: visiting <init>#(Lnet/minecraft/entity/EntityLiving;)V
[21:01:28] [Server thread/INFO] [STDOUT]: [com.goodbird.cnpcgeckoaddon.hooklib.asm.ClassMetadataReader$FindMethodClassVisitor:visitMethod:156]: visiting navigateTo#(DDDD)V
[21:01:28] [Server thread/INFO] [STDOUT]: [com.goodbird.cnpcgeckoaddon.hooklib.asm.ClassMetadataReader$FindMethodClassVisitor:visitMethod:156]: visiting clearNavigation#()V
[21:01:28] [Server thread/INFO] [STDOUT]: [com.goodbird.cnpcgeckoaddon.hooklib.asm.ClassMetadataReader$FindMethodClassVisitor:visitMethod:156]: visiting getNavigationPath#()Lnoppes/npcs/api/IPos;
[21:01:28] [Server thread/INFO] [STDOUT]: [com.goodbird.cnpcgeckoaddon.hooklib.asm.ClassMetadataReader$FindMethodClassVisitor:visitMethod:156]: visiting isNavigating#()Z
[21:01:28] [Server thread/INFO] [STDOUT]: [com.goodbird.cnpcgeckoaddon.hooklib.asm.ClassMetadataReader$FindMethodClassVisitor:visitMethod:156]: visiting isAttacking#()Z
[21:01:28] [Server thread/INFO] [STDOUT]: [com.goodbird.cnpcgeckoaddon.hooklib.asm.ClassMetadataReader$FindMethodClassVisitor:visitMethod:156]: visiting setAttackTarget#(Lnoppes/npcs/api/entity/IEntityLivingBase;)V
[21:01:28] [Server thread/INFO] [STDOUT]: [com.goodbird.cnpcgeckoaddon.hooklib.asm.ClassMetadataReader$FindMethodClassVisitor:visitMethod:156]: visiting getAttackTarget#()Lnoppes/npcs/api/entity/IEntityLivingBase;
[21:01:28] [Server thread/INFO] [STDOUT]: [com.goodbird.cnpcgeckoaddon.hooklib.asm.ClassMetadataReader$FindMethodClassVisitor:visitMethod:156]: visiting canSeeEntity#(Lnoppes/npcs/api/entity/IEntity;)Z
[21:01:28] [Server thread/INFO] [STDOUT]: [com.goodbird.cnpcgeckoaddon.hooklib.asm.ClassMetadataReader$FindMethodClassVisitor:visitMethod:156]: visiting jump#()V
[21:01:28] [Server thread/INFO] [STDOUT]: [com.goodbird.cnpcgeckoaddon.hooklib.asm.ClassMetadataReader$FindMethodClassVisitor:visitMethod:156]: visiting getMCEntity#()Lnet/minecraft/entity/EntityLiving;
[21:01:28] [Server thread/INFO] [STDOUT]: [com.goodbird.cnpcgeckoaddon.hooklib.asm.ClassMetadataReader$FindMethodClassVisitor:visitMethod:156]: visiting <init>#(Lnet/minecraft/entity/EntityLivingBase;)V
[21:01:28] [Server thread/INFO] [STDOUT]: [com.goodbird.cnpcgeckoaddon.hooklib.asm.ClassMetadataReader$FindMethodClassVisitor:visitMethod:156]: visiting getHealth#()F
[21:01:28] [Server thread/INFO] [STDOUT]: [com.goodbird.cnpcgeckoaddon.hooklib.asm.ClassMetadataReader$FindMethodClassVisitor:visitMethod:156]: visiting setHealth#(F)V
[21:01:28] [Server thread/INFO] [STDOUT]: [com.goodbird.cnpcgeckoaddon.hooklib.asm.ClassMetadataReader$FindMethodClassVisitor:visitMethod:156]: visiting getMaxHealth#()F
[21:01:28] [Server thread/INFO] [STDOUT]: [com.goodbird.cnpcgeckoaddon.hooklib.asm.ClassMetadataReader$FindMethodClassVisitor:visitMethod:156]: visiting setMaxHealth#(F)V
[21:01:28] [Server thread/INFO] [STDOUT]: [com.goodbird.cnpcgeckoaddon.hooklib.asm.ClassMetadataReader$FindMethodClassVisitor:visitMethod:156]: visiting isAttacking#()Z
[21:01:28] [Server thread/INFO] [STDOUT]: [com.goodbird.cnpcgeckoaddon.hooklib.asm.ClassMetadataReader$FindMethodClassVisitor:visitMethod:156]: visiting setAttackTarget#(Lnoppes/npcs/api/entity/IEntityLivingBase;)V
[21:01:28] [Server thread/INFO] [STDOUT]: [com.goodbird.cnpcgeckoaddon.hooklib.asm.ClassMetadataReader$FindMethodClassVisitor:visitMethod:156]: visiting getAttackTarget#()Lnoppes/npcs/api/entity/IEntityLivingBase;
[21:01:28] [Server thread/INFO] [STDOUT]: [com.goodbird.cnpcgeckoaddon.hooklib.asm.ClassMetadataReader$FindMethodClassVisitor:visitMethod:156]: visiting getLastAttacked#()Lnoppes/npcs/api/entity/IEntityLivingBase;
[21:01:28] [Server thread/INFO] [STDOUT]: [com.goodbird.cnpcgeckoaddon.hooklib.asm.ClassMetadataReader$FindMethodClassVisitor:visitMethod:156]: visiting getLastAttackedTime#()I
[21:01:28] [Server thread/INFO] [STDOUT]: [com.goodbird.cnpcgeckoaddon.hooklib.asm.ClassMetadataReader$FindMethodClassVisitor:visitMethod:156]: visiting canSeeEntity#(Lnoppes/npcs/api/entity/IEntity;)Z
[21:01:28] [Server thread/INFO] [STDOUT]: [com.goodbird.cnpcgeckoaddon.hooklib.asm.ClassMetadataReader$FindMethodClassVisitor:visitMethod:156]: visiting swingMainhand#()V
[21:01:28] [Server thread/INFO] [STDOUT]: [com.goodbird.cnpcgeckoaddon.hooklib.asm.ClassMetadataReader$FindMethodClassVisitor:visitMethod:156]: visiting swingOffhand#()V
[21:01:28] [Server thread/INFO] [STDOUT]: [com.goodbird.cnpcgeckoaddon.hooklib.asm.ClassMetadataReader$FindMethodClassVisitor:visitMethod:156]: visiting addPotionEffect#(IIIZ)V
[21:01:28] [Server thread/INFO] [STDOUT]: [com.goodbird.cnpcgeckoaddon.hooklib.asm.ClassMetadataReader$FindMethodClassVisitor:visitMethod:156]: visiting clearPotionEffects#()V
[21:01:28] [Server thread/INFO] [STDOUT]: [com.goodbird.cnpcgeckoaddon.hooklib.asm.ClassMetadataReader$FindMethodClassVisitor:visitMethod:156]: visiting getPotionEffect#(I)I
[21:01:28] [Server thread/INFO] [STDOUT]: [com.goodbird.cnpcgeckoaddon.hooklib.asm.ClassMetadataReader$FindMethodClassVisitor:visitMethod:156]: visiting getMainhandItem#()Lnoppes/npcs/api/item/IItemStack;
[21:01:28] [Server thread/INFO] [STDOUT]: [com.goodbird.cnpcgeckoaddon.hooklib.asm.ClassMetadataReader$FindMethodClassVisitor:visitMethod:156]: visiting setMainhandItem#(Lnoppes/npcs/api/item/IItemStack;)V
[21:01:28] [Server thread/INFO] [STDOUT]: [com.goodbird.cnpcgeckoaddon.hooklib.asm.ClassMetadataReader$FindMethodClassVisitor:visitMethod:156]: visiting getOffhandItem#()Lnoppes/npcs/api/item/IItemStack;
[21:01:28] [Server thread/INFO] [STDOUT]: [com.goodbird.cnpcgeckoaddon.hooklib.asm.ClassMetadataReader$FindMethodClassVisitor:visitMethod:156]: visiting setOffhandItem#(Lnoppes/npcs/api/item/IItemStack;)V
[21:01:28] [Server thread/INFO] [STDOUT]: [com.goodbird.cnpcgeckoaddon.hooklib.asm.ClassMetadataReader$FindMethodClassVisitor:visitMethod:156]: visiting getArmor#(I)Lnoppes/npcs/api/item/IItemStack;
[21:01:28] [Server thread/INFO] [STDOUT]: [com.goodbird.cnpcgeckoaddon.hooklib.asm.ClassMetadataReader$FindMethodClassVisitor:visitMethod:156]: visiting setArmor#(ILnoppes/npcs/api/item/IItemStack;)V
[21:01:28] [Server thread/INFO] [STDOUT]: [com.goodbird.cnpcgeckoaddon.hooklib.asm.ClassMetadataReader$FindMethodClassVisitor:visitMethod:156]: visiting getSlot#(I)Lnet/minecraft/inventory/EntityEquipmentSlot;
[21:01:28] [Server thread/INFO] [STDOUT]: [com.goodbird.cnpcgeckoaddon.hooklib.asm.ClassMetadataReader$FindMethodClassVisitor:visitMethod:156]: visiting getRotation#()F
[21:01:28] [Server thread/INFO] [STDOUT]: [com.goodbird.cnpcgeckoaddon.hooklib.asm.ClassMetadataReader$FindMethodClassVisitor:visitMethod:156]: visiting setRotation#(F)V
[21:01:28] [Server thread/INFO] [STDOUT]: [com.goodbird.cnpcgeckoaddon.hooklib.asm.ClassMetadataReader$FindMethodClassVisitor:visitMethod:156]: visiting getType#()I
[21:01:28] [Server thread/INFO] [STDOUT]: [com.goodbird.cnpcgeckoaddon.hooklib.asm.ClassMetadataReader$FindMethodClassVisitor:visitMethod:156]: visiting typeOf#(I)Z
[21:01:28] [Server thread/INFO] [STDOUT]: [com.goodbird.cnpcgeckoaddon.hooklib.asm.ClassMetadataReader$FindMethodClassVisitor:visitMethod:156]: visiting isChild#()Z
[21:01:28] [Server thread/INFO] [STDOUT]: [com.goodbird.cnpcgeckoaddon.hooklib.asm.ClassMetadataReader$FindMethodClassVisitor:visitMethod:156]: visiting addMark#(I)Lnoppes/npcs/api/entity/data/IMark;
[21:01:28] [Server thread/INFO] [STDOUT]: [com.goodbird.cnpcgeckoaddon.hooklib.asm.ClassMetadataReader$FindMethodClassVisitor:visitMethod:156]: visiting removeMark#(Lnoppes/npcs/api/entity/data/IMark;)V
[21:01:28] [Server thread/INFO] [STDOUT]: [com.goodbird.cnpcgeckoaddon.hooklib.asm.ClassMetadataReader$FindMethodClassVisitor:visitMethod:156]: visiting getMarks#()[Lnoppes/npcs/api/entity/data/IMark;
[21:01:28] [Server thread/INFO] [STDOUT]: [com.goodbird.cnpcgeckoaddon.hooklib.asm.ClassMetadataReader$FindMethodClassVisitor:visitMethod:156]: visiting getMoveForward#()F
[21:01:28] [Server thread/INFO] [STDOUT]: [com.goodbird.cnpcgeckoaddon.hooklib.asm.ClassMetadataReader$FindMethodClassVisitor:visitMethod:156]: visiting setMoveForward#(F)V
[21:01:28] [Server thread/INFO] [STDOUT]: [com.goodbird.cnpcgeckoaddon.hooklib.asm.ClassMetadataReader$FindMethodClassVisitor:visitMethod:156]: visiting getMoveStrafing#()F
[21:01:28] [Server thread/INFO] [STDOUT]: [com.goodbird.cnpcgeckoaddon.hooklib.asm.ClassMetadataReader$FindMethodClassVisitor:visitMethod:156]: visiting setMoveStrafing#(F)V
[21:01:28] [Server thread/INFO] [STDOUT]: [com.goodbird.cnpcgeckoaddon.hooklib.asm.ClassMetadataReader$FindMethodClassVisitor:visitMethod:156]: visiting getMoveVertical#()F
[21:01:28] [Server thread/INFO] [STDOUT]: [com.goodbird.cnpcgeckoaddon.hooklib.asm.ClassMetadataReader$FindMethodClassVisitor:visitMethod:156]: visiting setMoveVertical#(F)V
[21:01:28] [Server thread/INFO] [STDOUT]: [com.goodbird.cnpcgeckoaddon.hooklib.asm.ClassMetadataReader$FindMethodClassVisitor:visitMethod:156]: visiting getMCEntity#()Lnet/minecraft/entity/EntityLivingBase;
[21:01:28] [Server thread/INFO] [STDOUT]: [com.goodbird.cnpcgeckoaddon.hooklib.asm.ClassMetadataReader$FindMethodClassVisitor:visitMethod:156]: visiting <init>#(Lnet/minecraft/entity/Entity;)V
[21:01:28] [Server thread/INFO] [STDOUT]: [com.goodbird.cnpcgeckoaddon.hooklib.asm.ClassMetadataReader$FindMethodClassVisitor:visitMethod:156]: visiting getX#()D
[21:01:28] [Server thread/INFO] [STDOUT]: [com.goodbird.cnpcgeckoaddon.hooklib.asm.ClassMetadataReader$FindMethodClassVisitor:visitMethod:156]: visiting setX#(D)V
[21:01:28] [Server thread/INFO] [STDOUT]: [com.goodbird.cnpcgeckoaddon.hooklib.asm.ClassMetadataReader$FindMethodClassVisitor:visitMethod:156]: visiting getY#()D
[21:01:28] [Server thread/INFO] [STDOUT]: [com.goodbird.cnpcgeckoaddon.hooklib.asm.ClassMetadataReader$FindMethodClassVisitor:visitMethod:156]: visiting setY#(D)V
[21:01:28] [Server thread/INFO] [STDOUT]: [com.goodbird.cnpcgeckoaddon.hooklib.asm.ClassMetadataReader$FindMethodClassVisitor:visitMethod:156]: visiting getZ#()D
[21:01:28] [Server thread/INFO] [STDOUT]: [com.goodbird.cnpcgeckoaddon.hooklib.asm.ClassMetadataReader$FindMethodClassVisitor:visitMethod:156]: visiting setZ#(D)V
[21:01:28] [Server thread/INFO] [STDOUT]: [com.goodbird.cnpcgeckoaddon.hooklib.asm.ClassMetadataReader$FindMethodClassVisitor:visitMethod:156]: visiting getBlockX#()I
[21:01:28] [Server thread/INFO] [STDOUT]: [com.goodbird.cnpcgeckoaddon.hooklib.asm.ClassMetadataReader$FindMethodClassVisitor:visitMethod:156]: visiting getBlockY#()I
[21:01:28] [Server thread/INFO] [STDOUT]: [com.goodbird.cnpcgeckoaddon.hooklib.asm.ClassMetadataReader$FindMethodClassVisitor:visitMethod:156]: visiting getBlockZ#()I
[21:01:28] [Server thread/INFO] [STDOUT]: [com.goodbird.cnpcgeckoaddon.hooklib.asm.ClassMetadataReader$FindMethodClassVisitor:visitMethod:156]: visiting getEntityName#()Ljava/lang/String;
[21:01:28] [Server thread/INFO] [STDOUT]: [com.goodbird.cnpcgeckoaddon.hooklib.asm.ClassMetadataReader$FindMethodClassVisitor:visitMethod:156]: visiting getName#()Ljava/lang/String;
[21:01:28] [Server thread/INFO] [STDOUT]: [com.goodbird.cnpcgeckoaddon.hooklib.asm.ClassMetadataReader$FindMethodClassVisitor:visitMethod:156]: visiting setName#(Ljava/lang/String;)V
[21:01:28] [Server thread/INFO] [STDOUT]: [com.goodbird.cnpcgeckoaddon.hooklib.asm.ClassMetadataReader$FindMethodClassVisitor:visitMethod:156]: visiting hasCustomName#()Z
[21:01:28] [Server thread/INFO] [STDOUT]: [com.goodbird.cnpcgeckoaddon.hooklib.asm.ClassMetadataReader$FindMethodClassVisitor:visitMethod:156]: visiting setPosition#(DDD)V
[21:01:28] [Server thread/INFO] [STDOUT]: [com.goodbird.cnpcgeckoaddon.hooklib.asm.ClassMetadataReader$FindMethodClassVisitor:visitMethod:156]: visiting getWorld#()Lnoppes/npcs/api/IWorld;
[21:01:28] [Server thread/INFO] [STDOUT]: [com.goodbird.cnpcgeckoaddon.hooklib.asm.ClassMetadataReader$FindMethodClassVisitor:visitMethod:156]: visiting isAlive#()Z
[21:01:28] [Server thread/INFO] [STDOUT]: [com.goodbird.cnpcgeckoaddon.hooklib.asm.ClassMetadataReader$FindMethodClassVisitor:visitMethod:156]: visiting getTempdata#()Lnoppes/npcs/api/entity/data/IData;
[21:01:28] [Server thread/INFO] [STDOUT]: [com.goodbird.cnpcgeckoaddon.hooklib.asm.ClassMetadataReader$FindMethodClassVisitor:visitMethod:156]: visiting getStoreddata#()Lnoppes/npcs/api/entity/data/IData;
[21:01:28] [Server thread/INFO] [STDOUT]: [com.goodbird.cnpcgeckoaddon.hooklib.asm.ClassMetadataReader$FindMethodClassVisitor:visitMethod:156]: visiting getAge#()J
[21:01:28] [Server thread/INFO] [STDOUT]: [com.goodbird.cnpcgeckoaddon.hooklib.asm.ClassMetadataReader$FindMethodClassVisitor:visitMethod:156]: visiting damage#(F)V
[21:01:28] [Server thread/INFO] [STDOUT]: [com.goodbird.cnpcgeckoaddon.hooklib.asm.ClassMetadataReader$FindMethodClassVisitor:visitMethod:156]: visiting despawn#()V
[21:01:28] [Server thread/INFO] [STDOUT]: [com.goodbird.cnpcgeckoaddon.hooklib.asm.ClassMetadataReader$FindMethodClassVisitor:visitMethod:156]: visiting spawn#()V
[21:01:28] [Server thread/INFO] [STDOUT]: [com.goodbird.cnpcgeckoaddon.hooklib.asm.ClassMetadataReader$FindMethodClassVisitor:visitMethod:156]: visiting kill#()V
[21:01:28] [Server thread/INFO] [STDOUT]: [com.goodbird.cnpcgeckoaddon.hooklib.asm.ClassMetadataReader$FindMethodClassVisitor:visitMethod:156]: visiting inWater#()Z
[21:01:28] [Server thread/INFO] [STDOUT]: [com.goodbird.cnpcgeckoaddon.hooklib.asm.ClassMetadataReader$FindMethodClassVisitor:visitMethod:156]: visiting inLava#()Z
[21:01:28] [Server thread/INFO] [STDOUT]: [com.goodbird.cnpcgeckoaddon.hooklib.asm.ClassMetadataReader$FindMethodClassVisitor:visitMethod:156]: visiting inFire#()Z
[21:01:28] [Server thread/INFO] [STDOUT]: [com.goodbird.cnpcgeckoaddon.hooklib.asm.ClassMetadataReader$FindMethodClassVisitor:visitMethod:156]: visiting isBurning#()Z
[21:01:28] [Server thread/INFO] [STDOUT]: [com.goodbird.cnpcgeckoaddon.hooklib.asm.ClassMetadataReader$FindMethodClassVisitor:visitMethod:156]: visiting setBurning#(I)V
[21:01:28] [Server thread/INFO] [STDOUT]: [com.goodbird.cnpcgeckoaddon.hooklib.asm.ClassMetadataReader$FindMethodClassVisitor:visitMethod:156]: visiting extinguish#()V
[21:01:28] [Server thread/INFO] [STDOUT]: [com.goodbird.cnpcgeckoaddon.hooklib.asm.ClassMetadataReader$FindMethodClassVisitor:visitMethod:156]: visiting getTypeName#()Ljava/lang/String;
[21:01:28] [Server thread/INFO] [STDOUT]: [com.goodbird.cnpcgeckoaddon.hooklib.asm.ClassMetadataReader$FindMethodClassVisitor:visitMethod:156]: visiting dropItem#(Lnoppes/npcs/api/item/IItemStack;)Lnoppes/npcs/api/entity/IEntityItem;
[21:01:28] [Server thread/INFO] [STDOUT]: [com.goodbird.cnpcgeckoaddon.hooklib.asm.ClassMetadataReader$FindMethodClassVisitor:visitMethod:156]: visiting getRiders#()[Lnoppes/npcs/api/entity/IEntity;
[21:01:28] [Server thread/INFO] [STDOUT]: [com.goodbird.cnpcgeckoaddon.hooklib.asm.ClassMetadataReader$FindMethodClassVisitor:visitMethod:156]: visiting rayTraceBlock#(DZZ)Lnoppes/npcs/api/IRayTrace;
[21:01:28] [Server thread/INFO] [STDOUT]: [com.goodbird.cnpcgeckoaddon.hooklib.asm.ClassMetadataReader$FindMethodClassVisitor:visitMethod:156]: visiting rayTraceEntities#(DZZ)[Lnoppes/npcs/api/entity/IEntity;
[21:01:28] [Server thread/INFO] [STDOUT]: [com.goodbird.cnpcgeckoaddon.hooklib.asm.ClassMetadataReader$FindMethodClassVisitor:visitMethod:156]: visiting findEntityOnPath#(DLnet/minecraft/util/math/Vec3d;Lnet/minecraft/util/math/Vec3d;)[Lnoppes/npcs/api/entity/IEntity;
[21:01:28] [Server thread/INFO] [STDOUT]: [com.goodbird.cnpcgeckoaddon.hooklib.asm.ClassMetadataReader$FindMethodClassVisitor:visitMethod:156]: visiting getAllRiders#()[Lnoppes/npcs/api/entity/IEntity;
[21:01:28] [Server thread/INFO] [STDOUT]: [com.goodbird.cnpcgeckoaddon.hooklib.asm.ClassMetadataReader$FindMethodClassVisitor:visitMethod:156]: visiting addRider#(Lnoppes/npcs/api/entity/IEntity;)V
[21:01:28] [Server thread/INFO] [STDOUT]: [com.goodbird.cnpcgeckoaddon.hooklib.asm.ClassMetadataReader$FindMethodClassVisitor:visitMethod:156]: visiting clearRiders#()V
[21:01:28] [Server thread/INFO] [STDOUT]: [com.goodbird.cnpcgeckoaddon.hooklib.asm.ClassMetadataReader$FindMethodClassVisitor:visitMethod:156]: visiting getMount#()Lnoppes/npcs/api/entity/IEntity;
[21:01:28] [Server thread/INFO] [STDOUT]: [com.goodbird.cnpcgeckoaddon.hooklib.asm.ClassMetadataReader$FindMethodClassVisitor:visitMethod:156]: visiting setMount#(Lnoppes/npcs/api/entity/IEntity;)V
[21:01:28] [Server thread/INFO] [STDOUT]: [com.goodbird.cnpcgeckoaddon.hooklib.asm.ClassMetadataReader$FindMethodClassVisitor:visitMethod:156]: visiting setRotation#(F)V
[21:01:28] [Server thread/INFO] [STDOUT]: [com.goodbird.cnpcgeckoaddon.hooklib.asm.ClassMetadataReader$FindMethodClassVisitor:visitMethod:156]: visiting getRotation#()F
[21:01:28] [Server thread/INFO] [STDOUT]: [com.goodbird.cnpcgeckoaddon.hooklib.asm.ClassMetadataReader$FindMethodClassVisitor:visitMethod:156]: visiting setPitch#(F)V
[21:01:28] [Server thread/INFO] [STDOUT]: [com.goodbird.cnpcgeckoaddon.hooklib.asm.ClassMetadataReader$FindMethodClassVisitor:visitMethod:156]: visiting getPitch#()F
[21:01:28] [Server thread/INFO] [STDOUT]: [com.goodbird.cnpcgeckoaddon.hooklib.asm.ClassMetadataReader$FindMethodClassVisitor:visitMethod:156]: visiting knockback#(IF)V
[21:01:28] [Server thread/INFO] [STDOUT]: [com.goodbird.cnpcgeckoaddon.hooklib.asm.ClassMetadataReader$FindMethodClassVisitor:visitMethod:156]: visiting isSneaking#()Z
[21:01:28] [Server thread/INFO] [STDOUT]: [com.goodbird.cnpcgeckoaddon.hooklib.asm.ClassMetadataReader$FindMethodClassVisitor:visitMethod:156]: visiting isSprinting#()Z
[21:01:28] [Server thread/INFO] [STDOUT]: [com.goodbird.cnpcgeckoaddon.hooklib.asm.ClassMetadataReader$FindMethodClassVisitor:visitMethod:156]: visiting getMCEntity#()Lnet/minecraft/entity/Entity;
[21:01:28] [Server thread/INFO] [STDOUT]: [com.goodbird.cnpcgeckoaddon.hooklib.asm.ClassMetadataReader$FindMethodClassVisitor:visitMethod:156]: visiting getType#()I
[21:01:28] [Server thread/INFO] [STDOUT]: [com.goodbird.cnpcgeckoaddon.hooklib.asm.ClassMetadataReader$FindMethodClassVisitor:visitMethod:156]: visiting typeOf#(I)Z
[21:01:28] [Server thread/INFO] [STDOUT]: [com.goodbird.cnpcgeckoaddon.hooklib.asm.ClassMetadataReader$FindMethodClassVisitor:visitMethod:156]: visiting getUUID#()Ljava/lang/String;
[21:01:28] [Server thread/INFO] [STDOUT]: [com.goodbird.cnpcgeckoaddon.hooklib.asm.ClassMetadataReader$FindMethodClassVisitor:visitMethod:156]: visiting generateNewUUID#()Ljava/lang/String;
[21:01:28] [Server thread/INFO] [STDOUT]: [com.goodbird.cnpcgeckoaddon.hooklib.asm.ClassMetadataReader$FindMethodClassVisitor:visitMethod:156]: visiting getNbt#()Lnoppes/npcs/api/INbt;
[21:01:28] [Server thread/INFO] [STDOUT]: [com.goodbird.cnpcgeckoaddon.hooklib.asm.ClassMetadataReader$FindMethodClassVisitor:visitMethod:156]: visiting storeAsClone#(ILjava/lang/String;)V
[21:01:28] [Server thread/INFO] [STDOUT]: [com.goodbird.cnpcgeckoaddon.hooklib.asm.ClassMetadataReader$FindMethodClassVisitor:visitMethod:156]: visiting getEntityNbt#()Lnoppes/npcs/api/INbt;
[21:01:28] [Server thread/INFO] [STDOUT]: [com.goodbird.cnpcgeckoaddon.hooklib.asm.ClassMetadataReader$FindMethodClassVisitor:visitMethod:156]: visiting setEntityNbt#(Lnoppes/npcs/api/INbt;)V
[21:01:28] [Server thread/INFO] [STDOUT]: [com.goodbird.cnpcgeckoaddon.hooklib.asm.ClassMetadataReader$FindMethodClassVisitor:visitMethod:156]: visiting playAnimation#(I)V
[21:01:28] [Server thread/INFO] [STDOUT]: [com.goodbird.cnpcgeckoaddon.hooklib.asm.ClassMetadataReader$FindMethodClassVisitor:visitMethod:156]: visiting getHeight#()F
[21:01:28] [Server thread/INFO] [STDOUT]: [com.goodbird.cnpcgeckoaddon.hooklib.asm.ClassMetadataReader$FindMethodClassVisitor:visitMethod:156]: visiting getEyeHeight#()F
[21:01:28] [Server thread/INFO] [STDOUT]: [com.goodbird.cnpcgeckoaddon.hooklib.asm.ClassMetadataReader$FindMethodClassVisitor:visitMethod:156]: visiting getWidth#()F
[21:01:28] [Server thread/INFO] [STDOUT]: [com.goodbird.cnpcgeckoaddon.hooklib.asm.ClassMetadataReader$FindMethodClassVisitor:visitMethod:156]: visiting getPos#()Lnoppes/npcs/api/IPos;
[21:01:28] [Server thread/INFO] [STDOUT]: [com.goodbird.cnpcgeckoaddon.hooklib.asm.ClassMetadataReader$FindMethodClassVisitor:visitMethod:156]: visiting setPos#(Lnoppes/npcs/api/IPos;)V
[21:01:28] [Server thread/INFO] [STDOUT]: [com.goodbird.cnpcgeckoaddon.hooklib.asm.ClassMetadataReader$FindMethodClassVisitor:visitMethod:156]: visiting getTags#()[Ljava/lang/String;
[21:01:28] [Server thread/INFO] [STDOUT]: [com.goodbird.cnpcgeckoaddon.hooklib.asm.ClassMetadataReader$FindMethodClassVisitor:visitMethod:156]: visiting addTag#(Ljava/lang/String;)V
[21:01:28] [Server thread/INFO] [STDOUT]: [com.goodbird.cnpcgeckoaddon.hooklib.asm.ClassMetadataReader$FindMethodClassVisitor:visitMethod:156]: visiting hasTag#(Ljava/lang/String;)Z
[21:01:28] [Server thread/INFO] [STDOUT]: [com.goodbird.cnpcgeckoaddon.hooklib.asm.ClassMetadataReader$FindMethodClassVisitor:visitMethod:156]: visiting removeTag#(Ljava/lang/String;)V
[21:01:28] [Server thread/INFO] [STDOUT]: [com.goodbird.cnpcgeckoaddon.hooklib.asm.ClassMetadataReader$FindMethodClassVisitor:visitMethod:156]: visiting getMotionX#()D
[21:01:28] [Server thread/INFO] [STDOUT]: [com.goodbird.cnpcgeckoaddon.hooklib.asm.ClassMetadataReader$FindMethodClassVisitor:visitMethod:156]: visiting getMotionY#()D
[21:01:28] [Server thread/INFO] [STDOUT]: [com.goodbird.cnpcgeckoaddon.hooklib.asm.ClassMetadataReader$FindMethodClassVisitor:visitMethod:156]: visiting getMotionZ#()D
[21:01:28] [Server thread/INFO] [STDOUT]: [com.goodbird.cnpcgeckoaddon.hooklib.asm.ClassMetadataReader$FindMethodClassVisitor:visitMethod:156]: visiting setMotionX#(D)V
[21:01:28] [Server thread/INFO] [STDOUT]: [com.goodbird.cnpcgeckoaddon.hooklib.asm.ClassMetadataReader$FindMethodClassVisitor:visitMethod:156]: visiting setMotionY#(D)V
[21:01:28] [Server thread/INFO] [STDOUT]: [com.goodbird.cnpcgeckoaddon.hooklib.asm.ClassMetadataReader$FindMethodClassVisitor:visitMethod:156]: visiting setMotionZ#(D)V
[21:01:28] [Server thread/INFO] [STDOUT]: [com.goodbird.cnpcgeckoaddon.hooklib.asm.ClassMetadataReader$FindMethodClassVisitor:visitMethod:156]: visiting lambda$findEntityOnPath$0#(Lnoppes/npcs/api/entity/IEntity;Lnoppes/npcs/api/entity/IEntity;)I
[21:01:28] [Server thread/INFO] [STDOUT]: [com.goodbird.cnpcgeckoaddon.hooklib.asm.ClassMetadataReader$FindMethodClassVisitor:visitMethod:156]: visiting access$000#(Lnoppes/npcs/api/wrapper/EntityWrapper;)Ljava/util/Map;
[21:01:28] [Server thread/INFO] [STDOUT]: [com.goodbird.cnpcgeckoaddon.hooklib.asm.ClassMetadataReader$FindMethodClassVisitor:visitMethod:156]: visiting <init>#(Lnoppes/npcs/entity/EntityNPCInterface;)V
[21:01:28] [Server thread/INFO] [STDOUT]: [com.goodbird.cnpcgeckoaddon.hooklib.asm.ClassMetadataReader$FindMethodClassVisitor:visitMethod:156]: visiting setMaxHealth#(F)V
[21:01:28] [Server thread/INFO] [STDOUT]: [com.goodbird.cnpcgeckoaddon.hooklib.asm.ClassMetadataReader$FindMethodClassVisitor:visitMethod:156]: visiting getDisplay#()Lnoppes/npcs/api/entity/data/INPCDisplay;
[21:01:28] [Server thread/INFO] [STDOUT]: [com.goodbird.cnpcgeckoaddon.hooklib.asm.ClassMetadataReader$FindMethodClassVisitor:visitMethod:156]: visiting getInventory#()Lnoppes/npcs/api/entity/data/INPCInventory;
[21:01:28] [Server thread/INFO] [STDOUT]: [com.goodbird.cnpcgeckoaddon.hooklib.asm.ClassMetadataReader$FindMethodClassVisitor:visitMethod:156]: visiting getAi#()Lnoppes/npcs/api/entity/data/INPCAi;
[21:01:28] [Server thread/INFO] [STDOUT]: [com.goodbird.cnpcgeckoaddon.hooklib.asm.ClassMetadataReader$FindMethodClassVisitor:visitMethod:156]: visiting getAdvanced#()Lnoppes/npcs/api/entity/data/INPCAdvanced;
[21:01:28] [Server thread/INFO] [STDOUT]: [com.goodbird.cnpcgeckoaddon.hooklib.asm.ClassMetadataReader$FindMethodClassVisitor:visitMethod:156]: visiting getStats#()Lnoppes/npcs/api/entity/data/INPCStats;
[21:01:28] [Server thread/INFO] [STDOUT]: [com.goodbird.cnpcgeckoaddon.hooklib.asm.ClassMetadataReader$FindMethodClassVisitor:visitMethod:156]: visiting getFaction#()Lnoppes/npcs/api/handler/data/IFaction;
[21:01:28] [Server thread/INFO] [STDOUT]: [com.goodbird.cnpcgeckoaddon.hooklib.asm.ClassMetadataReader$FindMethodClassVisitor:visitMethod:156]: visiting getTimers#()Lnoppes/npcs/api/ITimers;
[21:01:28] [Server thread/INFO] [STDOUT]: [com.goodbird.cnpcgeckoaddon.hooklib.asm.ClassMetadataReader$FindMethodClassVisitor:visitMethod:156]: visiting setFaction#(I)V
[21:01:28] [Server thread/INFO] [STDOUT]: [com.goodbird.cnpcgeckoaddon.hooklib.asm.ClassMetadataReader$FindMethodClassVisitor:visitMethod:156]: visiting getRole#()Lnoppes/npcs/api/entity/data/INPCRole;
[21:01:28] [Server thread/INFO] [STDOUT]: [com.goodbird.cnpcgeckoaddon.hooklib.asm.ClassMetadataReader$FindMethodClassVisitor:visitMethod:156]: visiting getJob#()Lnoppes/npcs/api/entity/data/INPCJob;
[21:01:28] [Server thread/INFO] [STDOUT]: [com.goodbird.cnpcgeckoaddon.hooklib.asm.ClassMetadataReader$FindMethodClassVisitor:visitMethod:156]: visiting getHomeX#()I
[21:01:28] [Server thread/INFO] [STDOUT]: [com.goodbird.cnpcgeckoaddon.hooklib.asm.ClassMetadataReader$FindMethodClassVisitor:visitMethod:156]: visiting getHomeY#()I
[21:01:28] [Server thread/INFO] [STDOUT]: [com.goodbird.cnpcgeckoaddon.hooklib.asm.ClassMetadataReader$FindMethodClassVisitor:visitMethod:156]: visiting getHomeZ#()I
[21:01:28] [Server thread/INFO] [STDOUT]: [com.goodbird.cnpcgeckoaddon.hooklib.asm.ClassMetadataReader$FindMethodClassVisitor:visitMethod:156]: visiting setHome#(III)V
[21:01:28] [Server thread/INFO] [STDOUT]: [com.goodbird.cnpcgeckoaddon.hooklib.asm.ClassMetadataReader$FindMethodClassVisitor:visitMethod:156]: visiting getOffsetX#()I
[21:01:28] [Server thread/INFO] [STDOUT]: [com.goodbird.cnpcgeckoaddon.hooklib.asm.ClassMetadataReader$FindMethodClassVisitor:visitMethod:156]: visiting getOffsetY#()I
[21:01:28] [Server thread/INFO] [STDOUT]: [com.goodbird.cnpcgeckoaddon.hooklib.asm.ClassMetadataReader$FindMethodClassVisitor:visitMethod:156]: visiting getOffsetZ#()I
[21:01:28] [Server thread/INFO] [STDOUT]: [com.goodbird.cnpcgeckoaddon.hooklib.asm.ClassMetadataReader$FindMethodClassVisitor:visitMethod:156]: visiting setOffset#(III)V
[21:01:28] [Server thread/INFO] [STDOUT]: [com.goodbird.cnpcgeckoaddon.hooklib.asm.ClassMetadataReader$FindMethodClassVisitor:visitMethod:156]: visiting say#(Ljava/lang/String;)V
[21:01:28] [Server thread/INFO] [STDOUT]: [com.goodbird.cnpcgeckoaddon.hooklib.asm.ClassMetadataReader$FindMethodClassVisitor:visitMethod:156]: visiting sayTo#(Lnoppes/npcs/api/entity/IPlayer;Ljava/lang/String;)V
[21:01:28] [Server thread/INFO] [STDOUT]: [com.goodbird.cnpcgeckoaddon.hooklib.asm.ClassMetadataReader$FindMethodClassVisitor:visitMethod:156]: visiting reset#()V
[21:01:28] [Server thread/INFO] [STDOUT]: [com.goodbird.cnpcgeckoaddon.hooklib.asm.ClassMetadataReader$FindMethodClassVisitor:visitMethod:156]: visiting getAge#()J
[21:01:28] [Server thread/INFO] [STDOUT]: [com.goodbird.cnpcgeckoaddon.hooklib.asm.ClassMetadataReader$FindMethodClassVisitor:visitMethod:156]: visiting shootItem#(Lnoppes/npcs/api/entity/IEntityLivingBase;Lnoppes/npcs/api/item/IItemStack;I)Lnoppes/npcs/api/entity/IProjectile;
[21:01:28] [Server thread/INFO] [STDOUT]: [com.goodbird.cnpcgeckoaddon.hooklib.asm.ClassMetadataReader$FindMethodClassVisitor:visitMethod:156]: visiting shootItem#(DDDLnoppes/npcs/api/item/IItemStack;I)Lnoppes/npcs/api/entity/IProjectile;
[21:01:28] [Server thread/INFO] [STDOUT]: [com.goodbird.cnpcgeckoaddon.hooklib.asm.ClassMetadataReader$FindMethodClassVisitor:visitMethod:156]: visiting giveItem#(Lnoppes/npcs/api/entity/IPlayer;Lnoppes/npcs/api/item/IItemStack;)V
[21:01:28] [Server thread/INFO] [STDOUT]: [com.goodbird.cnpcgeckoaddon.hooklib.asm.ClassMetadataReader$FindMethodClassVisitor:visitMethod:156]: visiting executeCommand#(Ljava/lang/String;)Ljava/lang/String;
[21:01:28] [Server thread/INFO] [STDOUT]: [com.goodbird.cnpcgeckoaddon.hooklib.asm.ClassMetadataReader$FindMethodClassVisitor:visitMethod:156]: visiting getType#()I
[21:01:28] [Server thread/INFO] [STDOUT]: [com.goodbird.cnpcgeckoaddon.hooklib.asm.ClassMetadataReader$FindMethodClassVisitor:visitMethod:156]: visiting getName#()Ljava/lang/String;
[21:01:28] [Server thread/INFO] [STDOUT]: [com.goodbird.cnpcgeckoaddon.hooklib.asm.ClassMetadataReader$FindMethodClassVisitor:visitMethod:156]: visiting setName#(Ljava/lang/String;)V
[21:01:28] [Server thread/INFO] [STDOUT]: [com.goodbird.cnpcgeckoaddon.hooklib.asm.ClassMetadataReader$FindMethodClassVisitor:visitMethod:156]: visiting setRotation#(F)V
[21:01:28] [Server thread/INFO] [STDOUT]: [com.goodbird.cnpcgeckoaddon.hooklib.asm.ClassMetadataReader$FindMethodClassVisitor:visitMethod:156]: visiting typeOf#(I)Z
[21:01:28] [Server thread/INFO] [STDOUT]: [com.goodbird.cnpcgeckoaddon.hooklib.asm.ClassMetadataReader$FindMethodClassVisitor:visitMethod:156]: visiting setDialog#(ILnoppes/npcs/api/handler/data/IDialog;)V
[21:01:28] [Server thread/INFO] [STDOUT]: [com.goodbird.cnpcgeckoaddon.hooklib.asm.ClassMetadataReader$FindMethodClassVisitor:visitMethod:156]: visiting getDialog#(I)Lnoppes/npcs/api/handler/data/IDialog;
[21:01:28] [Server thread/INFO] [STDOUT]: [com.goodbird.cnpcgeckoaddon.hooklib.asm.ClassMetadataReader$FindMethodClassVisitor:visitMethod:156]: visiting updateClient#()V
[21:01:28] [Server thread/INFO] [STDOUT]: [com.goodbird.cnpcgeckoaddon.hooklib.asm.ClassMetadataReader$FindMethodClassVisitor:visitMethod:156]: visiting getOwner#()Lnoppes/npcs/api/entity/IEntityLivingBase;
[21:01:28] [Server thread/INFO] [STDOUT]: [com.goodbird.cnpcgeckoaddon.hooklib.asm.ClassMetadataReader$FindMethodClassVisitor:visitMethod:156]: visiting <init>#(Lnet/minecraft/entity/EntityLiving;)V
[21:01:28] [Server thread/INFO] [STDOUT]: [com.goodbird.cnpcgeckoaddon.hooklib.asm.ClassMetadataReader$FindMethodClassVisitor:visitMethod:156]: visiting navigateTo#(DDDD)V
[21:01:28] [Server thread/INFO] [STDOUT]: [com.goodbird.cnpcgeckoaddon.hooklib.asm.ClassMetadataReader$FindMethodClassVisitor:visitMethod:156]: visiting clearNavigation#()V
[21:01:28] [Server thread/INFO] [STDOUT]: [com.goodbird.cnpcgeckoaddon.hooklib.asm.ClassMetadataReader$FindMethodClassVisitor:visitMethod:156]: visiting getNavigationPath#()Lnoppes/npcs/api/IPos;
[21:01:28] [Server thread/INFO] [STDOUT]: [com.goodbird.cnpcgeckoaddon.hooklib.asm.ClassMetadataReader$FindMethodClassVisitor:visitMethod:156]: visiting isNavigating#()Z
[21:01:28] [Server thread/INFO] [STDOUT]: [com.goodbird.cnpcgeckoaddon.hooklib.asm.ClassMetadataReader$FindMethodClassVisitor:visitMethod:156]: visiting isAttacking#()Z
[21:01:28] [Server thread/INFO] [STDOUT]: [com.goodbird.cnpcgeckoaddon.hooklib.asm.ClassMetadataReader$FindMethodClassVisitor:visitMethod:156]: visiting setAttackTarget#(Lnoppes/npcs/api/entity/IEntityLivingBase;)V
[21:01:28] [Server thread/INFO] [STDOUT]: [com.goodbird.cnpcgeckoaddon.hooklib.asm.ClassMetadataReader$FindMethodClassVisitor:visitMethod:156]: visiting getAttackTarget#()Lnoppes/npcs/api/entity/IEntityLivingBase;
[21:01:28] [Server thread/INFO] [STDOUT]: [com.goodbird.cnpcgeckoaddon.hooklib.asm.ClassMetadataReader$FindMethodClassVisitor:visitMethod:156]: visiting canSeeEntity#(Lnoppes/npcs/api/entity/IEntity;)Z
[21:01:28] [Server thread/INFO] [STDOUT]: [com.goodbird.cnpcgeckoaddon.hooklib.asm.ClassMetadataReader$FindMethodClassVisitor:visitMethod:156]: visiting jump#()V
[21:01:28] [Server thread/INFO] [STDOUT]: [com.goodbird.cnpcgeckoaddon.hooklib.asm.ClassMetadataReader$FindMethodClassVisitor:visitMethod:156]: visiting getMCEntity#()Lnet/minecraft/entity/EntityLiving;
[21:01:28] [Server thread/INFO] [STDOUT]: [com.goodbird.cnpcgeckoaddon.hooklib.asm.ClassMetadataReader$FindMethodClassVisitor:visitMethod:156]: visiting <init>#(Lnet/minecraft/entity/EntityLivingBase;)V
[21:01:28] [Server thread/INFO] [STDOUT]: [com.goodbird.cnpcgeckoaddon.hooklib.asm.ClassMetadataReader$FindMethodClassVisitor:visitMethod:156]: visiting getHealth#()F
[21:01:28] [Server thread/INFO] [STDOUT]: [com.goodbird.cnpcgeckoaddon.hooklib.asm.ClassMetadataReader$FindMethodClassVisitor:visitMethod:156]: visiting setHealth#(F)V
[21:01:28] [Server thread/INFO] [STDOUT]: [com.goodbird.cnpcgeckoaddon.hooklib.asm.ClassMetadataReader$FindMethodClassVisitor:visitMethod:156]: visiting getMaxHealth#()F
[21:01:28] [Server thread/INFO] [STDOUT]: [com.goodbird.cnpcgeckoaddon.hooklib.asm.ClassMetadataReader$FindMethodClassVisitor:visitMethod:156]: visiting setMaxHealth#(F)V
[21:01:28] [Server thread/INFO] [STDOUT]: [com.goodbird.cnpcgeckoaddon.hooklib.asm.ClassMetadataReader$FindMethodClassVisitor:visitMethod:156]: visiting isAttacking#()Z
[21:01:28] [Server thread/INFO] [STDOUT]: [com.goodbird.cnpcgeckoaddon.hooklib.asm.ClassMetadataReader$FindMethodClassVisitor:visitMethod:156]: visiting setAttackTarget#(Lnoppes/npcs/api/entity/IEntityLivingBase;)V
[21:01:28] [Server thread/INFO] [STDOUT]: [com.goodbird.cnpcgeckoaddon.hooklib.asm.ClassMetadataReader$FindMethodClassVisitor:visitMethod:156]: visiting getAttackTarget#()Lnoppes/npcs/api/entity/IEntityLivingBase;
[21:01:28] [Server thread/INFO] [STDOUT]: [com.goodbird.cnpcgeckoaddon.hooklib.asm.ClassMetadataReader$FindMethodClassVisitor:visitMethod:156]: visiting getLastAttacked#()Lnoppes/npcs/api/entity/IEntityLivingBase;
[21:01:28] [Server thread/INFO] [STDOUT]: [com.goodbird.cnpcgeckoaddon.hooklib.asm.ClassMetadataReader$FindMethodClassVisitor:visitMethod:156]: visiting getLastAttackedTime#()I
[21:01:28] [Server thread/INFO] [STDOUT]: [com.goodbird.cnpcgeckoaddon.hooklib.asm.ClassMetadataReader$FindMethodClassVisitor:visitMethod:156]: visiting canSeeEntity#(Lnoppes/npcs/api/entity/IEntity;)Z
[21:01:28] [Server thread/INFO] [STDOUT]: [com.goodbird.cnpcgeckoaddon.hooklib.asm.ClassMetadataReader$FindMethodClassVisitor:visitMethod:156]: visiting swingMainhand#()V
[21:01:28] [Server thread/INFO] [STDOUT]: [com.goodbird.cnpcgeckoaddon.hooklib.asm.ClassMetadataReader$FindMethodClassVisitor:visitMethod:156]: visiting swingOffhand#()V
[21:01:28] [Server thread/INFO] [STDOUT]: [com.goodbird.cnpcgeckoaddon.hooklib.asm.ClassMetadataReader$FindMethodClassVisitor:visitMethod:156]: visiting addPotionEffect#(IIIZ)V
[21:01:28] [Server thread/INFO] [STDOUT]: [com.goodbird.cnpcgeckoaddon.hooklib.asm.ClassMetadataReader$FindMethodClassVisitor:visitMethod:156]: visiting clearPotionEffects#()V
[21:01:28] [Server thread/INFO] [STDOUT]: [com.goodbird.cnpcgeckoaddon.hooklib.asm.ClassMetadataReader$FindMethodClassVisitor:visitMethod:156]: visiting getPotionEffect#(I)I
[21:01:28] [Server thread/INFO] [STDOUT]: [com.goodbird.cnpcgeckoaddon.hooklib.asm.ClassMetadataReader$FindMethodClassVisitor:visitMethod:156]: visiting getMainhandItem#()Lnoppes/npcs/api/item/IItemStack;
[21:01:28] [Server thread/INFO] [STDOUT]: [com.goodbird.cnpcgeckoaddon.hooklib.asm.ClassMetadataReader$FindMethodClassVisitor:visitMethod:156]: visiting setMainhandItem#(Lnoppes/npcs/api/item/IItemStack;)V
[21:01:28] [Server thread/INFO] [STDOUT]: [com.goodbird.cnpcgeckoaddon.hooklib.asm.ClassMetadataReader$FindMethodClassVisitor:visitMethod:156]: visiting getOffhandItem#()Lnoppes/npcs/api/item/IItemStack;
[21:01:28] [Server thread/INFO] [STDOUT]: [com.goodbird.cnpcgeckoaddon.hooklib.asm.ClassMetadataReader$FindMethodClassVisitor:visitMethod:156]: visiting setOffhandItem#(Lnoppes/npcs/api/item/IItemStack;)V
[21:01:28] [Server thread/INFO] [STDOUT]: [com.goodbird.cnpcgeckoaddon.hooklib.asm.ClassMetadataReader$FindMethodClassVisitor:visitMethod:156]: visiting getArmor#(I)Lnoppes/npcs/api/item/IItemStack;
[21:01:28] [Server thread/INFO] [STDOUT]: [com.goodbird.cnpcgeckoaddon.hooklib.asm.ClassMetadataReader$FindMethodClassVisitor:visitMethod:156]: visiting setArmor#(ILnoppes/npcs/api/item/IItemStack;)V
[21:01:28] [Server thread/INFO] [STDOUT]: [com.goodbird.cnpcgeckoaddon.hooklib.asm.ClassMetadataReader$FindMethodClassVisitor:visitMethod:156]: visiting getSlot#(I)Lnet/minecraft/inventory/EntityEquipmentSlot;
[21:01:28] [Server thread/INFO] [STDOUT]: [com.goodbird.cnpcgeckoaddon.hooklib.asm.ClassMetadataReader$FindMethodClassVisitor:visitMethod:156]: visiting getRotation#()F
[21:01:28] [Server thread/INFO] [STDOUT]: [com.goodbird.cnpcgeckoaddon.hooklib.asm.ClassMetadataReader$FindMethodClassVisitor:visitMethod:156]: visiting setRotation#(F)V
[21:01:28] [Server thread/INFO] [STDOUT]: [com.goodbird.cnpcgeckoaddon.hooklib.asm.ClassMetadataReader$FindMethodClassVisitor:visitMethod:156]: visiting getType#()I
[21:01:28] [Server thread/INFO] [STDOUT]: [com.goodbird.cnpcgeckoaddon.hooklib.asm.ClassMetadataReader$FindMethodClassVisitor:visitMethod:156]: visiting typeOf#(I)Z
[21:01:28] [Server thread/INFO] [STDOUT]: [com.goodbird.cnpcgeckoaddon.hooklib.asm.ClassMetadataReader$FindMethodClassVisitor:visitMethod:156]: visiting isChild#()Z
[21:01:28] [Server thread/INFO] [STDOUT]: [com.goodbird.cnpcgeckoaddon.hooklib.asm.ClassMetadataReader$FindMethodClassVisitor:visitMethod:156]: visiting addMark#(I)Lnoppes/npcs/api/entity/data/IMark;
[21:01:28] [Server thread/INFO] [STDOUT]: [com.goodbird.cnpcgeckoaddon.hooklib.asm.ClassMetadataReader$FindMethodClassVisitor:visitMethod:156]: visiting removeMark#(Lnoppes/npcs/api/entity/data/IMark;)V
[21:01:28] [Server thread/INFO] [STDOUT]: [com.goodbird.cnpcgeckoaddon.hooklib.asm.ClassMetadataReader$FindMethodClassVisitor:visitMethod:156]: visiting getMarks#()[Lnoppes/npcs/api/entity/data/IMark;
[21:01:28] [Server thread/INFO] [STDOUT]: [com.goodbird.cnpcgeckoaddon.hooklib.asm.ClassMetadataReader$FindMethodClassVisitor:visitMethod:156]: visiting getMoveForward#()F
[21:01:28] [Server thread/INFO] [STDOUT]: [com.goodbird.cnpcgeckoaddon.hooklib.asm.ClassMetadataReader$FindMethodClassVisitor:visitMethod:156]: visiting setMoveForward#(F)V
[21:01:28] [Server thread/INFO] [STDOUT]: [com.goodbird.cnpcgeckoaddon.hooklib.asm.ClassMetadataReader$FindMethodClassVisitor:visitMethod:156]: visiting getMoveStrafing#()F
[21:01:28] [Server thread/INFO] [STDOUT]: [com.goodbird.cnpcgeckoaddon.hooklib.asm.ClassMetadataReader$FindMethodClassVisitor:visitMethod:156]: visiting setMoveStrafing#(F)V
[21:01:28] [Server thread/INFO] [STDOUT]: [com.goodbird.cnpcgeckoaddon.hooklib.asm.ClassMetadataReader$FindMethodClassVisitor:visitMethod:156]: visiting getMoveVertical#()F
[21:01:28] [Server thread/INFO] [STDOUT]: [com.goodbird.cnpcgeckoaddon.hooklib.asm.ClassMetadataReader$FindMethodClassVisitor:visitMethod:156]: visiting setMoveVertical#(F)V
[21:01:28] [Server thread/INFO] [STDOUT]: [com.goodbird.cnpcgeckoaddon.hooklib.asm.ClassMetadataReader$FindMethodClassVisitor:visitMethod:156]: visiting getMCEntity#()Lnet/minecraft/entity/EntityLivingBase;
[21:01:28] [Server thread/INFO] [STDOUT]: [com.goodbird.cnpcgeckoaddon.hooklib.asm.ClassMetadataReader$FindMethodClassVisitor:visitMethod:156]: visiting <init>#(Lnet/minecraft/entity/Entity;)V
[21:01:28] [Server thread/INFO] [STDOUT]: [com.goodbird.cnpcgeckoaddon.hooklib.asm.ClassMetadataReader$FindMethodClassVisitor:visitMethod:156]: visiting getX#()D
[21:01:28] [Server thread/INFO] [STDOUT]: [com.goodbird.cnpcgeckoaddon.hooklib.asm.ClassMetadataReader$FindMethodClassVisitor:visitMethod:156]: visiting setX#(D)V
[21:01:28] [Server thread/INFO] [STDOUT]: [com.goodbird.cnpcgeckoaddon.hooklib.asm.ClassMetadataReader$FindMethodClassVisitor:visitMethod:156]: visiting getY#()D
[21:01:28] [Server thread/INFO] [STDOUT]: [com.goodbird.cnpcgeckoaddon.hooklib.asm.ClassMetadataReader$FindMethodClassVisitor:visitMethod:156]: visiting setY#(D)V
[21:01:28] [Server thread/INFO] [STDOUT]: [com.goodbird.cnpcgeckoaddon.hooklib.asm.ClassMetadataReader$FindMethodClassVisitor:visitMethod:156]: visiting getZ#()D
[21:01:28] [Server thread/INFO] [STDOUT]: [com.goodbird.cnpcgeckoaddon.hooklib.asm.ClassMetadataReader$FindMethodClassVisitor:visitMethod:156]: visiting setZ#(D)V
[21:01:28] [Server thread/INFO] [STDOUT]: [com.goodbird.cnpcgeckoaddon.hooklib.asm.ClassMetadataReader$FindMethodClassVisitor:visitMethod:156]: visiting getBlockX#()I
[21:01:28] [Server thread/INFO] [STDOUT]: [com.goodbird.cnpcgeckoaddon.hooklib.asm.ClassMetadataReader$FindMethodClassVisitor:visitMethod:156]: visiting getBlockY#()I
[21:01:28] [Server thread/INFO] [STDOUT]: [com.goodbird.cnpcgeckoaddon.hooklib.asm.ClassMetadataReader$FindMethodClassVisitor:visitMethod:156]: visiting getBlockZ#()I
[21:01:28] [Server thread/INFO] [STDOUT]: [com.goodbird.cnpcgeckoaddon.hooklib.asm.ClassMetadataReader$FindMethodClassVisitor:visitMethod:156]: visiting getEntityName#()Ljava/lang/String;
[21:01:28] [Server thread/INFO] [STDOUT]: [com.goodbird.cnpcgeckoaddon.hooklib.asm.ClassMetadataReader$FindMethodClassVisitor:visitMethod:156]: visiting getName#()Ljava/lang/String;
[21:01:28] [Server thread/INFO] [STDOUT]: [com.goodbird.cnpcgeckoaddon.hooklib.asm.ClassMetadataReader$FindMethodClassVisitor:visitMethod:156]: visiting setName#(Ljava/lang/String;)V
[21:01:28] [Server thread/INFO] [STDOUT]: [com.goodbird.cnpcgeckoaddon.hooklib.asm.ClassMetadataReader$FindMethodClassVisitor:visitMethod:156]: visiting hasCustomName#()Z
[21:01:28] [Server thread/INFO] [STDOUT]: [com.goodbird.cnpcgeckoaddon.hooklib.asm.ClassMetadataReader$FindMethodClassVisitor:visitMethod:156]: visiting setPosition#(DDD)V
[21:01:28] [Server thread/INFO] [STDOUT]: [com.goodbird.cnpcgeckoaddon.hooklib.asm.ClassMetadataReader$FindMethodClassVisitor:visitMethod:156]: visiting getWorld#()Lnoppes/npcs/api/IWorld;
[21:01:28] [Server thread/INFO] [STDOUT]: [com.goodbird.cnpcgeckoaddon.hooklib.asm.ClassMetadataReader$FindMethodClassVisitor:visitMethod:156]: visiting isAlive#()Z
[21:01:28] [Server thread/INFO] [STDOUT]: [com.goodbird.cnpcgeckoaddon.hooklib.asm.ClassMetadataReader$FindMethodClassVisitor:visitMethod:156]: visiting getTempdata#()Lnoppes/npcs/api/entity/data/IData;
[21:01:28] [Server thread/INFO] [STDOUT]: [com.goodbird.cnpcgeckoaddon.hooklib.asm.ClassMetadataReader$FindMethodClassVisitor:visitMethod:156]: visiting getStoreddata#()Lnoppes/npcs/api/entity/data/IData;
[21:01:28] [Server thread/INFO] [STDOUT]: [com.goodbird.cnpcgeckoaddon.hooklib.asm.ClassMetadataReader$FindMethodClassVisitor:visitMethod:156]: visiting getAge#()J
[21:01:28] [Server thread/INFO] [STDOUT]: [com.goodbird.cnpcgeckoaddon.hooklib.asm.ClassMetadataReader$FindMethodClassVisitor:visitMethod:156]: visiting damage#(F)V
[21:01:28] [Server thread/INFO] [STDOUT]: [com.goodbird.cnpcgeckoaddon.hooklib.asm.ClassMetadataReader$FindMethodClassVisitor:visitMethod:156]: visiting despawn#()V
[21:01:28] [Server thread/INFO] [STDOUT]: [com.goodbird.cnpcgeckoaddon.hooklib.asm.ClassMetadataReader$FindMethodClassVisitor:visitMethod:156]: visiting spawn#()V
[21:01:28] [Server thread/INFO] [STDOUT]: [com.goodbird.cnpcgeckoaddon.hooklib.asm.ClassMetadataReader$FindMethodClassVisitor:visitMethod:156]: visiting kill#()V
[21:01:28] [Server thread/INFO] [STDOUT]: [com.goodbird.cnpcgeckoaddon.hooklib.asm.ClassMetadataReader$FindMethodClassVisitor:visitMethod:156]: visiting inWater#()Z
[21:01:28] [Server thread/INFO] [STDOUT]: [com.goodbird.cnpcgeckoaddon.hooklib.asm.ClassMetadataReader$FindMethodClassVisitor:visitMethod:156]: visiting inLava#()Z
[21:01:28] [Server thread/INFO] [STDOUT]: [com.goodbird.cnpcgeckoaddon.hooklib.asm.ClassMetadataReader$FindMethodClassVisitor:visitMethod:156]: visiting inFire#()Z
[21:01:28] [Server thread/INFO] [STDOUT]: [com.goodbird.cnpcgeckoaddon.hooklib.asm.ClassMetadataReader$FindMethodClassVisitor:visitMethod:156]: visiting isBurning#()Z
[21:01:28] [Server thread/INFO] [STDOUT]: [com.goodbird.cnpcgeckoaddon.hooklib.asm.ClassMetadataReader$FindMethodClassVisitor:visitMethod:156]: visiting setBurning#(I)V
[21:01:28] [Server thread/INFO] [STDOUT]: [com.goodbird.cnpcgeckoaddon.hooklib.asm.ClassMetadataReader$FindMethodClassVisitor:visitMethod:156]: visiting extinguish#()V
[21:01:28] [Server thread/INFO] [STDOUT]: [com.goodbird.cnpcgeckoaddon.hooklib.asm.ClassMetadataReader$FindMethodClassVisitor:visitMethod:156]: visiting getTypeName#()Ljava/lang/String;
[21:01:28] [Server thread/INFO] [STDOUT]: [com.goodbird.cnpcgeckoaddon.hooklib.asm.ClassMetadataReader$FindMethodClassVisitor:visitMethod:156]: visiting dropItem#(Lnoppes/npcs/api/item/IItemStack;)Lnoppes/npcs/api/entity/IEntityItem;
[21:01:28] [Server thread/INFO] [STDOUT]: [com.goodbird.cnpcgeckoaddon.hooklib.asm.ClassMetadataReader$FindMethodClassVisitor:visitMethod:156]: visiting getRiders#()[Lnoppes/npcs/api/entity/IEntity;
[21:01:28] [Server thread/INFO] [STDOUT]: [com.goodbird.cnpcgeckoaddon.hooklib.asm.ClassMetadataReader$FindMethodClassVisitor:visitMethod:156]: visiting rayTraceBlock#(DZZ)Lnoppes/npcs/api/IRayTrace;
[21:01:28] [Server thread/INFO] [STDOUT]: [com.goodbird.cnpcgeckoaddon.hooklib.asm.ClassMetadataReader$FindMethodClassVisitor:visitMethod:156]: visiting rayTraceEntities#(DZZ)[Lnoppes/npcs/api/entity/IEntity;
[21:01:28] [Server thread/INFO] [STDOUT]: [com.goodbird.cnpcgeckoaddon.hooklib.asm.ClassMetadataReader$FindMethodClassVisitor:visitMethod:156]: visiting findEntityOnPath#(DLnet/minecraft/util/math/Vec3d;Lnet/minecraft/util/math/Vec3d;)[Lnoppes/npcs/api/entity/IEntity;
[21:01:28] [Server thread/INFO] [STDOUT]: [com.goodbird.cnpcgeckoaddon.hooklib.asm.ClassMetadataReader$FindMethodClassVisitor:visitMethod:156]: visiting getAllRiders#()[Lnoppes/npcs/api/entity/IEntity;
[21:01:28] [Server thread/INFO] [STDOUT]: [com.goodbird.cnpcgeckoaddon.hooklib.asm.ClassMetadataReader$FindMethodClassVisitor:visitMethod:156]: visiting addRider#(Lnoppes/npcs/api/entity/IEntity;)V
[21:01:28] [Server thread/INFO] [STDOUT]: [com.goodbird.cnpcgeckoaddon.hooklib.asm.ClassMetadataReader$FindMethodClassVisitor:visitMethod:156]: visiting clearRiders#()V
[21:01:28] [Server thread/INFO] [STDOUT]: [com.goodbird.cnpcgeckoaddon.hooklib.asm.ClassMetadataReader$FindMethodClassVisitor:visitMethod:156]: visiting getMount#()Lnoppes/npcs/api/entity/IEntity;
[21:01:28] [Server thread/INFO] [STDOUT]: [com.goodbird.cnpcgeckoaddon.hooklib.asm.ClassMetadataReader$FindMethodClassVisitor:visitMethod:156]: visiting setMount#(Lnoppes/npcs/api/entity/IEntity;)V
[21:01:28] [Server thread/INFO] [STDOUT]: [com.goodbird.cnpcgeckoaddon.hooklib.asm.ClassMetadataReader$FindMethodClassVisitor:visitMethod:156]: visiting setRotation#(F)V
[21:01:28] [Server thread/INFO] [STDOUT]: [com.goodbird.cnpcgeckoaddon.hooklib.asm.ClassMetadataReader$FindMethodClassVisitor:visitMethod:156]: visiting getRotation#()F
[21:01:28] [Server thread/INFO] [STDOUT]: [com.goodbird.cnpcgeckoaddon.hooklib.asm.ClassMetadataReader$FindMethodClassVisitor:visitMethod:156]: visiting setPitch#(F)V
[21:01:28] [Server thread/INFO] [STDOUT]: [com.goodbird.cnpcgeckoaddon.hooklib.asm.ClassMetadataReader$FindMethodClassVisitor:visitMethod:156]: visiting getPitch#()F
[21:01:28] [Server thread/INFO] [STDOUT]: [com.goodbird.cnpcgeckoaddon.hooklib.asm.ClassMetadataReader$FindMethodClassVisitor:visitMethod:156]: visiting knockback#(IF)V
[21:01:28] [Server thread/INFO] [STDOUT]: [com.goodbird.cnpcgeckoaddon.hooklib.asm.ClassMetadataReader$FindMethodClassVisitor:visitMethod:156]: visiting isSneaking#()Z
[21:01:28] [Server thread/INFO] [STDOUT]: [com.goodbird.cnpcgeckoaddon.hooklib.asm.ClassMetadataReader$FindMethodClassVisitor:visitMethod:156]: visiting isSprinting#()Z
[21:01:28] [Server thread/INFO] [STDOUT]: [com.goodbird.cnpcgeckoaddon.hooklib.asm.ClassMetadataReader$FindMethodClassVisitor:visitMethod:156]: visiting getMCEntity#()Lnet/minecraft/entity/Entity;
[21:01:28] [Server thread/INFO] [STDOUT]: [com.goodbird.cnpcgeckoaddon.hooklib.asm.ClassMetadataReader$FindMethodClassVisitor:visitMethod:156]: visiting getType#()I
[21:01:28] [Server thread/INFO] [STDOUT]: [com.goodbird.cnpcgeckoaddon.hooklib.asm.ClassMetadataReader$FindMethodClassVisitor:visitMethod:156]: visiting typeOf#(I)Z
[21:01:28] [Server thread/INFO] [STDOUT]: [com.goodbird.cnpcgeckoaddon.hooklib.asm.ClassMetadataReader$FindMethodClassVisitor:visitMethod:156]: visiting getUUID#()Ljava/lang/String;
[21:01:28] [Server thread/INFO] [STDOUT]: [com.goodbird.cnpcgeckoaddon.hooklib.asm.ClassMetadataReader$FindMethodClassVisitor:visitMethod:156]: visiting generateNewUUID#()Ljava/lang/String;
[21:01:28] [Server thread/INFO] [STDOUT]: [com.goodbird.cnpcgeckoaddon.hooklib.asm.ClassMetadataReader$FindMethodClassVisitor:visitMethod:156]: visiting getNbt#()Lnoppes/npcs/api/INbt;
[21:01:28] [Server thread/INFO] [STDOUT]: [com.goodbird.cnpcgeckoaddon.hooklib.asm.ClassMetadataReader$FindMethodClassVisitor:visitMethod:156]: visiting storeAsClone#(ILjava/lang/String;)V
[21:01:28] [Server thread/INFO] [STDOUT]: [com.goodbird.cnpcgeckoaddon.hooklib.asm.ClassMetadataReader$FindMethodClassVisitor:visitMethod:156]: visiting getEntityNbt#()Lnoppes/npcs/api/INbt;
[21:01:28] [Server thread/INFO] [STDOUT]: [com.goodbird.cnpcgeckoaddon.hooklib.asm.ClassMetadataReader$FindMethodClassVisitor:visitMethod:156]: visiting setEntityNbt#(Lnoppes/npcs/api/INbt;)V
[21:01:28] [Server thread/INFO] [STDOUT]: [com.goodbird.cnpcgeckoaddon.hooklib.asm.ClassMetadataReader$FindMethodClassVisitor:visitMethod:156]: visiting playAnimation#(I)V
[21:01:28] [Server thread/INFO] [STDOUT]: [com.goodbird.cnpcgeckoaddon.hooklib.asm.ClassMetadataReader$FindMethodClassVisitor:visitMethod:156]: visiting getHeight#()F
[21:01:28] [Server thread/INFO] [STDOUT]: [com.goodbird.cnpcgeckoaddon.hooklib.asm.ClassMetadataReader$FindMethodClassVisitor:visitMethod:156]: visiting getEyeHeight#()F
[21:01:28] [Server thread/INFO] [STDOUT]: [com.goodbird.cnpcgeckoaddon.hooklib.asm.ClassMetadataReader$FindMethodClassVisitor:visitMethod:156]: visiting getWidth#()F
[21:01:28] [Server thread/INFO] [STDOUT]: [com.goodbird.cnpcgeckoaddon.hooklib.asm.ClassMetadataReader$FindMethodClassVisitor:visitMethod:156]: visiting getPos#()Lnoppes/npcs/api/IPos;
[21:01:28] [Server thread/INFO] [STDOUT]: [com.goodbird.cnpcgeckoaddon.hooklib.asm.ClassMetadataReader$FindMethodClassVisitor:visitMethod:156]: visiting setPos#(Lnoppes/npcs/api/IPos;)V
[21:01:28] [Server thread/INFO] [STDOUT]: [com.goodbird.cnpcgeckoaddon.hooklib.asm.ClassMetadataReader$FindMethodClassVisitor:visitMethod:156]: visiting getTags#()[Ljava/lang/String;
[21:01:28] [Server thread/INFO] [STDOUT]: [com.goodbird.cnpcgeckoaddon.hooklib.asm.ClassMetadataReader$FindMethodClassVisitor:visitMethod:156]: visiting addTag#(Ljava/lang/String;)V
[21:01:28] [Server thread/INFO] [STDOUT]: [com.goodbird.cnpcgeckoaddon.hooklib.asm.ClassMetadataReader$FindMethodClassVisitor:visitMethod:156]: visiting hasTag#(Ljava/lang/String;)Z
[21:01:28] [Server thread/INFO] [STDOUT]: [com.goodbird.cnpcgeckoaddon.hooklib.asm.ClassMetadataReader$FindMethodClassVisitor:visitMethod:156]: visiting removeTag#(Ljava/lang/String;)V
[21:01:28] [Server thread/INFO] [STDOUT]: [com.goodbird.cnpcgeckoaddon.hooklib.asm.ClassMetadataReader$FindMethodClassVisitor:visitMethod:156]: visiting getMotionX#()D
[21:01:28] [Server thread/INFO] [STDOUT]: [com.goodbird.cnpcgeckoaddon.hooklib.asm.ClassMetadataReader$FindMethodClassVisitor:visitMethod:156]: visiting getMotionY#()D
[21:01:28] [Server thread/INFO] [STDOUT]: [com.goodbird.cnpcgeckoaddon.hooklib.asm.ClassMetadataReader$FindMethodClassVisitor:visitMethod:156]: visiting getMotionZ#()D
[21:01:28] [Server thread/INFO] [STDOUT]: [com.goodbird.cnpcgeckoaddon.hooklib.asm.ClassMetadataReader$FindMethodClassVisitor:visitMethod:156]: visiting setMotionX#(D)V
[21:01:28] [Server thread/INFO] [STDOUT]: [com.goodbird.cnpcgeckoaddon.hooklib.asm.ClassMetadataReader$FindMethodClassVisitor:visitMethod:156]: visiting setMotionY#(D)V
[21:01:28] [Server thread/INFO] [STDOUT]: [com.goodbird.cnpcgeckoaddon.hooklib.asm.ClassMetadataReader$FindMethodClassVisitor:visitMethod:156]: visiting setMotionZ#(D)V
[21:01:28] [Server thread/INFO] [STDOUT]: [com.goodbird.cnpcgeckoaddon.hooklib.asm.ClassMetadataReader$FindMethodClassVisitor:visitMethod:156]: visiting lambda$findEntityOnPath$0#(Lnoppes/npcs/api/entity/IEntity;Lnoppes/npcs/api/entity/IEntity;)I
[21:01:28] [Server thread/INFO] [STDOUT]: [com.goodbird.cnpcgeckoaddon.hooklib.asm.ClassMetadataReader$FindMethodClassVisitor:visitMethod:156]: visiting access$000#(Lnoppes/npcs/api/wrapper/EntityWrapper;)Ljava/util/Map;
[21:01:28] [Server thread/INFO] [STDOUT]: [com.goodbird.cnpcgeckoaddon.hooklib.asm.ClassMetadataReader$FindMethodClassVisitor:visitMethod:156]: visiting <init>#(Lnoppes/npcs/entity/EntityNPCInterface;)V
[21:01:28] [Server thread/INFO] [STDOUT]: [com.goodbird.cnpcgeckoaddon.hooklib.asm.ClassMetadataReader$FindMethodClassVisitor:visitMethod:156]: visiting setMaxHealth#(F)V
[21:01:28] [Server thread/INFO] [STDOUT]: [com.goodbird.cnpcgeckoaddon.hooklib.asm.ClassMetadataReader$FindMethodClassVisitor:visitMethod:156]: visiting getDisplay#()Lnoppes/npcs/api/entity/data/INPCDisplay;
[21:01:28] [Server thread/INFO] [STDOUT]: [com.goodbird.cnpcgeckoaddon.hooklib.asm.ClassMetadataReader$FindMethodClassVisitor:visitMethod:156]: visiting getInventory#()Lnoppes/npcs/api/entity/data/INPCInventory;
[21:01:28] [Server thread/INFO] [STDOUT]: [com.goodbird.cnpcgeckoaddon.hooklib.asm.ClassMetadataReader$FindMethodClassVisitor:visitMethod:156]: visiting getAi#()Lnoppes/npcs/api/entity/data/INPCAi;
[21:01:28] [Server thread/INFO] [STDOUT]: [com.goodbird.cnpcgeckoaddon.hooklib.asm.ClassMetadataReader$FindMethodClassVisitor:visitMethod:156]: visiting getAdvanced#()Lnoppes/npcs/api/entity/data/INPCAdvanced;
[21:01:28] [Server thread/INFO] [STDOUT]: [com.goodbird.cnpcgeckoaddon.hooklib.asm.ClassMetadataReader$FindMethodClassVisitor:visitMethod:156]: visiting getStats#()Lnoppes/npcs/api/entity/data/INPCStats;
[21:01:28] [Server thread/INFO] [STDOUT]: [com.goodbird.cnpcgeckoaddon.hooklib.asm.ClassMetadataReader$FindMethodClassVisitor:visitMethod:156]: visiting getFaction#()Lnoppes/npcs/api/handler/data/IFaction;
[21:01:28] [Server thread/INFO] [STDOUT]: [com.goodbird.cnpcgeckoaddon.hooklib.asm.ClassMetadataReader$FindMethodClassVisitor:visitMethod:156]: visiting getTimers#()Lnoppes/npcs/api/ITimers;
[21:01:28] [Server thread/INFO] [STDOUT]: [com.goodbird.cnpcgeckoaddon.hooklib.asm.ClassMetadataReader$FindMethodClassVisitor:visitMethod:156]: visiting setFaction#(I)V
[21:01:28] [Server thread/INFO] [STDOUT]: [com.goodbird.cnpcgeckoaddon.hooklib.asm.ClassMetadataReader$FindMethodClassVisitor:visitMethod:156]: visiting getRole#()Lnoppes/npcs/api/entity/data/INPCRole;
[21:01:28] [Server thread/INFO] [STDOUT]: [com.goodbird.cnpcgeckoaddon.hooklib.asm.ClassMetadataReader$FindMethodClassVisitor:visitMethod:156]: visiting getJob#()Lnoppes/npcs/api/entity/data/INPCJob;
[21:01:28] [Server thread/INFO] [STDOUT]: [com.goodbird.cnpcgeckoaddon.hooklib.asm.ClassMetadataReader$FindMethodClassVisitor:visitMethod:156]: visiting getHomeX#()I
[21:01:28] [Server thread/INFO] [STDOUT]: [com.goodbird.cnpcgeckoaddon.hooklib.asm.ClassMetadataReader$FindMethodClassVisitor:visitMethod:156]: visiting getHomeY#()I
[21:01:28] [Server thread/INFO] [STDOUT]: [com.goodbird.cnpcgeckoaddon.hooklib.asm.ClassMetadataReader$FindMethodClassVisitor:visitMethod:156]: visiting getHomeZ#()I
[21:01:28] [Server thread/INFO] [STDOUT]: [com.goodbird.cnpcgeckoaddon.hooklib.asm.ClassMetadataReader$FindMethodClassVisitor:visitMethod:156]: visiting setHome#(III)V
[21:01:28] [Server thread/INFO] [STDOUT]: [com.goodbird.cnpcgeckoaddon.hooklib.asm.ClassMetadataReader$FindMethodClassVisitor:visitMethod:156]: visiting getOffsetX#()I
[21:01:28] [Server thread/INFO] [STDOUT]: [com.goodbird.cnpcgeckoaddon.hooklib.asm.ClassMetadataReader$FindMethodClassVisitor:visitMethod:156]: visiting getOffsetY#()I
[21:01:28] [Server thread/INFO] [STDOUT]: [com.goodbird.cnpcgeckoaddon.hooklib.asm.ClassMetadataReader$FindMethodClassVisitor:visitMethod:156]: visiting getOffsetZ#()I
[21:01:28] [Server thread/INFO] [STDOUT]: [com.goodbird.cnpcgeckoaddon.hooklib.asm.ClassMetadataReader$FindMethodClassVisitor:visitMethod:156]: visiting setOffset#(III)V
[21:01:28] [Server thread/INFO] [STDOUT]: [com.goodbird.cnpcgeckoaddon.hooklib.asm.ClassMetadataReader$FindMethodClassVisitor:visitMethod:156]: visiting say#(Ljava/lang/String;)V
[21:01:28] [Server thread/INFO] [STDOUT]: [com.goodbird.cnpcgeckoaddon.hooklib.asm.ClassMetadataReader$FindMethodClassVisitor:visitMethod:156]: visiting sayTo#(Lnoppes/npcs/api/entity/IPlayer;Ljava/lang/String;)V
[21:01:28] [Server thread/INFO] [STDOUT]: [com.goodbird.cnpcgeckoaddon.hooklib.asm.ClassMetadataReader$FindMethodClassVisitor:visitMethod:156]: visiting reset#()V
[21:01:28] [Server thread/INFO] [STDOUT]: [com.goodbird.cnpcgeckoaddon.hooklib.asm.ClassMetadataReader$FindMethodClassVisitor:visitMethod:156]: visiting getAge#()J
[21:01:28] [Server thread/INFO] [STDOUT]: [com.goodbird.cnpcgeckoaddon.hooklib.asm.ClassMetadataReader$FindMethodClassVisitor:visitMethod:156]: visiting shootItem#(Lnoppes/npcs/api/entity/IEntityLivingBase;Lnoppes/npcs/api/item/IItemStack;I)Lnoppes/npcs/api/entity/IProjectile;
[21:01:28] [Server thread/INFO] [STDOUT]: [com.goodbird.cnpcgeckoaddon.hooklib.asm.ClassMetadataReader$FindMethodClassVisitor:visitMethod:156]: visiting shootItem#(DDDLnoppes/npcs/api/item/IItemStack;I)Lnoppes/npcs/api/entity/IProjectile;
[21:01:28] [Server thread/INFO] [STDOUT]: [com.goodbird.cnpcgeckoaddon.hooklib.asm.ClassMetadataReader$FindMethodClassVisitor:visitMethod:156]: visiting giveItem#(Lnoppes/npcs/api/entity/IPlayer;Lnoppes/npcs/api/item/IItemStack;)V
[21:01:28] [Server thread/INFO] [STDOUT]: [com.goodbird.cnpcgeckoaddon.hooklib.asm.ClassMetadataReader$FindMethodClassVisitor:visitMethod:156]: visiting executeCommand#(Ljava/lang/String;)Ljava/lang/String;
[21:01:28] [Server thread/INFO] [STDOUT]: [com.goodbird.cnpcgeckoaddon.hooklib.asm.ClassMetadataReader$FindMethodClassVisitor:visitMethod:156]: visiting getType#()I
[21:01:28] [Server thread/INFO] [STDOUT]: [com.goodbird.cnpcgeckoaddon.hooklib.asm.ClassMetadataReader$FindMethodClassVisitor:visitMethod:156]: visiting getName#()Ljava/lang/String;
[21:01:28] [Server thread/INFO] [STDOUT]: [com.goodbird.cnpcgeckoaddon.hooklib.asm.ClassMetadataReader$FindMethodClassVisitor:visitMethod:156]: visiting setName#(Ljava/lang/String;)V
[21:01:28] [Server thread/INFO] [STDOUT]: [com.goodbird.cnpcgeckoaddon.hooklib.asm.ClassMetadataReader$FindMethodClassVisitor:visitMethod:156]: visiting setRotation#(F)V
[21:01:28] [Server thread/INFO] [STDOUT]: [com.goodbird.cnpcgeckoaddon.hooklib.asm.ClassMetadataReader$FindMethodClassVisitor:visitMethod:156]: visiting typeOf#(I)Z
[21:01:28] [Server thread/INFO] [STDOUT]: [com.goodbird.cnpcgeckoaddon.hooklib.asm.ClassMetadataReader$FindMethodClassVisitor:visitMethod:156]: visiting setDialog#(ILnoppes/npcs/api/handler/data/IDialog;)V
[21:01:28] [Server thread/INFO] [STDOUT]: [com.goodbird.cnpcgeckoaddon.hooklib.asm.ClassMetadataReader$FindMethodClassVisitor:visitMethod:156]: visiting getDialog#(I)Lnoppes/npcs/api/handler/data/IDialog;
[21:01:28] [Server thread/INFO] [STDOUT]: [com.goodbird.cnpcgeckoaddon.hooklib.asm.ClassMetadataReader$FindMethodClassVisitor:visitMethod:156]: visiting updateClient#()V
[21:01:28] [Server thread/INFO] [STDOUT]: [com.goodbird.cnpcgeckoaddon.hooklib.asm.ClassMetadataReader$FindMethodClassVisitor:visitMethod:156]: visiting getOwner#()Lnoppes/npcs/api/entity/IEntityLivingBase;
[21:01:28] [Server thread/INFO] [STDOUT]: [com.goodbird.cnpcgeckoaddon.hooklib.asm.ClassMetadataReader$FindMethodClassVisitor:visitMethod:156]: visiting <init>#(Lnet/minecraft/entity/EntityLiving;)V
[21:01:28] [Server thread/INFO] [STDOUT]: [com.goodbird.cnpcgeckoaddon.hooklib.asm.ClassMetadataReader$FindMethodClassVisitor:visitMethod:156]: visiting navigateTo#(DDDD)V
[21:01:28] [Server thread/INFO] [STDOUT]: [com.goodbird.cnpcgeckoaddon.hooklib.asm.ClassMetadataReader$FindMethodClassVisitor:visitMethod:156]: visiting clearNavigation#()V
[21:01:28] [Server thread/INFO] [STDOUT]: [com.goodbird.cnpcgeckoaddon.hooklib.asm.ClassMetadataReader$FindMethodClassVisitor:visitMethod:156]: visiting getNavigationPath#()Lnoppes/npcs/api/IPos;
[21:01:28] [Server thread/INFO] [STDOUT]: [com.goodbird.cnpcgeckoaddon.hooklib.asm.ClassMetadataReader$FindMethodClassVisitor:visitMethod:156]: visiting isNavigating#()Z
[21:01:28] [Server thread/INFO] [STDOUT]: [com.goodbird.cnpcgeckoaddon.hooklib.asm.ClassMetadataReader$FindMethodClassVisitor:visitMethod:156]: visiting isAttacking#()Z
[21:01:28] [Server thread/INFO] [STDOUT]: [com.goodbird.cnpcgeckoaddon.hooklib.asm.ClassMetadataReader$FindMethodClassVisitor:visitMethod:156]: visiting setAttackTarget#(Lnoppes/npcs/api/entity/IEntityLivingBase;)V
[21:01:28] [Server thread/INFO] [STDOUT]: [com.goodbird.cnpcgeckoaddon.hooklib.asm.ClassMetadataReader$FindMethodClassVisitor:visitMethod:156]: visiting getAttackTarget#()Lnoppes/npcs/api/entity/IEntityLivingBase;
[21:01:28] [Server thread/INFO] [STDOUT]: [com.goodbird.cnpcgeckoaddon.hooklib.asm.ClassMetadataReader$FindMethodClassVisitor:visitMethod:156]: visiting canSeeEntity#(Lnoppes/npcs/api/entity/IEntity;)Z
[21:01:28] [Server thread/INFO] [STDOUT]: [com.goodbird.cnpcgeckoaddon.hooklib.asm.ClassMetadataReader$FindMethodClassVisitor:visitMethod:156]: visiting jump#()V
[21:01:28] [Server thread/INFO] [STDOUT]: [com.goodbird.cnpcgeckoaddon.hooklib.asm.ClassMetadataReader$FindMethodClassVisitor:visitMethod:156]: visiting getMCEntity#()Lnet/minecraft/entity/EntityLiving;
[21:01:28] [Server thread/INFO] [STDOUT]: [com.goodbird.cnpcgeckoaddon.hooklib.asm.ClassMetadataReader$FindMethodClassVisitor:visitMethod:156]: visiting <init>#(Lnet/minecraft/entity/EntityLivingBase;)V
[21:01:28] [Server thread/INFO] [STDOUT]: [com.goodbird.cnpcgeckoaddon.hooklib.asm.ClassMetadataReader$FindMethodClassVisitor:visitMethod:156]: visiting getHealth#()F
[21:01:28] [Server thread/INFO] [STDOUT]: [com.goodbird.cnpcgeckoaddon.hooklib.asm.ClassMetadataReader$FindMethodClassVisitor:visitMethod:156]: visiting setHealth#(F)V
[21:01:28] [Server thread/INFO] [STDOUT]: [com.goodbird.cnpcgeckoaddon.hooklib.asm.ClassMetadataReader$FindMethodClassVisitor:visitMethod:156]: visiting getMaxHealth#()F
[21:01:28] [Server thread/INFO] [STDOUT]: [com.goodbird.cnpcgeckoaddon.hooklib.asm.ClassMetadataReader$FindMethodClassVisitor:visitMethod:156]: visiting setMaxHealth#(F)V
[21:01:28] [Server thread/INFO] [STDOUT]: [com.goodbird.cnpcgeckoaddon.hooklib.asm.ClassMetadataReader$FindMethodClassVisitor:visitMethod:156]: visiting isAttacking#()Z
[21:01:28] [Server thread/INFO] [STDOUT]: [com.goodbird.cnpcgeckoaddon.hooklib.asm.ClassMetadataReader$FindMethodClassVisitor:visitMethod:156]: visiting setAttackTarget#(Lnoppes/npcs/api/entity/IEntityLivingBase;)V
[21:01:28] [Server thread/INFO] [STDOUT]: [com.goodbird.cnpcgeckoaddon.hooklib.asm.ClassMetadataReader$FindMethodClassVisitor:visitMethod:156]: visiting getAttackTarget#()Lnoppes/npcs/api/entity/IEntityLivingBase;
[21:01:28] [Server thread/INFO] [STDOUT]: [com.goodbird.cnpcgeckoaddon.hooklib.asm.ClassMetadataReader$FindMethodClassVisitor:visitMethod:156]: visiting getLastAttacked#()Lnoppes/npcs/api/entity/IEntityLivingBase;
[21:01:28] [Server thread/INFO] [STDOUT]: [com.goodbird.cnpcgeckoaddon.hooklib.asm.ClassMetadataReader$FindMethodClassVisitor:visitMethod:156]: visiting getLastAttackedTime#()I
[21:01:28] [Server thread/INFO] [STDOUT]: [com.goodbird.cnpcgeckoaddon.hooklib.asm.ClassMetadataReader$FindMethodClassVisitor:visitMethod:156]: visiting canSeeEntity#(Lnoppes/npcs/api/entity/IEntity;)Z
[21:01:28] [Server thread/INFO] [STDOUT]: [com.goodbird.cnpcgeckoaddon.hooklib.asm.ClassMetadataReader$FindMethodClassVisitor:visitMethod:156]: visiting swingMainhand#()V
[21:01:28] [Server thread/INFO] [STDOUT]: [com.goodbird.cnpcgeckoaddon.hooklib.asm.ClassMetadataReader$FindMethodClassVisitor:visitMethod:156]: visiting swingOffhand#()V
[21:01:28] [Server thread/INFO] [STDOUT]: [com.goodbird.cnpcgeckoaddon.hooklib.asm.ClassMetadataReader$FindMethodClassVisitor:visitMethod:156]: visiting addPotionEffect#(IIIZ)V
[21:01:28] [Server thread/INFO] [STDOUT]: [com.goodbird.cnpcgeckoaddon.hooklib.asm.ClassMetadataReader$FindMethodClassVisitor:visitMethod:156]: visiting clearPotionEffects#()V
[21:01:28] [Server thread/INFO] [STDOUT]: [com.goodbird.cnpcgeckoaddon.hooklib.asm.ClassMetadataReader$FindMethodClassVisitor:visitMethod:156]: visiting getPotionEffect#(I)I
[21:01:28] [Server thread/INFO] [STDOUT]: [com.goodbird.cnpcgeckoaddon.hooklib.asm.ClassMetadataReader$FindMethodClassVisitor:visitMethod:156]: visiting getMainhandItem#()Lnoppes/npcs/api/item/IItemStack;
[21:01:28] [Server thread/INFO] [STDOUT]: [com.goodbird.cnpcgeckoaddon.hooklib.asm.ClassMetadataReader$FindMethodClassVisitor:visitMethod:156]: visiting setMainhandItem#(Lnoppes/npcs/api/item/IItemStack;)V
[21:01:28] [Server thread/INFO] [STDOUT]: [com.goodbird.cnpcgeckoaddon.hooklib.asm.ClassMetadataReader$FindMethodClassVisitor:visitMethod:156]: visiting getOffhandItem#()Lnoppes/npcs/api/item/IItemStack;
[21:01:28] [Server thread/INFO] [STDOUT]: [com.goodbird.cnpcgeckoaddon.hooklib.asm.ClassMetadataReader$FindMethodClassVisitor:visitMethod:156]: visiting setOffhandItem#(Lnoppes/npcs/api/item/IItemStack;)V
[21:01:28] [Server thread/INFO] [STDOUT]: [com.goodbird.cnpcgeckoaddon.hooklib.asm.ClassMetadataReader$FindMethodClassVisitor:visitMethod:156]: visiting getArmor#(I)Lnoppes/npcs/api/item/IItemStack;
[21:01:28] [Server thread/INFO] [STDOUT]: [com.goodbird.cnpcgeckoaddon.hooklib.asm.ClassMetadataReader$FindMethodClassVisitor:visitMethod:156]: visiting setArmor#(ILnoppes/npcs/api/item/IItemStack;)V
[21:01:28] [Server thread/INFO] [STDOUT]: [com.goodbird.cnpcgeckoaddon.hooklib.asm.ClassMetadataReader$FindMethodClassVisitor:visitMethod:156]: visiting getSlot#(I)Lnet/minecraft/inventory/EntityEquipmentSlot;
[21:01:28] [Server thread/INFO] [STDOUT]: [com.goodbird.cnpcgeckoaddon.hooklib.asm.ClassMetadataReader$FindMethodClassVisitor:visitMethod:156]: visiting getRotation#()F
[21:01:28] [Server thread/INFO] [STDOUT]: [com.goodbird.cnpcgeckoaddon.hooklib.asm.ClassMetadataReader$FindMethodClassVisitor:visitMethod:156]: visiting setRotation#(F)V
[21:01:28] [Server thread/INFO] [STDOUT]: [com.goodbird.cnpcgeckoaddon.hooklib.asm.ClassMetadataReader$FindMethodClassVisitor:visitMethod:156]: visiting getType#()I
[21:01:28] [Server thread/INFO] [STDOUT]: [com.goodbird.cnpcgeckoaddon.hooklib.asm.ClassMetadataReader$FindMethodClassVisitor:visitMethod:156]: visiting typeOf#(I)Z
[21:01:28] [Server thread/INFO] [STDOUT]: [com.goodbird.cnpcgeckoaddon.hooklib.asm.ClassMetadataReader$FindMethodClassVisitor:visitMethod:156]: visiting isChild#()Z
[21:01:28] [Server thread/INFO] [STDOUT]: [com.goodbird.cnpcgeckoaddon.hooklib.asm.ClassMetadataReader$FindMethodClassVisitor:visitMethod:156]: visiting addMark#(I)Lnoppes/npcs/api/entity/data/IMark;
[21:01:28] [Server thread/INFO] [STDOUT]: [com.goodbird.cnpcgeckoaddon.hooklib.asm.ClassMetadataReader$FindMethodClassVisitor:visitMethod:156]: visiting removeMark#(Lnoppes/npcs/api/entity/data/IMark;)V
[21:01:28] [Server thread/INFO] [STDOUT]: [com.goodbird.cnpcgeckoaddon.hooklib.asm.ClassMetadataReader$FindMethodClassVisitor:visitMethod:156]: visiting getMarks#()[Lnoppes/npcs/api/entity/data/IMark;
[21:01:28] [Server thread/INFO] [STDOUT]: [com.goodbird.cnpcgeckoaddon.hooklib.asm.ClassMetadataReader$FindMethodClassVisitor:visitMethod:156]: visiting getMoveForward#()F
[21:01:28] [Server thread/INFO] [STDOUT]: [com.goodbird.cnpcgeckoaddon.hooklib.asm.ClassMetadataReader$FindMethodClassVisitor:visitMethod:156]: visiting setMoveForward#(F)V
[21:01:28] [Server thread/INFO] [STDOUT]: [com.goodbird.cnpcgeckoaddon.hooklib.asm.ClassMetadataReader$FindMethodClassVisitor:visitMethod:156]: visiting getMoveStrafing#()F
[21:01:28] [Server thread/INFO] [STDOUT]: [com.goodbird.cnpcgeckoaddon.hooklib.asm.ClassMetadataReader$FindMethodClassVisitor:visitMethod:156]: visiting setMoveStrafing#(F)V
[21:01:28] [Server thread/INFO] [STDOUT]: [com.goodbird.cnpcgeckoaddon.hooklib.asm.ClassMetadataReader$FindMethodClassVisitor:visitMethod:156]: visiting getMoveVertical#()F
[21:01:28] [Server thread/INFO] [STDOUT]: [com.goodbird.cnpcgeckoaddon.hooklib.asm.ClassMetadataReader$FindMethodClassVisitor:visitMethod:156]: visiting setMoveVertical#(F)V
[21:01:28] [Server thread/INFO] [STDOUT]: [com.goodbird.cnpcgeckoaddon.hooklib.asm.ClassMetadataReader$FindMethodClassVisitor:visitMethod:156]: visiting getMCEntity#()Lnet/minecraft/entity/EntityLivingBase;
[21:01:28] [Server thread/INFO] [STDOUT]: [com.goodbird.cnpcgeckoaddon.hooklib.asm.ClassMetadataReader$FindMethodClassVisitor:visitMethod:156]: visiting <init>#(Lnet/minecraft/entity/Entity;)V
[21:01:28] [Server thread/INFO] [STDOUT]: [com.goodbird.cnpcgeckoaddon.hooklib.asm.ClassMetadataReader$FindMethodClassVisitor:visitMethod:156]: visiting getX#()D
[21:01:28] [Server thread/INFO] [STDOUT]: [com.goodbird.cnpcgeckoaddon.hooklib.asm.ClassMetadataReader$FindMethodClassVisitor:visitMethod:156]: visiting setX#(D)V
[21:01:28] [Server thread/INFO] [STDOUT]: [com.goodbird.cnpcgeckoaddon.hooklib.asm.ClassMetadataReader$FindMethodClassVisitor:visitMethod:156]: visiting getY#()D
[21:01:28] [Server thread/INFO] [STDOUT]: [com.goodbird.cnpcgeckoaddon.hooklib.asm.ClassMetadataReader$FindMethodClassVisitor:visitMethod:156]: visiting setY#(D)V
[21:01:28] [Server thread/INFO] [STDOUT]: [com.goodbird.cnpcgeckoaddon.hooklib.asm.ClassMetadataReader$FindMethodClassVisitor:visitMethod:156]: visiting getZ#()D
[21:01:28] [Server thread/INFO] [STDOUT]: [com.goodbird.cnpcgeckoaddon.hooklib.asm.ClassMetadataReader$FindMethodClassVisitor:visitMethod:156]: visiting setZ#(D)V
[21:01:28] [Server thread/INFO] [STDOUT]: [com.goodbird.cnpcgeckoaddon.hooklib.asm.ClassMetadataReader$FindMethodClassVisitor:visitMethod:156]: visiting getBlockX#()I
[21:01:28] [Server thread/INFO] [STDOUT]: [com.goodbird.cnpcgeckoaddon.hooklib.asm.ClassMetadataReader$FindMethodClassVisitor:visitMethod:156]: visiting getBlockY#()I
[21:01:28] [Server thread/INFO] [STDOUT]: [com.goodbird.cnpcgeckoaddon.hooklib.asm.ClassMetadataReader$FindMethodClassVisitor:visitMethod:156]: visiting getBlockZ#()I
[21:01:28] [Server thread/INFO] [STDOUT]: [com.goodbird.cnpcgeckoaddon.hooklib.asm.ClassMetadataReader$FindMethodClassVisitor:visitMethod:156]: visiting getEntityName#()Ljava/lang/String;
[21:01:28] [Server thread/INFO] [STDOUT]: [com.goodbird.cnpcgeckoaddon.hooklib.asm.ClassMetadataReader$FindMethodClassVisitor:visitMethod:156]: visiting getName#()Ljava/lang/String;
[21:01:28] [Server thread/INFO] [STDOUT]: [com.goodbird.cnpcgeckoaddon.hooklib.asm.ClassMetadataReader$FindMethodClassVisitor:visitMethod:156]: visiting setName#(Ljava/lang/String;)V
[21:01:28] [Server thread/INFO] [STDOUT]: [com.goodbird.cnpcgeckoaddon.hooklib.asm.ClassMetadataReader$FindMethodClassVisitor:visitMethod:156]: visiting hasCustomName#()Z
[21:01:28] [Server thread/INFO] [STDOUT]: [com.goodbird.cnpcgeckoaddon.hooklib.asm.ClassMetadataReader$FindMethodClassVisitor:visitMethod:156]: visiting setPosition#(DDD)V
[21:01:28] [Server thread/INFO] [STDOUT]: [com.goodbird.cnpcgeckoaddon.hooklib.asm.ClassMetadataReader$FindMethodClassVisitor:visitMethod:156]: visiting getWorld#()Lnoppes/npcs/api/IWorld;
[21:01:28] [Server thread/INFO] [STDOUT]: [com.goodbird.cnpcgeckoaddon.hooklib.asm.ClassMetadataReader$FindMethodClassVisitor:visitMethod:156]: visiting isAlive#()Z
[21:01:28] [Server thread/INFO] [STDOUT]: [com.goodbird.cnpcgeckoaddon.hooklib.asm.ClassMetadataReader$FindMethodClassVisitor:visitMethod:156]: visiting getTempdata#()Lnoppes/npcs/api/entity/data/IData;
[21:01:28] [Server thread/INFO] [STDOUT]: [com.goodbird.cnpcgeckoaddon.hooklib.asm.ClassMetadataReader$FindMethodClassVisitor:visitMethod:156]: visiting getStoreddata#()Lnoppes/npcs/api/entity/data/IData;
[21:01:28] [Server thread/INFO] [STDOUT]: [com.goodbird.cnpcgeckoaddon.hooklib.asm.ClassMetadataReader$FindMethodClassVisitor:visitMethod:156]: visiting getAge#()J
[21:01:28] [Server thread/INFO] [STDOUT]: [com.goodbird.cnpcgeckoaddon.hooklib.asm.ClassMetadataReader$FindMethodClassVisitor:visitMethod:156]: visiting damage#(F)V
[21:01:28] [Server thread/INFO] [STDOUT]: [com.goodbird.cnpcgeckoaddon.hooklib.asm.ClassMetadataReader$FindMethodClassVisitor:visitMethod:156]: visiting despawn#()V
[21:01:28] [Server thread/INFO] [STDOUT]: [com.goodbird.cnpcgeckoaddon.hooklib.asm.ClassMetadataReader$FindMethodClassVisitor:visitMethod:156]: visiting spawn#()V
[21:01:28] [Server thread/INFO] [STDOUT]: [com.goodbird.cnpcgeckoaddon.hooklib.asm.ClassMetadataReader$FindMethodClassVisitor:visitMethod:156]: visiting kill#()V
[21:01:28] [Server thread/INFO] [STDOUT]: [com.goodbird.cnpcgeckoaddon.hooklib.asm.ClassMetadataReader$FindMethodClassVisitor:visitMethod:156]: visiting inWater#()Z
[21:01:28] [Server thread/INFO] [STDOUT]: [com.goodbird.cnpcgeckoaddon.hooklib.asm.ClassMetadataReader$FindMethodClassVisitor:visitMethod:156]: visiting inLava#()Z
[21:01:28] [Server thread/INFO] [STDOUT]: [com.goodbird.cnpcgeckoaddon.hooklib.asm.ClassMetadataReader$FindMethodClassVisitor:visitMethod:156]: visiting inFire#()Z
[21:01:28] [Server thread/INFO] [STDOUT]: [com.goodbird.cnpcgeckoaddon.hooklib.asm.ClassMetadataReader$FindMethodClassVisitor:visitMethod:156]: visiting isBurning#()Z
[21:01:28] [Server thread/INFO] [STDOUT]: [com.goodbird.cnpcgeckoaddon.hooklib.asm.ClassMetadataReader$FindMethodClassVisitor:visitMethod:156]: visiting setBurning#(I)V
[21:01:28] [Server thread/INFO] [STDOUT]: [com.goodbird.cnpcgeckoaddon.hooklib.asm.ClassMetadataReader$FindMethodClassVisitor:visitMethod:156]: visiting extinguish#()V
[21:01:28] [Server thread/INFO] [STDOUT]: [com.goodbird.cnpcgeckoaddon.hooklib.asm.ClassMetadataReader$FindMethodClassVisitor:visitMethod:156]: visiting getTypeName#()Ljava/lang/String;
[21:01:28] [Server thread/INFO] [STDOUT]: [com.goodbird.cnpcgeckoaddon.hooklib.asm.ClassMetadataReader$FindMethodClassVisitor:visitMethod:156]: visiting dropItem#(Lnoppes/npcs/api/item/IItemStack;)Lnoppes/npcs/api/entity/IEntityItem;
[21:01:28] [Server thread/INFO] [STDOUT]: [com.goodbird.cnpcgeckoaddon.hooklib.asm.ClassMetadataReader$FindMethodClassVisitor:visitMethod:156]: visiting getRiders#()[Lnoppes/npcs/api/entity/IEntity;
[21:01:28] [Server thread/INFO] [STDOUT]: [com.goodbird.cnpcgeckoaddon.hooklib.asm.ClassMetadataReader$FindMethodClassVisitor:visitMethod:156]: visiting rayTraceBlock#(DZZ)Lnoppes/npcs/api/IRayTrace;
[21:01:28] [Server thread/INFO] [STDOUT]: [com.goodbird.cnpcgeckoaddon.hooklib.asm.ClassMetadataReader$FindMethodClassVisitor:visitMethod:156]: visiting rayTraceEntities#(DZZ)[Lnoppes/npcs/api/entity/IEntity;
[21:01:28] [Server thread/INFO] [STDOUT]: [com.goodbird.cnpcgeckoaddon.hooklib.asm.ClassMetadataReader$FindMethodClassVisitor:visitMethod:156]: visiting findEntityOnPath#(DLnet/minecraft/util/math/Vec3d;Lnet/minecraft/util/math/Vec3d;)[Lnoppes/npcs/api/entity/IEntity;
[21:01:28] [Server thread/INFO] [STDOUT]: [com.goodbird.cnpcgeckoaddon.hooklib.asm.ClassMetadataReader$FindMethodClassVisitor:visitMethod:156]: visiting getAllRiders#()[Lnoppes/npcs/api/entity/IEntity;
[21:01:28] [Server thread/INFO] [STDOUT]: [com.goodbird.cnpcgeckoaddon.hooklib.asm.ClassMetadataReader$FindMethodClassVisitor:visitMethod:156]: visiting addRider#(Lnoppes/npcs/api/entity/IEntity;)V
[21:01:28] [Server thread/INFO] [STDOUT]: [com.goodbird.cnpcgeckoaddon.hooklib.asm.ClassMetadataReader$FindMethodClassVisitor:visitMethod:156]: visiting clearRiders#()V
[21:01:28] [Server thread/INFO] [STDOUT]: [com.goodbird.cnpcgeckoaddon.hooklib.asm.ClassMetadataReader$FindMethodClassVisitor:visitMethod:156]: visiting getMount#()Lnoppes/npcs/api/entity/IEntity;
[21:01:28] [Server thread/INFO] [STDOUT]: [com.goodbird.cnpcgeckoaddon.hooklib.asm.ClassMetadataReader$FindMethodClassVisitor:visitMethod:156]: visiting setMount#(Lnoppes/npcs/api/entity/IEntity;)V
[21:01:28] [Server thread/INFO] [STDOUT]: [com.goodbird.cnpcgeckoaddon.hooklib.asm.ClassMetadataReader$FindMethodClassVisitor:visitMethod:156]: visiting setRotation#(F)V
[21:01:28] [Server thread/INFO] [STDOUT]: [com.goodbird.cnpcgeckoaddon.hooklib.asm.ClassMetadataReader$FindMethodClassVisitor:visitMethod:156]: visiting getRotation#()F
[21:01:28] [Server thread/INFO] [STDOUT]: [com.goodbird.cnpcgeckoaddon.hooklib.asm.ClassMetadataReader$FindMethodClassVisitor:visitMethod:156]: visiting setPitch#(F)V
[21:01:28] [Server thread/INFO] [STDOUT]: [com.goodbird.cnpcgeckoaddon.hooklib.asm.ClassMetadataReader$FindMethodClassVisitor:visitMethod:156]: visiting getPitch#()F
[21:01:28] [Server thread/INFO] [STDOUT]: [com.goodbird.cnpcgeckoaddon.hooklib.asm.ClassMetadataReader$FindMethodClassVisitor:visitMethod:156]: visiting knockback#(IF)V
[21:01:28] [Server thread/INFO] [STDOUT]: [com.goodbird.cnpcgeckoaddon.hooklib.asm.ClassMetadataReader$FindMethodClassVisitor:visitMethod:156]: visiting isSneaking#()Z
[21:01:28] [Server thread/INFO] [STDOUT]: [com.goodbird.cnpcgeckoaddon.hooklib.asm.ClassMetadataReader$FindMethodClassVisitor:visitMethod:156]: visiting isSprinting#()Z
[21:01:28] [Server thread/INFO] [STDOUT]: [com.goodbird.cnpcgeckoaddon.hooklib.asm.ClassMetadataReader$FindMethodClassVisitor:visitMethod:156]: visiting getMCEntity#()Lnet/minecraft/entity/Entity;
[21:01:28] [Server thread/INFO] [STDOUT]: [com.goodbird.cnpcgeckoaddon.hooklib.asm.ClassMetadataReader$FindMethodClassVisitor:visitMethod:156]: visiting getType#()I
[21:01:28] [Server thread/INFO] [STDOUT]: [com.goodbird.cnpcgeckoaddon.hooklib.asm.ClassMetadataReader$FindMethodClassVisitor:visitMethod:156]: visiting typeOf#(I)Z
[21:01:28] [Server thread/INFO] [STDOUT]: [com.goodbird.cnpcgeckoaddon.hooklib.asm.ClassMetadataReader$FindMethodClassVisitor:visitMethod:156]: visiting getUUID#()Ljava/lang/String;
[21:01:28] [Server thread/INFO] [STDOUT]: [com.goodbird.cnpcgeckoaddon.hooklib.asm.ClassMetadataReader$FindMethodClassVisitor:visitMethod:156]: visiting generateNewUUID#()Ljava/lang/String;
[21:01:28] [Server thread/INFO] [STDOUT]: [com.goodbird.cnpcgeckoaddon.hooklib.asm.ClassMetadataReader$FindMethodClassVisitor:visitMethod:156]: visiting getNbt#()Lnoppes/npcs/api/INbt;
[21:01:28] [Server thread/INFO] [STDOUT]: [com.goodbird.cnpcgeckoaddon.hooklib.asm.ClassMetadataReader$FindMethodClassVisitor:visitMethod:156]: visiting storeAsClone#(ILjava/lang/String;)V
[21:01:28] [Server thread/INFO] [STDOUT]: [com.goodbird.cnpcgeckoaddon.hooklib.asm.ClassMetadataReader$FindMethodClassVisitor:visitMethod:156]: visiting getEntityNbt#()Lnoppes/npcs/api/INbt;
[21:01:28] [Server thread/INFO] [STDOUT]: [com.goodbird.cnpcgeckoaddon.hooklib.asm.ClassMetadataReader$FindMethodClassVisitor:visitMethod:156]: visiting setEntityNbt#(Lnoppes/npcs/api/INbt;)V
[21:01:28] [Server thread/INFO] [STDOUT]: [com.goodbird.cnpcgeckoaddon.hooklib.asm.ClassMetadataReader$FindMethodClassVisitor:visitMethod:156]: visiting playAnimation#(I)V
[21:01:28] [Server thread/INFO] [STDOUT]: [com.goodbird.cnpcgeckoaddon.hooklib.asm.ClassMetadataReader$FindMethodClassVisitor:visitMethod:156]: visiting getHeight#()F
[21:01:28] [Server thread/INFO] [STDOUT]: [com.goodbird.cnpcgeckoaddon.hooklib.asm.ClassMetadataReader$FindMethodClassVisitor:visitMethod:156]: visiting getEyeHeight#()F
[21:01:28] [Server thread/INFO] [STDOUT]: [com.goodbird.cnpcgeckoaddon.hooklib.asm.ClassMetadataReader$FindMethodClassVisitor:visitMethod:156]: visiting getWidth#()F
[21:01:28] [Server thread/INFO] [STDOUT]: [com.goodbird.cnpcgeckoaddon.hooklib.asm.ClassMetadataReader$FindMethodClassVisitor:visitMethod:156]: visiting getPos#()Lnoppes/npcs/api/IPos;
[21:01:28] [Server thread/INFO] [STDOUT]: [com.goodbird.cnpcgeckoaddon.hooklib.asm.ClassMetadataReader$FindMethodClassVisitor:visitMethod:156]: visiting setPos#(Lnoppes/npcs/api/IPos;)V
[21:01:28] [Server thread/INFO] [STDOUT]: [com.goodbird.cnpcgeckoaddon.hooklib.asm.ClassMetadataReader$FindMethodClassVisitor:visitMethod:156]: visiting getTags#()[Ljava/lang/String;
[21:01:28] [Server thread/INFO] [STDOUT]: [com.goodbird.cnpcgeckoaddon.hooklib.asm.ClassMetadataReader$FindMethodClassVisitor:visitMethod:156]: visiting addTag#(Ljava/lang/String;)V
[21:01:28] [Server thread/INFO] [STDOUT]: [com.goodbird.cnpcgeckoaddon.hooklib.asm.ClassMetadataReader$FindMethodClassVisitor:visitMethod:156]: visiting hasTag#(Ljava/lang/String;)Z
[21:01:28] [Server thread/INFO] [STDOUT]: [com.goodbird.cnpcgeckoaddon.hooklib.asm.ClassMetadataReader$FindMethodClassVisitor:visitMethod:156]: visiting removeTag#(Ljava/lang/String;)V
[21:01:28] [Server thread/INFO] [STDOUT]: [com.goodbird.cnpcgeckoaddon.hooklib.asm.ClassMetadataReader$FindMethodClassVisitor:visitMethod:156]: visiting getMotionX#()D
[21:01:28] [Server thread/INFO] [STDOUT]: [com.goodbird.cnpcgeckoaddon.hooklib.asm.ClassMetadataReader$FindMethodClassVisitor:visitMethod:156]: visiting getMotionY#()D
[21:01:28] [Server thread/INFO] [STDOUT]: [com.goodbird.cnpcgeckoaddon.hooklib.asm.ClassMetadataReader$FindMethodClassVisitor:visitMethod:156]: visiting getMotionZ#()D
[21:01:28] [Server thread/INFO] [STDOUT]: [com.goodbird.cnpcgeckoaddon.hooklib.asm.ClassMetadataReader$FindMethodClassVisitor:visitMethod:156]: visiting setMotionX#(D)V
[21:01:28] [Server thread/INFO] [STDOUT]: [com.goodbird.cnpcgeckoaddon.hooklib.asm.ClassMetadataReader$FindMethodClassVisitor:visitMethod:156]: visiting setMotionY#(D)V
[21:01:28] [Server thread/INFO] [STDOUT]: [com.goodbird.cnpcgeckoaddon.hooklib.asm.ClassMetadataReader$FindMethodClassVisitor:visitMethod:156]: visiting setMotionZ#(D)V
[21:01:28] [Server thread/INFO] [STDOUT]: [com.goodbird.cnpcgeckoaddon.hooklib.asm.ClassMetadataReader$FindMethodClassVisitor:visitMethod:156]: visiting lambda$findEntityOnPath$0#(Lnoppes/npcs/api/entity/IEntity;Lnoppes/npcs/api/entity/IEntity;)I
[21:01:28] [Server thread/INFO] [STDOUT]: [com.goodbird.cnpcgeckoaddon.hooklib.asm.ClassMetadataReader$FindMethodClassVisitor:visitMethod:156]: visiting access$000#(Lnoppes/npcs/api/wrapper/EntityWrapper;)Ljava/util/Map;
[21:01:28] [Server thread/INFO] [STDOUT]: [com.goodbird.cnpcgeckoaddon.hooklib.asm.ClassMetadataReader$FindMethodClassVisitor:visitMethod:156]: visiting <init>#(Lnoppes/npcs/entity/EntityNPCInterface;)V
[21:01:28] [Server thread/INFO] [STDOUT]: [com.goodbird.cnpcgeckoaddon.hooklib.asm.ClassMetadataReader$FindMethodClassVisitor:visitMethod:156]: visiting setMaxHealth#(F)V
[21:01:28] [Server thread/INFO] [STDOUT]: [com.goodbird.cnpcgeckoaddon.hooklib.asm.ClassMetadataReader$FindMethodClassVisitor:visitMethod:156]: visiting getDisplay#()Lnoppes/npcs/api/entity/data/INPCDisplay;
[21:01:28] [Server thread/INFO] [STDOUT]: [com.goodbird.cnpcgeckoaddon.hooklib.asm.ClassMetadataReader$FindMethodClassVisitor:visitMethod:156]: visiting getInventory#()Lnoppes/npcs/api/entity/data/INPCInventory;
[21:01:28] [Server thread/INFO] [STDOUT]: [com.goodbird.cnpcgeckoaddon.hooklib.asm.ClassMetadataReader$FindMethodClassVisitor:visitMethod:156]: visiting getAi#()Lnoppes/npcs/api/entity/data/INPCAi;
[21:01:28] [Server thread/INFO] [STDOUT]: [com.goodbird.cnpcgeckoaddon.hooklib.asm.ClassMetadataReader$FindMethodClassVisitor:visitMethod:156]: visiting getAdvanced#()Lnoppes/npcs/api/entity/data/INPCAdvanced;
[21:01:28] [Server thread/INFO] [STDOUT]: [com.goodbird.cnpcgeckoaddon.hooklib.asm.ClassMetadataReader$FindMethodClassVisitor:visitMethod:156]: visiting getStats#()Lnoppes/npcs/api/entity/data/INPCStats;
[21:01:28] [Server thread/INFO] [STDOUT]: [com.goodbird.cnpcgeckoaddon.hooklib.asm.ClassMetadataReader$FindMethodClassVisitor:visitMethod:156]: visiting getFaction#()Lnoppes/npcs/api/handler/data/IFaction;
[21:01:28] [Server thread/INFO] [STDOUT]: [com.goodbird.cnpcgeckoaddon.hooklib.asm.ClassMetadataReader$FindMethodClassVisitor:visitMethod:156]: visiting getTimers#()Lnoppes/npcs/api/ITimers;
[21:01:28] [Server thread/INFO] [STDOUT]: [com.goodbird.cnpcgeckoaddon.hooklib.asm.ClassMetadataReader$FindMethodClassVisitor:visitMethod:156]: visiting setFaction#(I)V
[21:01:28] [Server thread/INFO] [STDOUT]: [com.goodbird.cnpcgeckoaddon.hooklib.asm.ClassMetadataReader$FindMethodClassVisitor:visitMethod:156]: visiting getRole#()Lnoppes/npcs/api/entity/data/INPCRole;
[21:01:28] [Server thread/INFO] [STDOUT]: [com.goodbird.cnpcgeckoaddon.hooklib.asm.ClassMetadataReader$FindMethodClassVisitor:visitMethod:156]: visiting getJob#()Lnoppes/npcs/api/entity/data/INPCJob;
[21:01:28] [Server thread/INFO] [STDOUT]: [com.goodbird.cnpcgeckoaddon.hooklib.asm.ClassMetadataReader$FindMethodClassVisitor:visitMethod:156]: visiting getHomeX#()I
[21:01:28] [Server thread/INFO] [STDOUT]: [com.goodbird.cnpcgeckoaddon.hooklib.asm.ClassMetadataReader$FindMethodClassVisitor:visitMethod:156]: visiting getHomeY#()I
[21:01:28] [Server thread/INFO] [STDOUT]: [com.goodbird.cnpcgeckoaddon.hooklib.asm.ClassMetadataReader$FindMethodClassVisitor:visitMethod:156]: visiting getHomeZ#()I
[21:01:28] [Server thread/INFO] [STDOUT]: [com.goodbird.cnpcgeckoaddon.hooklib.asm.ClassMetadataReader$FindMethodClassVisitor:visitMethod:156]: visiting setHome#(III)V
[21:01:28] [Server thread/INFO] [STDOUT]: [com.goodbird.cnpcgeckoaddon.hooklib.asm.ClassMetadataReader$FindMethodClassVisitor:visitMethod:156]: visiting getOffsetX#()I
[21:01:28] [Server thread/INFO] [STDOUT]: [com.goodbird.cnpcgeckoaddon.hooklib.asm.ClassMetadataReader$FindMethodClassVisitor:visitMethod:156]: visiting getOffsetY#()I
[21:01:28] [Server thread/INFO] [STDOUT]: [com.goodbird.cnpcgeckoaddon.hooklib.asm.ClassMetadataReader$FindMethodClassVisitor:visitMethod:156]: visiting getOffsetZ#()I
[21:01:28] [Server thread/INFO] [STDOUT]: [com.goodbird.cnpcgeckoaddon.hooklib.asm.ClassMetadataReader$FindMethodClassVisitor:visitMethod:156]: visiting setOffset#(III)V
[21:01:28] [Server thread/INFO] [STDOUT]: [com.goodbird.cnpcgeckoaddon.hooklib.asm.ClassMetadataReader$FindMethodClassVisitor:visitMethod:156]: visiting say#(Ljava/lang/String;)V
[21:01:28] [Server thread/INFO] [STDOUT]: [com.goodbird.cnpcgeckoaddon.hooklib.asm.ClassMetadataReader$FindMethodClassVisitor:visitMethod:156]: visiting sayTo#(Lnoppes/npcs/api/entity/IPlayer;Ljava/lang/String;)V
[21:01:28] [Server thread/INFO] [STDOUT]: [com.goodbird.cnpcgeckoaddon.hooklib.asm.ClassMetadataReader$FindMethodClassVisitor:visitMethod:156]: visiting reset#()V
[21:01:28] [Server thread/INFO] [STDOUT]: [com.goodbird.cnpcgeckoaddon.hooklib.asm.ClassMetadataReader$FindMethodClassVisitor:visitMethod:156]: visiting getAge#()J
[21:01:28] [Server thread/INFO] [STDOUT]: [com.goodbird.cnpcgeckoaddon.hooklib.asm.ClassMetadataReader$FindMethodClassVisitor:visitMethod:156]: visiting shootItem#(Lnoppes/npcs/api/entity/IEntityLivingBase;Lnoppes/npcs/api/item/IItemStack;I)Lnoppes/npcs/api/entity/IProjectile;
[21:01:28] [Server thread/INFO] [STDOUT]: [com.goodbird.cnpcgeckoaddon.hooklib.asm.ClassMetadataReader$FindMethodClassVisitor:visitMethod:156]: visiting shootItem#(DDDLnoppes/npcs/api/item/IItemStack;I)Lnoppes/npcs/api/entity/IProjectile;
[21:01:28] [Server thread/INFO] [STDOUT]: [com.goodbird.cnpcgeckoaddon.hooklib.asm.ClassMetadataReader$FindMethodClassVisitor:visitMethod:156]: visiting giveItem#(Lnoppes/npcs/api/entity/IPlayer;Lnoppes/npcs/api/item/IItemStack;)V
[21:01:28] [Server thread/INFO] [STDOUT]: [com.goodbird.cnpcgeckoaddon.hooklib.asm.ClassMetadataReader$FindMethodClassVisitor:visitMethod:156]: visiting executeCommand#(Ljava/lang/String;)Ljava/lang/String;
[21:01:28] [Server thread/INFO] [STDOUT]: [com.goodbird.cnpcgeckoaddon.hooklib.asm.ClassMetadataReader$FindMethodClassVisitor:visitMethod:156]: visiting getType#()I
[21:01:28] [Server thread/INFO] [STDOUT]: [com.goodbird.cnpcgeckoaddon.hooklib.asm.ClassMetadataReader$FindMethodClassVisitor:visitMethod:156]: visiting getName#()Ljava/lang/String;
[21:01:28] [Server thread/INFO] [STDOUT]: [com.goodbird.cnpcgeckoaddon.hooklib.asm.ClassMetadataReader$FindMethodClassVisitor:visitMethod:156]: visiting setName#(Ljava/lang/String;)V
[21:01:28] [Server thread/INFO] [STDOUT]: [com.goodbird.cnpcgeckoaddon.hooklib.asm.ClassMetadataReader$FindMethodClassVisitor:visitMethod:156]: visiting setRotation#(F)V
[21:01:28] [Server thread/INFO] [STDOUT]: [com.goodbird.cnpcgeckoaddon.hooklib.asm.ClassMetadataReader$FindMethodClassVisitor:visitMethod:156]: visiting typeOf#(I)Z
[21:01:28] [Server thread/INFO] [STDOUT]: [com.goodbird.cnpcgeckoaddon.hooklib.asm.ClassMetadataReader$FindMethodClassVisitor:visitMethod:156]: visiting setDialog#(ILnoppes/npcs/api/handler/data/IDialog;)V
[21:01:28] [Server thread/INFO] [STDOUT]: [com.goodbird.cnpcgeckoaddon.hooklib.asm.ClassMetadataReader$FindMethodClassVisitor:visitMethod:156]: visiting getDialog#(I)Lnoppes/npcs/api/handler/data/IDialog;
[21:01:28] [Server thread/INFO] [STDOUT]: [com.goodbird.cnpcgeckoaddon.hooklib.asm.ClassMetadataReader$FindMethodClassVisitor:visitMethod:156]: visiting updateClient#()V
[21:01:28] [Server thread/INFO] [STDOUT]: [com.goodbird.cnpcgeckoaddon.hooklib.asm.ClassMetadataReader$FindMethodClassVisitor:visitMethod:156]: visiting getOwner#()Lnoppes/npcs/api/entity/IEntityLivingBase;
[21:01:28] [Server thread/INFO] [STDOUT]: [com.goodbird.cnpcgeckoaddon.hooklib.asm.ClassMetadataReader$FindMethodClassVisitor:visitMethod:156]: visiting <init>#(Lnet/minecraft/entity/EntityLiving;)V
[21:01:28] [Server thread/INFO] [STDOUT]: [com.goodbird.cnpcgeckoaddon.hooklib.asm.ClassMetadataReader$FindMethodClassVisitor:visitMethod:156]: visiting navigateTo#(DDDD)V
[21:01:28] [Server thread/INFO] [STDOUT]: [com.goodbird.cnpcgeckoaddon.hooklib.asm.ClassMetadataReader$FindMethodClassVisitor:visitMethod:156]: visiting clearNavigation#()V
[21:01:28] [Server thread/INFO] [STDOUT]: [com.goodbird.cnpcgeckoaddon.hooklib.asm.ClassMetadataReader$FindMethodClassVisitor:visitMethod:156]: visiting getNavigationPath#()Lnoppes/npcs/api/IPos;
[21:01:28] [Server thread/INFO] [STDOUT]: [com.goodbird.cnpcgeckoaddon.hooklib.asm.ClassMetadataReader$FindMethodClassVisitor:visitMethod:156]: visiting isNavigating#()Z
[21:01:28] [Server thread/INFO] [STDOUT]: [com.goodbird.cnpcgeckoaddon.hooklib.asm.ClassMetadataReader$FindMethodClassVisitor:visitMethod:156]: visiting isAttacking#()Z
[21:01:28] [Server thread/INFO] [STDOUT]: [com.goodbird.cnpcgeckoaddon.hooklib.asm.ClassMetadataReader$FindMethodClassVisitor:visitMethod:156]: visiting setAttackTarget#(Lnoppes/npcs/api/entity/IEntityLivingBase;)V
[21:01:28] [Server thread/INFO] [STDOUT]: [com.goodbird.cnpcgeckoaddon.hooklib.asm.ClassMetadataReader$FindMethodClassVisitor:visitMethod:156]: visiting getAttackTarget#()Lnoppes/npcs/api/entity/IEntityLivingBase;
[21:01:28] [Server thread/INFO] [STDOUT]: [com.goodbird.cnpcgeckoaddon.hooklib.asm.ClassMetadataReader$FindMethodClassVisitor:visitMethod:156]: visiting canSeeEntity#(Lnoppes/npcs/api/entity/IEntity;)Z
[21:01:28] [Server thread/INFO] [STDOUT]: [com.goodbird.cnpcgeckoaddon.hooklib.asm.ClassMetadataReader$FindMethodClassVisitor:visitMethod:156]: visiting jump#()V
[21:01:28] [Server thread/INFO] [STDOUT]: [com.goodbird.cnpcgeckoaddon.hooklib.asm.ClassMetadataReader$FindMethodClassVisitor:visitMethod:156]: visiting getMCEntity#()Lnet/minecraft/entity/EntityLiving;
[21:01:28] [Server thread/INFO] [STDOUT]: [com.goodbird.cnpcgeckoaddon.hooklib.asm.ClassMetadataReader$FindMethodClassVisitor:visitMethod:156]: visiting <init>#(Lnet/minecraft/entity/EntityLivingBase;)V
[21:01:28] [Server thread/INFO] [STDOUT]: [com.goodbird.cnpcgeckoaddon.hooklib.asm.ClassMetadataReader$FindMethodClassVisitor:visitMethod:156]: visiting getHealth#()F
[21:01:28] [Server thread/INFO] [STDOUT]: [com.goodbird.cnpcgeckoaddon.hooklib.asm.ClassMetadataReader$FindMethodClassVisitor:visitMethod:156]: visiting setHealth#(F)V
[21:01:28] [Server thread/INFO] [STDOUT]: [com.goodbird.cnpcgeckoaddon.hooklib.asm.ClassMetadataReader$FindMethodClassVisitor:visitMethod:156]: visiting getMaxHealth#()F
[21:01:28] [Server thread/INFO] [STDOUT]: [com.goodbird.cnpcgeckoaddon.hooklib.asm.ClassMetadataReader$FindMethodClassVisitor:visitMethod:156]: visiting setMaxHealth#(F)V
[21:01:28] [Server thread/INFO] [STDOUT]: [com.goodbird.cnpcgeckoaddon.hooklib.asm.ClassMetadataReader$FindMethodClassVisitor:visitMethod:156]: visiting isAttacking#()Z
[21:01:28] [Server thread/INFO] [STDOUT]: [com.goodbird.cnpcgeckoaddon.hooklib.asm.ClassMetadataReader$FindMethodClassVisitor:visitMethod:156]: visiting setAttackTarget#(Lnoppes/npcs/api/entity/IEntityLivingBase;)V
[21:01:28] [Server thread/INFO] [STDOUT]: [com.goodbird.cnpcgeckoaddon.hooklib.asm.ClassMetadataReader$FindMethodClassVisitor:visitMethod:156]: visiting getAttackTarget#()Lnoppes/npcs/api/entity/IEntityLivingBase;
[21:01:28] [Server thread/INFO] [STDOUT]: [com.goodbird.cnpcgeckoaddon.hooklib.asm.ClassMetadataReader$FindMethodClassVisitor:visitMethod:156]: visiting getLastAttacked#()Lnoppes/npcs/api/entity/IEntityLivingBase;
[21:01:28] [Server thread/INFO] [STDOUT]: [com.goodbird.cnpcgeckoaddon.hooklib.asm.ClassMetadataReader$FindMethodClassVisitor:visitMethod:156]: visiting getLastAttackedTime#()I
[21:01:28] [Server thread/INFO] [STDOUT]: [com.goodbird.cnpcgeckoaddon.hooklib.asm.ClassMetadataReader$FindMethodClassVisitor:visitMethod:156]: visiting canSeeEntity#(Lnoppes/npcs/api/entity/IEntity;)Z
[21:01:28] [Server thread/INFO] [STDOUT]: [com.goodbird.cnpcgeckoaddon.hooklib.asm.ClassMetadataReader$FindMethodClassVisitor:visitMethod:156]: visiting swingMainhand#()V
[21:01:28] [Server thread/INFO] [STDOUT]: [com.goodbird.cnpcgeckoaddon.hooklib.asm.ClassMetadataReader$FindMethodClassVisitor:visitMethod:156]: visiting swingOffhand#()V
[21:01:28] [Server thread/INFO] [STDOUT]: [com.goodbird.cnpcgeckoaddon.hooklib.asm.ClassMetadataReader$FindMethodClassVisitor:visitMethod:156]: visiting addPotionEffect#(IIIZ)V
[21:01:28] [Server thread/INFO] [STDOUT]: [com.goodbird.cnpcgeckoaddon.hooklib.asm.ClassMetadataReader$FindMethodClassVisitor:visitMethod:156]: visiting clearPotionEffects#()V
[21:01:28] [Server thread/INFO] [STDOUT]: [com.goodbird.cnpcgeckoaddon.hooklib.asm.ClassMetadataReader$FindMethodClassVisitor:visitMethod:156]: visiting getPotionEffect#(I)I
[21:01:28] [Server thread/INFO] [STDOUT]: [com.goodbird.cnpcgeckoaddon.hooklib.asm.ClassMetadataReader$FindMethodClassVisitor:visitMethod:156]: visiting getMainhandItem#()Lnoppes/npcs/api/item/IItemStack;
[21:01:28] [Server thread/INFO] [STDOUT]: [com.goodbird.cnpcgeckoaddon.hooklib.asm.ClassMetadataReader$FindMethodClassVisitor:visitMethod:156]: visiting setMainhandItem#(Lnoppes/npcs/api/item/IItemStack;)V
[21:01:28] [Server thread/INFO] [STDOUT]: [com.goodbird.cnpcgeckoaddon.hooklib.asm.ClassMetadataReader$FindMethodClassVisitor:visitMethod:156]: visiting getOffhandItem#()Lnoppes/npcs/api/item/IItemStack;
[21:01:28] [Server thread/INFO] [STDOUT]: [com.goodbird.cnpcgeckoaddon.hooklib.asm.ClassMetadataReader$FindMethodClassVisitor:visitMethod:156]: visiting setOffhandItem#(Lnoppes/npcs/api/item/IItemStack;)V
[21:01:28] [Server thread/INFO] [STDOUT]: [com.goodbird.cnpcgeckoaddon.hooklib.asm.ClassMetadataReader$FindMethodClassVisitor:visitMethod:156]: visiting getArmor#(I)Lnoppes/npcs/api/item/IItemStack;
[21:01:28] [Server thread/INFO] [STDOUT]: [com.goodbird.cnpcgeckoaddon.hooklib.asm.ClassMetadataReader$FindMethodClassVisitor:visitMethod:156]: visiting setArmor#(ILnoppes/npcs/api/item/IItemStack;)V
[21:01:28] [Server thread/INFO] [STDOUT]: [com.goodbird.cnpcgeckoaddon.hooklib.asm.ClassMetadataReader$FindMethodClassVisitor:visitMethod:156]: visiting getSlot#(I)Lnet/minecraft/inventory/EntityEquipmentSlot;
[21:01:28] [Server thread/INFO] [STDOUT]: [com.goodbird.cnpcgeckoaddon.hooklib.asm.ClassMetadataReader$FindMethodClassVisitor:visitMethod:156]: visiting getRotation#()F
[21:01:28] [Server thread/INFO] [STDOUT]: [com.goodbird.cnpcgeckoaddon.hooklib.asm.ClassMetadataReader$FindMethodClassVisitor:visitMethod:156]: visiting setRotation#(F)V
[21:01:28] [Server thread/INFO] [STDOUT]: [com.goodbird.cnpcgeckoaddon.hooklib.asm.ClassMetadataReader$FindMethodClassVisitor:visitMethod:156]: visiting getType#()I
[21:01:28] [Server thread/INFO] [STDOUT]: [com.goodbird.cnpcgeckoaddon.hooklib.asm.ClassMetadataReader$FindMethodClassVisitor:visitMethod:156]: visiting typeOf#(I)Z
[21:01:28] [Server thread/INFO] [STDOUT]: [com.goodbird.cnpcgeckoaddon.hooklib.asm.ClassMetadataReader$FindMethodClassVisitor:visitMethod:156]: visiting isChild#()Z
[21:01:28] [Server thread/INFO] [STDOUT]: [com.goodbird.cnpcgeckoaddon.hooklib.asm.ClassMetadataReader$FindMethodClassVisitor:visitMethod:156]: visiting addMark#(I)Lnoppes/npcs/api/entity/data/IMark;
[21:01:28] [Server thread/INFO] [STDOUT]: [com.goodbird.cnpcgeckoaddon.hooklib.asm.ClassMetadataReader$FindMethodClassVisitor:visitMethod:156]: visiting removeMark#(Lnoppes/npcs/api/entity/data/IMark;)V
[21:01:28] [Server thread/INFO] [STDOUT]: [com.goodbird.cnpcgeckoaddon.hooklib.asm.ClassMetadataReader$FindMethodClassVisitor:visitMethod:156]: visiting getMarks#()[Lnoppes/npcs/api/entity/data/IMark;
[21:01:28] [Server thread/INFO] [STDOUT]: [com.goodbird.cnpcgeckoaddon.hooklib.asm.ClassMetadataReader$FindMethodClassVisitor:visitMethod:156]: visiting getMoveForward#()F
[21:01:28] [Server thread/INFO] [STDOUT]: [com.goodbird.cnpcgeckoaddon.hooklib.asm.ClassMetadataReader$FindMethodClassVisitor:visitMethod:156]: visiting setMoveForward#(F)V
[21:01:28] [Server thread/INFO] [STDOUT]: [com.goodbird.cnpcgeckoaddon.hooklib.asm.ClassMetadataReader$FindMethodClassVisitor:visitMethod:156]: visiting getMoveStrafing#()F
[21:01:28] [Server thread/INFO] [STDOUT]: [com.goodbird.cnpcgeckoaddon.hooklib.asm.ClassMetadataReader$FindMethodClassVisitor:visitMethod:156]: visiting setMoveStrafing#(F)V
[21:01:28] [Server thread/INFO] [STDOUT]: [com.goodbird.cnpcgeckoaddon.hooklib.asm.ClassMetadataReader$FindMethodClassVisitor:visitMethod:156]: visiting getMoveVertical#()F
[21:01:28] [Server thread/INFO] [STDOUT]: [com.goodbird.cnpcgeckoaddon.hooklib.asm.ClassMetadataReader$FindMethodClassVisitor:visitMethod:156]: visiting setMoveVertical#(F)V
[21:01:28] [Server thread/INFO] [STDOUT]: [com.goodbird.cnpcgeckoaddon.hooklib.asm.ClassMetadataReader$FindMethodClassVisitor:visitMethod:156]: visiting getMCEntity#()Lnet/minecraft/entity/EntityLivingBase;
[21:01:28] [Server thread/INFO] [STDOUT]: [com.goodbird.cnpcgeckoaddon.hooklib.asm.ClassMetadataReader$FindMethodClassVisitor:visitMethod:156]: visiting <init>#(Lnet/minecraft/entity/Entity;)V
[21:01:28] [Server thread/INFO] [STDOUT]: [com.goodbird.cnpcgeckoaddon.hooklib.asm.ClassMetadataReader$FindMethodClassVisitor:visitMethod:156]: visiting getX#()D
[21:01:28] [Server thread/INFO] [STDOUT]: [com.goodbird.cnpcgeckoaddon.hooklib.asm.ClassMetadataReader$FindMethodClassVisitor:visitMethod:156]: visiting setX#(D)V
[21:01:28] [Server thread/INFO] [STDOUT]: [com.goodbird.cnpcgeckoaddon.hooklib.asm.ClassMetadataReader$FindMethodClassVisitor:visitMethod:156]: visiting getY#()D
[21:01:28] [Server thread/INFO] [STDOUT]: [com.goodbird.cnpcgeckoaddon.hooklib.asm.ClassMetadataReader$FindMethodClassVisitor:visitMethod:156]: visiting setY#(D)V
[21:01:28] [Server thread/INFO] [STDOUT]: [com.goodbird.cnpcgeckoaddon.hooklib.asm.ClassMetadataReader$FindMethodClassVisitor:visitMethod:156]: visiting getZ#()D
[21:01:28] [Server thread/INFO] [STDOUT]: [com.goodbird.cnpcgeckoaddon.hooklib.asm.ClassMetadataReader$FindMethodClassVisitor:visitMethod:156]: visiting setZ#(D)V
[21:01:28] [Server thread/INFO] [STDOUT]: [com.goodbird.cnpcgeckoaddon.hooklib.asm.ClassMetadataReader$FindMethodClassVisitor:visitMethod:156]: visiting getBlockX#()I
[21:01:28] [Server thread/INFO] [STDOUT]: [com.goodbird.cnpcgeckoaddon.hooklib.asm.ClassMetadataReader$FindMethodClassVisitor:visitMethod:156]: visiting getBlockY#()I
[21:01:28] [Server thread/INFO] [STDOUT]: [com.goodbird.cnpcgeckoaddon.hooklib.asm.ClassMetadataReader$FindMethodClassVisitor:visitMethod:156]: visiting getBlockZ#()I
[21:01:28] [Server thread/INFO] [STDOUT]: [com.goodbird.cnpcgeckoaddon.hooklib.asm.ClassMetadataReader$FindMethodClassVisitor:visitMethod:156]: visiting getEntityName#()Ljava/lang/String;
[21:01:28] [Server thread/INFO] [STDOUT]: [com.goodbird.cnpcgeckoaddon.hooklib.asm.ClassMetadataReader$FindMethodClassVisitor:visitMethod:156]: visiting getName#()Ljava/lang/String;
[21:01:28] [Server thread/INFO] [STDOUT]: [com.goodbird.cnpcgeckoaddon.hooklib.asm.ClassMetadataReader$FindMethodClassVisitor:visitMethod:156]: visiting setName#(Ljava/lang/String;)V
[21:01:28] [Server thread/INFO] [STDOUT]: [com.goodbird.cnpcgeckoaddon.hooklib.asm.ClassMetadataReader$FindMethodClassVisitor:visitMethod:156]: visiting hasCustomName#()Z
[21:01:28] [Server thread/INFO] [STDOUT]: [com.goodbird.cnpcgeckoaddon.hooklib.asm.ClassMetadataReader$FindMethodClassVisitor:visitMethod:156]: visiting setPosition#(DDD)V
[21:01:28] [Server thread/INFO] [STDOUT]: [com.goodbird.cnpcgeckoaddon.hooklib.asm.ClassMetadataReader$FindMethodClassVisitor:visitMethod:156]: visiting getWorld#()Lnoppes/npcs/api/IWorld;
[21:01:28] [Server thread/INFO] [STDOUT]: [com.goodbird.cnpcgeckoaddon.hooklib.asm.ClassMetadataReader$FindMethodClassVisitor:visitMethod:156]: visiting isAlive#()Z
[21:01:28] [Server thread/INFO] [STDOUT]: [com.goodbird.cnpcgeckoaddon.hooklib.asm.ClassMetadataReader$FindMethodClassVisitor:visitMethod:156]: visiting getTempdata#()Lnoppes/npcs/api/entity/data/IData;
[21:01:28] [Server thread/INFO] [STDOUT]: [com.goodbird.cnpcgeckoaddon.hooklib.asm.ClassMetadataReader$FindMethodClassVisitor:visitMethod:156]: visiting getStoreddata#()Lnoppes/npcs/api/entity/data/IData;
[21:01:28] [Server thread/INFO] [STDOUT]: [com.goodbird.cnpcgeckoaddon.hooklib.asm.ClassMetadataReader$FindMethodClassVisitor:visitMethod:156]: visiting getAge#()J
[21:01:28] [Server thread/INFO] [STDOUT]: [com.goodbird.cnpcgeckoaddon.hooklib.asm.ClassMetadataReader$FindMethodClassVisitor:visitMethod:156]: visiting damage#(F)V
[21:01:28] [Server thread/INFO] [STDOUT]: [com.goodbird.cnpcgeckoaddon.hooklib.asm.ClassMetadataReader$FindMethodClassVisitor:visitMethod:156]: visiting despawn#()V
[21:01:28] [Server thread/INFO] [STDOUT]: [com.goodbird.cnpcgeckoaddon.hooklib.asm.ClassMetadataReader$FindMethodClassVisitor:visitMethod:156]: visiting spawn#()V
[21:01:28] [Server thread/INFO] [STDOUT]: [com.goodbird.cnpcgeckoaddon.hooklib.asm.ClassMetadataReader$FindMethodClassVisitor:visitMethod:156]: visiting kill#()V
[21:01:28] [Server thread/INFO] [STDOUT]: [com.goodbird.cnpcgeckoaddon.hooklib.asm.ClassMetadataReader$FindMethodClassVisitor:visitMethod:156]: visiting inWater#()Z
[21:01:28] [Server thread/INFO] [STDOUT]: [com.goodbird.cnpcgeckoaddon.hooklib.asm.ClassMetadataReader$FindMethodClassVisitor:visitMethod:156]: visiting inLava#()Z
[21:01:28] [Server thread/INFO] [STDOUT]: [com.goodbird.cnpcgeckoaddon.hooklib.asm.ClassMetadataReader$FindMethodClassVisitor:visitMethod:156]: visiting inFire#()Z
[21:01:28] [Server thread/INFO] [STDOUT]: [com.goodbird.cnpcgeckoaddon.hooklib.asm.ClassMetadataReader$FindMethodClassVisitor:visitMethod:156]: visiting isBurning#()Z
[21:01:28] [Server thread/INFO] [STDOUT]: [com.goodbird.cnpcgeckoaddon.hooklib.asm.ClassMetadataReader$FindMethodClassVisitor:visitMethod:156]: visiting setBurning#(I)V
[21:01:28] [Server thread/INFO] [STDOUT]: [com.goodbird.cnpcgeckoaddon.hooklib.asm.ClassMetadataReader$FindMethodClassVisitor:visitMethod:156]: visiting extinguish#()V
[21:01:28] [Server thread/INFO] [STDOUT]: [com.goodbird.cnpcgeckoaddon.hooklib.asm.ClassMetadataReader$FindMethodClassVisitor:visitMethod:156]: visiting getTypeName#()Ljava/lang/String;
[21:01:28] [Server thread/INFO] [STDOUT]: [com.goodbird.cnpcgeckoaddon.hooklib.asm.ClassMetadataReader$FindMethodClassVisitor:visitMethod:156]: visiting dropItem#(Lnoppes/npcs/api/item/IItemStack;)Lnoppes/npcs/api/entity/IEntityItem;
[21:01:28] [Server thread/INFO] [STDOUT]: [com.goodbird.cnpcgeckoaddon.hooklib.asm.ClassMetadataReader$FindMethodClassVisitor:visitMethod:156]: visiting getRiders#()[Lnoppes/npcs/api/entity/IEntity;
[21:01:28] [Server thread/INFO] [STDOUT]: [com.goodbird.cnpcgeckoaddon.hooklib.asm.ClassMetadataReader$FindMethodClassVisitor:visitMethod:156]: visiting rayTraceBlock#(DZZ)Lnoppes/npcs/api/IRayTrace;
[21:01:28] [Server thread/INFO] [STDOUT]: [com.goodbird.cnpcgeckoaddon.hooklib.asm.ClassMetadataReader$FindMethodClassVisitor:visitMethod:156]: visiting rayTraceEntities#(DZZ)[Lnoppes/npcs/api/entity/IEntity;
[21:01:28] [Server thread/INFO] [STDOUT]: [com.goodbird.cnpcgeckoaddon.hooklib.asm.ClassMetadataReader$FindMethodClassVisitor:visitMethod:156]: visiting findEntityOnPath#(DLnet/minecraft/util/math/Vec3d;Lnet/minecraft/util/math/Vec3d;)[Lnoppes/npcs/api/entity/IEntity;
[21:01:28] [Server thread/INFO] [STDOUT]: [com.goodbird.cnpcgeckoaddon.hooklib.asm.ClassMetadataReader$FindMethodClassVisitor:visitMethod:156]: visiting getAllRiders#()[Lnoppes/npcs/api/entity/IEntity;
[21:01:28] [Server thread/INFO] [STDOUT]: [com.goodbird.cnpcgeckoaddon.hooklib.asm.ClassMetadataReader$FindMethodClassVisitor:visitMethod:156]: visiting addRider#(Lnoppes/npcs/api/entity/IEntity;)V
[21:01:28] [Server thread/INFO] [STDOUT]: [com.goodbird.cnpcgeckoaddon.hooklib.asm.ClassMetadataReader$FindMethodClassVisitor:visitMethod:156]: visiting clearRiders#()V
[21:01:28] [Server thread/INFO] [STDOUT]: [com.goodbird.cnpcgeckoaddon.hooklib.asm.ClassMetadataReader$FindMethodClassVisitor:visitMethod:156]: visiting getMount#()Lnoppes/npcs/api/entity/IEntity;
[21:01:28] [Server thread/INFO] [STDOUT]: [com.goodbird.cnpcgeckoaddon.hooklib.asm.ClassMetadataReader$FindMethodClassVisitor:visitMethod:156]: visiting setMount#(Lnoppes/npcs/api/entity/IEntity;)V
[21:01:28] [Server thread/INFO] [STDOUT]: [com.goodbird.cnpcgeckoaddon.hooklib.asm.ClassMetadataReader$FindMethodClassVisitor:visitMethod:156]: visiting setRotation#(F)V
[21:01:28] [Server thread/INFO] [STDOUT]: [com.goodbird.cnpcgeckoaddon.hooklib.asm.ClassMetadataReader$FindMethodClassVisitor:visitMethod:156]: visiting getRotation#()F
[21:01:28] [Server thread/INFO] [STDOUT]: [com.goodbird.cnpcgeckoaddon.hooklib.asm.ClassMetadataReader$FindMethodClassVisitor:visitMethod:156]: visiting setPitch#(F)V
[21:01:28] [Server thread/INFO] [STDOUT]: [com.goodbird.cnpcgeckoaddon.hooklib.asm.ClassMetadataReader$FindMethodClassVisitor:visitMethod:156]: visiting getPitch#()F
[21:01:28] [Server thread/INFO] [STDOUT]: [com.goodbird.cnpcgeckoaddon.hooklib.asm.ClassMetadataReader$FindMethodClassVisitor:visitMethod:156]: visiting knockback#(IF)V
[21:01:28] [Server thread/INFO] [STDOUT]: [com.goodbird.cnpcgeckoaddon.hooklib.asm.ClassMetadataReader$FindMethodClassVisitor:visitMethod:156]: visiting isSneaking#()Z
[21:01:28] [Server thread/INFO] [STDOUT]: [com.goodbird.cnpcgeckoaddon.hooklib.asm.ClassMetadataReader$FindMethodClassVisitor:visitMethod:156]: visiting isSprinting#()Z
[21:01:28] [Server thread/INFO] [STDOUT]: [com.goodbird.cnpcgeckoaddon.hooklib.asm.ClassMetadataReader$FindMethodClassVisitor:visitMethod:156]: visiting getMCEntity#()Lnet/minecraft/entity/Entity;
[21:01:28] [Server thread/INFO] [STDOUT]: [com.goodbird.cnpcgeckoaddon.hooklib.asm.ClassMetadataReader$FindMethodClassVisitor:visitMethod:156]: visiting getType#()I
[21:01:28] [Server thread/INFO] [STDOUT]: [com.goodbird.cnpcgeckoaddon.hooklib.asm.ClassMetadataReader$FindMethodClassVisitor:visitMethod:156]: visiting typeOf#(I)Z
[21:01:28] [Server thread/INFO] [STDOUT]: [com.goodbird.cnpcgeckoaddon.hooklib.asm.ClassMetadataReader$FindMethodClassVisitor:visitMethod:156]: visiting getUUID#()Ljava/lang/String;
[21:01:28] [Server thread/INFO] [STDOUT]: [com.goodbird.cnpcgeckoaddon.hooklib.asm.ClassMetadataReader$FindMethodClassVisitor:visitMethod:156]: visiting generateNewUUID#()Ljava/lang/String;
[21:01:28] [Server thread/INFO] [STDOUT]: [com.goodbird.cnpcgeckoaddon.hooklib.asm.ClassMetadataReader$FindMethodClassVisitor:visitMethod:156]: visiting getNbt#()Lnoppes/npcs/api/INbt;
[21:01:28] [Server thread/INFO] [STDOUT]: [com.goodbird.cnpcgeckoaddon.hooklib.asm.ClassMetadataReader$FindMethodClassVisitor:visitMethod:156]: visiting storeAsClone#(ILjava/lang/String;)V
[21:01:28] [Server thread/INFO] [STDOUT]: [com.goodbird.cnpcgeckoaddon.hooklib.asm.ClassMetadataReader$FindMethodClassVisitor:visitMethod:156]: visiting getEntityNbt#()Lnoppes/npcs/api/INbt;
[21:01:28] [Server thread/INFO] [STDOUT]: [com.goodbird.cnpcgeckoaddon.hooklib.asm.ClassMetadataReader$FindMethodClassVisitor:visitMethod:156]: visiting setEntityNbt#(Lnoppes/npcs/api/INbt;)V
[21:01:28] [Server thread/INFO] [STDOUT]: [com.goodbird.cnpcgeckoaddon.hooklib.asm.ClassMetadataReader$FindMethodClassVisitor:visitMethod:156]: visiting playAnimation#(I)V
[21:01:28] [Server thread/INFO] [STDOUT]: [com.goodbird.cnpcgeckoaddon.hooklib.asm.ClassMetadataReader$FindMethodClassVisitor:visitMethod:156]: visiting getHeight#()F
[21:01:28] [Server thread/INFO] [STDOUT]: [com.goodbird.cnpcgeckoaddon.hooklib.asm.ClassMetadataReader$FindMethodClassVisitor:visitMethod:156]: visiting getEyeHeight#()F
[21:01:28] [Server thread/INFO] [STDOUT]: [com.goodbird.cnpcgeckoaddon.hooklib.asm.ClassMetadataReader$FindMethodClassVisitor:visitMethod:156]: visiting getWidth#()F
[21:01:28] [Server thread/INFO] [STDOUT]: [com.goodbird.cnpcgeckoaddon.hooklib.asm.ClassMetadataReader$FindMethodClassVisitor:visitMethod:156]: visiting getPos#()Lnoppes/npcs/api/IPos;
[21:01:28] [Server thread/INFO] [STDOUT]: [com.goodbird.cnpcgeckoaddon.hooklib.asm.ClassMetadataReader$FindMethodClassVisitor:visitMethod:156]: visiting setPos#(Lnoppes/npcs/api/IPos;)V
[21:01:28] [Server thread/INFO] [STDOUT]: [com.goodbird.cnpcgeckoaddon.hooklib.asm.ClassMetadataReader$FindMethodClassVisitor:visitMethod:156]: visiting getTags#()[Ljava/lang/String;
[21:01:28] [Server thread/INFO] [STDOUT]: [com.goodbird.cnpcgeckoaddon.hooklib.asm.ClassMetadataReader$FindMethodClassVisitor:visitMethod:156]: visiting addTag#(Ljava/lang/String;)V
[21:01:28] [Server thread/INFO] [STDOUT]: [com.goodbird.cnpcgeckoaddon.hooklib.asm.ClassMetadataReader$FindMethodClassVisitor:visitMethod:156]: visiting hasTag#(Ljava/lang/String;)Z
[21:01:28] [Server thread/INFO] [STDOUT]: [com.goodbird.cnpcgeckoaddon.hooklib.asm.ClassMetadataReader$FindMethodClassVisitor:visitMethod:156]: visiting removeTag#(Ljava/lang/String;)V
[21:01:28] [Server thread/INFO] [STDOUT]: [com.goodbird.cnpcgeckoaddon.hooklib.asm.ClassMetadataReader$FindMethodClassVisitor:visitMethod:156]: visiting getMotionX#()D
[21:01:28] [Server thread/INFO] [STDOUT]: [com.goodbird.cnpcgeckoaddon.hooklib.asm.ClassMetadataReader$FindMethodClassVisitor:visitMethod:156]: visiting getMotionY#()D
[21:01:28] [Server thread/INFO] [STDOUT]: [com.goodbird.cnpcgeckoaddon.hooklib.asm.ClassMetadataReader$FindMethodClassVisitor:visitMethod:156]: visiting getMotionZ#()D
[21:01:28] [Server thread/INFO] [STDOUT]: [com.goodbird.cnpcgeckoaddon.hooklib.asm.ClassMetadataReader$FindMethodClassVisitor:visitMethod:156]: visiting setMotionX#(D)V
[21:01:28] [Server thread/INFO] [STDOUT]: [com.goodbird.cnpcgeckoaddon.hooklib.asm.ClassMetadataReader$FindMethodClassVisitor:visitMethod:156]: visiting setMotionY#(D)V
[21:01:28] [Server thread/INFO] [STDOUT]: [com.goodbird.cnpcgeckoaddon.hooklib.asm.ClassMetadataReader$FindMethodClassVisitor:visitMethod:156]: visiting setMotionZ#(D)V
[21:01:28] [Server thread/INFO] [STDOUT]: [com.goodbird.cnpcgeckoaddon.hooklib.asm.ClassMetadataReader$FindMethodClassVisitor:visitMethod:156]: visiting lambda$findEntityOnPath$0#(Lnoppes/npcs/api/entity/IEntity;Lnoppes/npcs/api/entity/IEntity;)I
[21:01:28] [Server thread/INFO] [STDOUT]: [com.goodbird.cnpcgeckoaddon.hooklib.asm.ClassMetadataReader$FindMethodClassVisitor:visitMethod:156]: visiting access$000#(Lnoppes/npcs/api/wrapper/EntityWrapper;)Ljava/util/Map;
[21:01:28] [Server thread/INFO] [STDOUT]: [com.goodbird.cnpcgeckoaddon.hooklib.asm.ClassMetadataReader$FindMethodClassVisitor:visitMethod:156]: visiting <init>#(Lnoppes/npcs/entity/EntityNPCInterface;)V
[21:01:28] [Server thread/INFO] [STDOUT]: [com.goodbird.cnpcgeckoaddon.hooklib.asm.ClassMetadataReader$FindMethodClassVisitor:visitMethod:156]: visiting setMaxHealth#(F)V
[21:01:28] [Server thread/INFO] [STDOUT]: [com.goodbird.cnpcgeckoaddon.hooklib.asm.ClassMetadataReader$FindMethodClassVisitor:visitMethod:156]: visiting getDisplay#()Lnoppes/npcs/api/entity/data/INPCDisplay;
[21:01:28] [Server thread/INFO] [STDOUT]: [com.goodbird.cnpcgeckoaddon.hooklib.asm.ClassMetadataReader$FindMethodClassVisitor:visitMethod:156]: visiting getInventory#()Lnoppes/npcs/api/entity/data/INPCInventory;
[21:01:28] [Server thread/INFO] [STDOUT]: [com.goodbird.cnpcgeckoaddon.hooklib.asm.ClassMetadataReader$FindMethodClassVisitor:visitMethod:156]: visiting getAi#()Lnoppes/npcs/api/entity/data/INPCAi;
[21:01:28] [Server thread/INFO] [STDOUT]: [com.goodbird.cnpcgeckoaddon.hooklib.asm.ClassMetadataReader$FindMethodClassVisitor:visitMethod:156]: visiting getAdvanced#()Lnoppes/npcs/api/entity/data/INPCAdvanced;
[21:01:28] [Server thread/INFO] [STDOUT]: [com.goodbird.cnpcgeckoaddon.hooklib.asm.ClassMetadataReader$FindMethodClassVisitor:visitMethod:156]: visiting getStats#()Lnoppes/npcs/api/entity/data/INPCStats;
[21:01:28] [Server thread/INFO] [STDOUT]: [com.goodbird.cnpcgeckoaddon.hooklib.asm.ClassMetadataReader$FindMethodClassVisitor:visitMethod:156]: visiting getFaction#()Lnoppes/npcs/api/handler/data/IFaction;
[21:01:28] [Server thread/INFO] [STDOUT]: [com.goodbird.cnpcgeckoaddon.hooklib.asm.ClassMetadataReader$FindMethodClassVisitor:visitMethod:156]: visiting getTimers#()Lnoppes/npcs/api/ITimers;
[21:01:28] [Server thread/INFO] [STDOUT]: [com.goodbird.cnpcgeckoaddon.hooklib.asm.ClassMetadataReader$FindMethodClassVisitor:visitMethod:156]: visiting setFaction#(I)V
[21:01:28] [Server thread/INFO] [STDOUT]: [com.goodbird.cnpcgeckoaddon.hooklib.asm.ClassMetadataReader$FindMethodClassVisitor:visitMethod:156]: visiting getRole#()Lnoppes/npcs/api/entity/data/INPCRole;
[21:01:28] [Server thread/INFO] [STDOUT]: [com.goodbird.cnpcgeckoaddon.hooklib.asm.ClassMetadataReader$FindMethodClassVisitor:visitMethod:156]: visiting getJob#()Lnoppes/npcs/api/entity/data/INPCJob;
[21:01:28] [Server thread/INFO] [STDOUT]: [com.goodbird.cnpcgeckoaddon.hooklib.asm.ClassMetadataReader$FindMethodClassVisitor:visitMethod:156]: visiting getHomeX#()I
[21:01:28] [Server thread/INFO] [STDOUT]: [com.goodbird.cnpcgeckoaddon.hooklib.asm.ClassMetadataReader$FindMethodClassVisitor:visitMethod:156]: visiting getHomeY#()I
[21:01:28] [Server thread/INFO] [STDOUT]: [com.goodbird.cnpcgeckoaddon.hooklib.asm.ClassMetadataReader$FindMethodClassVisitor:visitMethod:156]: visiting getHomeZ#()I
[21:01:28] [Server thread/INFO] [STDOUT]: [com.goodbird.cnpcgeckoaddon.hooklib.asm.ClassMetadataReader$FindMethodClassVisitor:visitMethod:156]: visiting setHome#(III)V
[21:01:28] [Server thread/INFO] [STDOUT]: [com.goodbird.cnpcgeckoaddon.hooklib.asm.ClassMetadataReader$FindMethodClassVisitor:visitMethod:156]: visiting getOffsetX#()I
[21:01:28] [Server thread/INFO] [STDOUT]: [com.goodbird.cnpcgeckoaddon.hooklib.asm.ClassMetadataReader$FindMethodClassVisitor:visitMethod:156]: visiting getOffsetY#()I
[21:01:28] [Server thread/INFO] [STDOUT]: [com.goodbird.cnpcgeckoaddon.hooklib.asm.ClassMetadataReader$FindMethodClassVisitor:visitMethod:156]: visiting getOffsetZ#()I
[21:01:28] [Server thread/INFO] [STDOUT]: [com.goodbird.cnpcgeckoaddon.hooklib.asm.ClassMetadataReader$FindMethodClassVisitor:visitMethod:156]: visiting setOffset#(III)V
[21:01:28] [Server thread/INFO] [STDOUT]: [com.goodbird.cnpcgeckoaddon.hooklib.asm.ClassMetadataReader$FindMethodClassVisitor:visitMethod:156]: visiting say#(Ljava/lang/String;)V
[21:01:28] [Server thread/INFO] [STDOUT]: [com.goodbird.cnpcgeckoaddon.hooklib.asm.ClassMetadataReader$FindMethodClassVisitor:visitMethod:156]: visiting sayTo#(Lnoppes/npcs/api/entity/IPlayer;Ljava/lang/String;)V
[21:01:28] [Server thread/INFO] [STDOUT]: [com.goodbird.cnpcgeckoaddon.hooklib.asm.ClassMetadataReader$FindMethodClassVisitor:visitMethod:156]: visiting reset#()V
[21:01:28] [Server thread/INFO] [STDOUT]: [com.goodbird.cnpcgeckoaddon.hooklib.asm.ClassMetadataReader$FindMethodClassVisitor:visitMethod:156]: visiting getAge#()J
[21:01:28] [Server thread/INFO] [STDOUT]: [com.goodbird.cnpcgeckoaddon.hooklib.asm.ClassMetadataReader$FindMethodClassVisitor:visitMethod:156]: visiting shootItem#(Lnoppes/npcs/api/entity/IEntityLivingBase;Lnoppes/npcs/api/item/IItemStack;I)Lnoppes/npcs/api/entity/IProjectile;
[21:01:28] [Server thread/INFO] [STDOUT]: [com.goodbird.cnpcgeckoaddon.hooklib.asm.ClassMetadataReader$FindMethodClassVisitor:visitMethod:156]: visiting shootItem#(DDDLnoppes/npcs/api/item/IItemStack;I)Lnoppes/npcs/api/entity/IProjectile;
[21:01:28] [Server thread/INFO] [STDOUT]: [com.goodbird.cnpcgeckoaddon.hooklib.asm.ClassMetadataReader$FindMethodClassVisitor:visitMethod:156]: visiting giveItem#(Lnoppes/npcs/api/entity/IPlayer;Lnoppes/npcs/api/item/IItemStack;)V
[21:01:28] [Server thread/INFO] [STDOUT]: [com.goodbird.cnpcgeckoaddon.hooklib.asm.ClassMetadataReader$FindMethodClassVisitor:visitMethod:156]: visiting executeCommand#(Ljava/lang/String;)Ljava/lang/String;
[21:01:28] [Server thread/INFO] [STDOUT]: [com.goodbird.cnpcgeckoaddon.hooklib.asm.ClassMetadataReader$FindMethodClassVisitor:visitMethod:156]: visiting getType#()I
[21:01:28] [Server thread/INFO] [STDOUT]: [com.goodbird.cnpcgeckoaddon.hooklib.asm.ClassMetadataReader$FindMethodClassVisitor:visitMethod:156]: visiting getName#()Ljava/lang/String;
[21:01:28] [Server thread/INFO] [STDOUT]: [com.goodbird.cnpcgeckoaddon.hooklib.asm.ClassMetadataReader$FindMethodClassVisitor:visitMethod:156]: visiting setName#(Ljava/lang/String;)V
[21:01:28] [Server thread/INFO] [STDOUT]: [com.goodbird.cnpcgeckoaddon.hooklib.asm.ClassMetadataReader$FindMethodClassVisitor:visitMethod:156]: visiting setRotation#(F)V
[21:01:28] [Server thread/INFO] [STDOUT]: [com.goodbird.cnpcgeckoaddon.hooklib.asm.ClassMetadataReader$FindMethodClassVisitor:visitMethod:156]: visiting typeOf#(I)Z
[21:01:28] [Server thread/INFO] [STDOUT]: [com.goodbird.cnpcgeckoaddon.hooklib.asm.ClassMetadataReader$FindMethodClassVisitor:visitMethod:156]: visiting setDialog#(ILnoppes/npcs/api/handler/data/IDialog;)V
[21:01:28] [Server thread/INFO] [STDOUT]: [com.goodbird.cnpcgeckoaddon.hooklib.asm.ClassMetadataReader$FindMethodClassVisitor:visitMethod:156]: visiting getDialog#(I)Lnoppes/npcs/api/handler/data/IDialog;
[21:01:28] [Server thread/INFO] [STDOUT]: [com.goodbird.cnpcgeckoaddon.hooklib.asm.ClassMetadataReader$FindMethodClassVisitor:visitMethod:156]: visiting updateClient#()V
[21:01:28] [Server thread/INFO] [STDOUT]: [com.goodbird.cnpcgeckoaddon.hooklib.asm.ClassMetadataReader$FindMethodClassVisitor:visitMethod:156]: visiting getOwner#()Lnoppes/npcs/api/entity/IEntityLivingBase;
[21:01:28] [Server thread/INFO] [STDOUT]: [com.goodbird.cnpcgeckoaddon.hooklib.asm.ClassMetadataReader$FindMethodClassVisitor:visitMethod:156]: visiting <init>#(Lnet/minecraft/entity/EntityLiving;)V
[21:01:28] [Server thread/INFO] [STDOUT]: [com.goodbird.cnpcgeckoaddon.hooklib.asm.ClassMetadataReader$FindMethodClassVisitor:visitMethod:156]: visiting navigateTo#(DDDD)V
[21:01:28] [Server thread/INFO] [STDOUT]: [com.goodbird.cnpcgeckoaddon.hooklib.asm.ClassMetadataReader$FindMethodClassVisitor:visitMethod:156]: visiting clearNavigation#()V
[21:01:28] [Server thread/INFO] [STDOUT]: [com.goodbird.cnpcgeckoaddon.hooklib.asm.ClassMetadataReader$FindMethodClassVisitor:visitMethod:156]: visiting getNavigationPath#()Lnoppes/npcs/api/IPos;
[21:01:28] [Server thread/INFO] [STDOUT]: [com.goodbird.cnpcgeckoaddon.hooklib.asm.ClassMetadataReader$FindMethodClassVisitor:visitMethod:156]: visiting isNavigating#()Z
[21:01:28] [Server thread/INFO] [STDOUT]: [com.goodbird.cnpcgeckoaddon.hooklib.asm.ClassMetadataReader$FindMethodClassVisitor:visitMethod:156]: visiting isAttacking#()Z
[21:01:28] [Server thread/INFO] [STDOUT]: [com.goodbird.cnpcgeckoaddon.hooklib.asm.ClassMetadataReader$FindMethodClassVisitor:visitMethod:156]: visiting setAttackTarget#(Lnoppes/npcs/api/entity/IEntityLivingBase;)V
[21:01:28] [Server thread/INFO] [STDOUT]: [com.goodbird.cnpcgeckoaddon.hooklib.asm.ClassMetadataReader$FindMethodClassVisitor:visitMethod:156]: visiting getAttackTarget#()Lnoppes/npcs/api/entity/IEntityLivingBase;
[21:01:28] [Server thread/INFO] [STDOUT]: [com.goodbird.cnpcgeckoaddon.hooklib.asm.ClassMetadataReader$FindMethodClassVisitor:visitMethod:156]: visiting canSeeEntity#(Lnoppes/npcs/api/entity/IEntity;)Z
[21:01:28] [Server thread/INFO] [STDOUT]: [com.goodbird.cnpcgeckoaddon.hooklib.asm.ClassMetadataReader$FindMethodClassVisitor:visitMethod:156]: visiting jump#()V
[21:01:28] [Server thread/INFO] [STDOUT]: [com.goodbird.cnpcgeckoaddon.hooklib.asm.ClassMetadataReader$FindMethodClassVisitor:visitMethod:156]: visiting getMCEntity#()Lnet/minecraft/entity/EntityLiving;
[21:01:28] [Server thread/INFO] [STDOUT]: [com.goodbird.cnpcgeckoaddon.hooklib.asm.ClassMetadataReader$FindMethodClassVisitor:visitMethod:156]: visiting <init>#(Lnet/minecraft/entity/EntityLivingBase;)V
[21:01:28] [Server thread/INFO] [STDOUT]: [com.goodbird.cnpcgeckoaddon.hooklib.asm.ClassMetadataReader$FindMethodClassVisitor:visitMethod:156]: visiting getHealth#()F
[21:01:28] [Server thread/INFO] [STDOUT]: [com.goodbird.cnpcgeckoaddon.hooklib.asm.ClassMetadataReader$FindMethodClassVisitor:visitMethod:156]: visiting setHealth#(F)V
[21:01:28] [Server thread/INFO] [STDOUT]: [com.goodbird.cnpcgeckoaddon.hooklib.asm.ClassMetadataReader$FindMethodClassVisitor:visitMethod:156]: visiting getMaxHealth#()F
[21:01:28] [Server thread/INFO] [STDOUT]: [com.goodbird.cnpcgeckoaddon.hooklib.asm.ClassMetadataReader$FindMethodClassVisitor:visitMethod:156]: visiting setMaxHealth#(F)V
[21:01:28] [Server thread/INFO] [STDOUT]: [com.goodbird.cnpcgeckoaddon.hooklib.asm.ClassMetadataReader$FindMethodClassVisitor:visitMethod:156]: visiting isAttacking#()Z
[21:01:28] [Server thread/INFO] [STDOUT]: [com.goodbird.cnpcgeckoaddon.hooklib.asm.ClassMetadataReader$FindMethodClassVisitor:visitMethod:156]: visiting setAttackTarget#(Lnoppes/npcs/api/entity/IEntityLivingBase;)V
[21:01:28] [Server thread/INFO] [STDOUT]: [com.goodbird.cnpcgeckoaddon.hooklib.asm.ClassMetadataReader$FindMethodClassVisitor:visitMethod:156]: visiting getAttackTarget#()Lnoppes/npcs/api/entity/IEntityLivingBase;
[21:01:28] [Server thread/INFO] [STDOUT]: [com.goodbird.cnpcgeckoaddon.hooklib.asm.ClassMetadataReader$FindMethodClassVisitor:visitMethod:156]: visiting getLastAttacked#()Lnoppes/npcs/api/entity/IEntityLivingBase;
[21:01:28] [Server thread/INFO] [STDOUT]: [com.goodbird.cnpcgeckoaddon.hooklib.asm.ClassMetadataReader$FindMethodClassVisitor:visitMethod:156]: visiting getLastAttackedTime#()I
[21:01:28] [Server thread/INFO] [STDOUT]: [com.goodbird.cnpcgeckoaddon.hooklib.asm.ClassMetadataReader$FindMethodClassVisitor:visitMethod:156]: visiting canSeeEntity#(Lnoppes/npcs/api/entity/IEntity;)Z
[21:01:28] [Server thread/INFO] [STDOUT]: [com.goodbird.cnpcgeckoaddon.hooklib.asm.ClassMetadataReader$FindMethodClassVisitor:visitMethod:156]: visiting swingMainhand#()V
[21:01:28] [Server thread/INFO] [STDOUT]: [com.goodbird.cnpcgeckoaddon.hooklib.asm.ClassMetadataReader$FindMethodClassVisitor:visitMethod:156]: visiting swingOffhand#()V
[21:01:28] [Server thread/INFO] [STDOUT]: [com.goodbird.cnpcgeckoaddon.hooklib.asm.ClassMetadataReader$FindMethodClassVisitor:visitMethod:156]: visiting addPotionEffect#(IIIZ)V
[21:01:28] [Server thread/INFO] [STDOUT]: [com.goodbird.cnpcgeckoaddon.hooklib.asm.ClassMetadataReader$FindMethodClassVisitor:visitMethod:156]: visiting clearPotionEffects#()V
[21:01:28] [Server thread/INFO] [STDOUT]: [com.goodbird.cnpcgeckoaddon.hooklib.asm.ClassMetadataReader$FindMethodClassVisitor:visitMethod:156]: visiting getPotionEffect#(I)I
[21:01:28] [Server thread/INFO] [STDOUT]: [com.goodbird.cnpcgeckoaddon.hooklib.asm.ClassMetadataReader$FindMethodClassVisitor:visitMethod:156]: visiting getMainhandItem#()Lnoppes/npcs/api/item/IItemStack;
[21:01:28] [Server thread/INFO] [STDOUT]: [com.goodbird.cnpcgeckoaddon.hooklib.asm.ClassMetadataReader$FindMethodClassVisitor:visitMethod:156]: visiting setMainhandItem#(Lnoppes/npcs/api/item/IItemStack;)V
[21:01:28] [Server thread/INFO] [STDOUT]: [com.goodbird.cnpcgeckoaddon.hooklib.asm.ClassMetadataReader$FindMethodClassVisitor:visitMethod:156]: visiting getOffhandItem#()Lnoppes/npcs/api/item/IItemStack;
[21:01:28] [Server thread/INFO] [STDOUT]: [com.goodbird.cnpcgeckoaddon.hooklib.asm.ClassMetadataReader$FindMethodClassVisitor:visitMethod:156]: visiting setOffhandItem#(Lnoppes/npcs/api/item/IItemStack;)V
[21:01:28] [Server thread/INFO] [STDOUT]: [com.goodbird.cnpcgeckoaddon.hooklib.asm.ClassMetadataReader$FindMethodClassVisitor:visitMethod:156]: visiting getArmor#(I)Lnoppes/npcs/api/item/IItemStack;
[21:01:28] [Server thread/INFO] [STDOUT]: [com.goodbird.cnpcgeckoaddon.hooklib.asm.ClassMetadataReader$FindMethodClassVisitor:visitMethod:156]: visiting setArmor#(ILnoppes/npcs/api/item/IItemStack;)V
[21:01:28] [Server thread/INFO] [STDOUT]: [com.goodbird.cnpcgeckoaddon.hooklib.asm.ClassMetadataReader$FindMethodClassVisitor:visitMethod:156]: visiting getSlot#(I)Lnet/minecraft/inventory/EntityEquipmentSlot;
[21:01:28] [Server thread/INFO] [STDOUT]: [com.goodbird.cnpcgeckoaddon.hooklib.asm.ClassMetadataReader$FindMethodClassVisitor:visitMethod:156]: visiting getRotation#()F
[21:01:28] [Server thread/INFO] [STDOUT]: [com.goodbird.cnpcgeckoaddon.hooklib.asm.ClassMetadataReader$FindMethodClassVisitor:visitMethod:156]: visiting setRotation#(F)V
[21:01:28] [Server thread/INFO] [STDOUT]: [com.goodbird.cnpcgeckoaddon.hooklib.asm.ClassMetadataReader$FindMethodClassVisitor:visitMethod:156]: visiting getType#()I
[21:01:28] [Server thread/INFO] [STDOUT]: [com.goodbird.cnpcgeckoaddon.hooklib.asm.ClassMetadataReader$FindMethodClassVisitor:visitMethod:156]: visiting typeOf#(I)Z
[21:01:28] [Server thread/INFO] [STDOUT]: [com.goodbird.cnpcgeckoaddon.hooklib.asm.ClassMetadataReader$FindMethodClassVisitor:visitMethod:156]: visiting isChild#()Z
[21:01:28] [Server thread/INFO] [STDOUT]: [com.goodbird.cnpcgeckoaddon.hooklib.asm.ClassMetadataReader$FindMethodClassVisitor:visitMethod:156]: visiting addMark#(I)Lnoppes/npcs/api/entity/data/IMark;
[21:01:28] [Server thread/INFO] [STDOUT]: [com.goodbird.cnpcgeckoaddon.hooklib.asm.ClassMetadataReader$FindMethodClassVisitor:visitMethod:156]: visiting removeMark#(Lnoppes/npcs/api/entity/data/IMark;)V
[21:01:28] [Server thread/INFO] [STDOUT]: [com.goodbird.cnpcgeckoaddon.hooklib.asm.ClassMetadataReader$FindMethodClassVisitor:visitMethod:156]: visiting getMarks#()[Lnoppes/npcs/api/entity/data/IMark;
[21:01:28] [Server thread/INFO] [STDOUT]: [com.goodbird.cnpcgeckoaddon.hooklib.asm.ClassMetadataReader$FindMethodClassVisitor:visitMethod:156]: visiting getMoveForward#()F
[21:01:28] [Server thread/INFO] [STDOUT]: [com.goodbird.cnpcgeckoaddon.hooklib.asm.ClassMetadataReader$FindMethodClassVisitor:visitMethod:156]: visiting setMoveForward#(F)V
[21:01:28] [Server thread/INFO] [STDOUT]: [com.goodbird.cnpcgeckoaddon.hooklib.asm.ClassMetadataReader$FindMethodClassVisitor:visitMethod:156]: visiting getMoveStrafing#()F
[21:01:28] [Server thread/INFO] [STDOUT]: [com.goodbird.cnpcgeckoaddon.hooklib.asm.ClassMetadataReader$FindMethodClassVisitor:visitMethod:156]: visiting setMoveStrafing#(F)V
[21:01:28] [Server thread/INFO] [STDOUT]: [com.goodbird.cnpcgeckoaddon.hooklib.asm.ClassMetadataReader$FindMethodClassVisitor:visitMethod:156]: visiting getMoveVertical#()F
[21:01:28] [Server thread/INFO] [STDOUT]: [com.goodbird.cnpcgeckoaddon.hooklib.asm.ClassMetadataReader$FindMethodClassVisitor:visitMethod:156]: visiting setMoveVertical#(F)V
[21:01:28] [Server thread/INFO] [STDOUT]: [com.goodbird.cnpcgeckoaddon.hooklib.asm.ClassMetadataReader$FindMethodClassVisitor:visitMethod:156]: visiting getMCEntity#()Lnet/minecraft/entity/EntityLivingBase;
[21:01:28] [Server thread/INFO] [STDOUT]: [com.goodbird.cnpcgeckoaddon.hooklib.asm.ClassMetadataReader$FindMethodClassVisitor:visitMethod:156]: visiting <init>#(Lnet/minecraft/entity/Entity;)V
[21:01:28] [Server thread/INFO] [STDOUT]: [com.goodbird.cnpcgeckoaddon.hooklib.asm.ClassMetadataReader$FindMethodClassVisitor:visitMethod:156]: visiting getX#()D
[21:01:28] [Server thread/INFO] [STDOUT]: [com.goodbird.cnpcgeckoaddon.hooklib.asm.ClassMetadataReader$FindMethodClassVisitor:visitMethod:156]: visiting setX#(D)V
[21:01:28] [Server thread/INFO] [STDOUT]: [com.goodbird.cnpcgeckoaddon.hooklib.asm.ClassMetadataReader$FindMethodClassVisitor:visitMethod:156]: visiting getY#()D
[21:01:28] [Server thread/INFO] [STDOUT]: [com.goodbird.cnpcgeckoaddon.hooklib.asm.ClassMetadataReader$FindMethodClassVisitor:visitMethod:156]: visiting setY#(D)V
[21:01:28] [Server thread/INFO] [STDOUT]: [com.goodbird.cnpcgeckoaddon.hooklib.asm.ClassMetadataReader$FindMethodClassVisitor:visitMethod:156]: visiting getZ#()D
[21:01:28] [Server thread/INFO] [STDOUT]: [com.goodbird.cnpcgeckoaddon.hooklib.asm.ClassMetadataReader$FindMethodClassVisitor:visitMethod:156]: visiting setZ#(D)V
[21:01:28] [Server thread/INFO] [STDOUT]: [com.goodbird.cnpcgeckoaddon.hooklib.asm.ClassMetadataReader$FindMethodClassVisitor:visitMethod:156]: visiting getBlockX#()I
[21:01:28] [Server thread/INFO] [STDOUT]: [com.goodbird.cnpcgeckoaddon.hooklib.asm.ClassMetadataReader$FindMethodClassVisitor:visitMethod:156]: visiting getBlockY#()I
[21:01:28] [Server thread/INFO] [STDOUT]: [com.goodbird.cnpcgeckoaddon.hooklib.asm.ClassMetadataReader$FindMethodClassVisitor:visitMethod:156]: visiting getBlockZ#()I
[21:01:28] [Server thread/INFO] [STDOUT]: [com.goodbird.cnpcgeckoaddon.hooklib.asm.ClassMetadataReader$FindMethodClassVisitor:visitMethod:156]: visiting getEntityName#()Ljava/lang/String;
[21:01:28] [Server thread/INFO] [STDOUT]: [com.goodbird.cnpcgeckoaddon.hooklib.asm.ClassMetadataReader$FindMethodClassVisitor:visitMethod:156]: visiting getName#()Ljava/lang/String;
[21:01:28] [Server thread/INFO] [STDOUT]: [com.goodbird.cnpcgeckoaddon.hooklib.asm.ClassMetadataReader$FindMethodClassVisitor:visitMethod:156]: visiting setName#(Ljava/lang/String;)V
[21:01:28] [Server thread/INFO] [STDOUT]: [com.goodbird.cnpcgeckoaddon.hooklib.asm.ClassMetadataReader$FindMethodClassVisitor:visitMethod:156]: visiting hasCustomName#()Z
[21:01:28] [Server thread/INFO] [STDOUT]: [com.goodbird.cnpcgeckoaddon.hooklib.asm.ClassMetadataReader$FindMethodClassVisitor:visitMethod:156]: visiting setPosition#(DDD)V
[21:01:28] [Server thread/INFO] [STDOUT]: [com.goodbird.cnpcgeckoaddon.hooklib.asm.ClassMetadataReader$FindMethodClassVisitor:visitMethod:156]: visiting getWorld#()Lnoppes/npcs/api/IWorld;
[21:01:28] [Server thread/INFO] [STDOUT]: [com.goodbird.cnpcgeckoaddon.hooklib.asm.ClassMetadataReader$FindMethodClassVisitor:visitMethod:156]: visiting isAlive#()Z
[21:01:28] [Server thread/INFO] [STDOUT]: [com.goodbird.cnpcgeckoaddon.hooklib.asm.ClassMetadataReader$FindMethodClassVisitor:visitMethod:156]: visiting getTempdata#()Lnoppes/npcs/api/entity/data/IData;
[21:01:28] [Server thread/INFO] [STDOUT]: [com.goodbird.cnpcgeckoaddon.hooklib.asm.ClassMetadataReader$FindMethodClassVisitor:visitMethod:156]: visiting getStoreddata#()Lnoppes/npcs/api/entity/data/IData;
[21:01:28] [Server thread/INFO] [STDOUT]: [com.goodbird.cnpcgeckoaddon.hooklib.asm.ClassMetadataReader$FindMethodClassVisitor:visitMethod:156]: visiting getAge#()J
[21:01:28] [Server thread/INFO] [STDOUT]: [com.goodbird.cnpcgeckoaddon.hooklib.asm.ClassMetadataReader$FindMethodClassVisitor:visitMethod:156]: visiting damage#(F)V
[21:01:28] [Server thread/INFO] [STDOUT]: [com.goodbird.cnpcgeckoaddon.hooklib.asm.ClassMetadataReader$FindMethodClassVisitor:visitMethod:156]: visiting despawn#()V
[21:01:28] [Server thread/INFO] [STDOUT]: [com.goodbird.cnpcgeckoaddon.hooklib.asm.ClassMetadataReader$FindMethodClassVisitor:visitMethod:156]: visiting spawn#()V
[21:01:28] [Server thread/INFO] [STDOUT]: [com.goodbird.cnpcgeckoaddon.hooklib.asm.ClassMetadataReader$FindMethodClassVisitor:visitMethod:156]: visiting kill#()V
[21:01:28] [Server thread/INFO] [STDOUT]: [com.goodbird.cnpcgeckoaddon.hooklib.asm.ClassMetadataReader$FindMethodClassVisitor:visitMethod:156]: visiting inWater#()Z
[21:01:28] [Server thread/INFO] [STDOUT]: [com.goodbird.cnpcgeckoaddon.hooklib.asm.ClassMetadataReader$FindMethodClassVisitor:visitMethod:156]: visiting inLava#()Z
[21:01:28] [Server thread/INFO] [STDOUT]: [com.goodbird.cnpcgeckoaddon.hooklib.asm.ClassMetadataReader$FindMethodClassVisitor:visitMethod:156]: visiting inFire#()Z
[21:01:28] [Server thread/INFO] [STDOUT]: [com.goodbird.cnpcgeckoaddon.hooklib.asm.ClassMetadataReader$FindMethodClassVisitor:visitMethod:156]: visiting isBurning#()Z
[21:01:28] [Server thread/INFO] [STDOUT]: [com.goodbird.cnpcgeckoaddon.hooklib.asm.ClassMetadataReader$FindMethodClassVisitor:visitMethod:156]: visiting setBurning#(I)V
[21:01:28] [Server thread/INFO] [STDOUT]: [com.goodbird.cnpcgeckoaddon.hooklib.asm.ClassMetadataReader$FindMethodClassVisitor:visitMethod:156]: visiting extinguish#()V
[21:01:28] [Server thread/INFO] [STDOUT]: [com.goodbird.cnpcgeckoaddon.hooklib.asm.ClassMetadataReader$FindMethodClassVisitor:visitMethod:156]: visiting getTypeName#()Ljava/lang/String;
[21:01:28] [Server thread/INFO] [STDOUT]: [com.goodbird.cnpcgeckoaddon.hooklib.asm.ClassMetadataReader$FindMethodClassVisitor:visitMethod:156]: visiting dropItem#(Lnoppes/npcs/api/item/IItemStack;)Lnoppes/npcs/api/entity/IEntityItem;
[21:01:28] [Server thread/INFO] [STDOUT]: [com.goodbird.cnpcgeckoaddon.hooklib.asm.ClassMetadataReader$FindMethodClassVisitor:visitMethod:156]: visiting getRiders#()[Lnoppes/npcs/api/entity/IEntity;
[21:01:28] [Server thread/INFO] [STDOUT]: [com.goodbird.cnpcgeckoaddon.hooklib.asm.ClassMetadataReader$FindMethodClassVisitor:visitMethod:156]: visiting rayTraceBlock#(DZZ)Lnoppes/npcs/api/IRayTrace;
[21:01:28] [Server thread/INFO] [STDOUT]: [com.goodbird.cnpcgeckoaddon.hooklib.asm.ClassMetadataReader$FindMethodClassVisitor:visitMethod:156]: visiting rayTraceEntities#(DZZ)[Lnoppes/npcs/api/entity/IEntity;
[21:01:28] [Server thread/INFO] [STDOUT]: [com.goodbird.cnpcgeckoaddon.hooklib.asm.ClassMetadataReader$FindMethodClassVisitor:visitMethod:156]: visiting findEntityOnPath#(DLnet/minecraft/util/math/Vec3d;Lnet/minecraft/util/math/Vec3d;)[Lnoppes/npcs/api/entity/IEntity;
[21:01:28] [Server thread/INFO] [STDOUT]: [com.goodbird.cnpcgeckoaddon.hooklib.asm.ClassMetadataReader$FindMethodClassVisitor:visitMethod:156]: visiting getAllRiders#()[Lnoppes/npcs/api/entity/IEntity;
[21:01:28] [Server thread/INFO] [STDOUT]: [com.goodbird.cnpcgeckoaddon.hooklib.asm.ClassMetadataReader$FindMethodClassVisitor:visitMethod:156]: visiting addRider#(Lnoppes/npcs/api/entity/IEntity;)V
[21:01:28] [Server thread/INFO] [STDOUT]: [com.goodbird.cnpcgeckoaddon.hooklib.asm.ClassMetadataReader$FindMethodClassVisitor:visitMethod:156]: visiting clearRiders#()V
[21:01:28] [Server thread/INFO] [STDOUT]: [com.goodbird.cnpcgeckoaddon.hooklib.asm.ClassMetadataReader$FindMethodClassVisitor:visitMethod:156]: visiting getMount#()Lnoppes/npcs/api/entity/IEntity;
[21:01:28] [Server thread/INFO] [STDOUT]: [com.goodbird.cnpcgeckoaddon.hooklib.asm.ClassMetadataReader$FindMethodClassVisitor:visitMethod:156]: visiting setMount#(Lnoppes/npcs/api/entity/IEntity;)V
[21:01:28] [Server thread/INFO] [STDOUT]: [com.goodbird.cnpcgeckoaddon.hooklib.asm.ClassMetadataReader$FindMethodClassVisitor:visitMethod:156]: visiting setRotation#(F)V
[21:01:28] [Server thread/INFO] [STDOUT]: [com.goodbird.cnpcgeckoaddon.hooklib.asm.ClassMetadataReader$FindMethodClassVisitor:visitMethod:156]: visiting getRotation#()F
[21:01:28] [Server thread/INFO] [STDOUT]: [com.goodbird.cnpcgeckoaddon.hooklib.asm.ClassMetadataReader$FindMethodClassVisitor:visitMethod:156]: visiting setPitch#(F)V
[21:01:28] [Server thread/INFO] [STDOUT]: [com.goodbird.cnpcgeckoaddon.hooklib.asm.ClassMetadataReader$FindMethodClassVisitor:visitMethod:156]: visiting getPitch#()F
[21:01:28] [Server thread/INFO] [STDOUT]: [com.goodbird.cnpcgeckoaddon.hooklib.asm.ClassMetadataReader$FindMethodClassVisitor:visitMethod:156]: visiting knockback#(IF)V
[21:01:28] [Server thread/INFO] [STDOUT]: [com.goodbird.cnpcgeckoaddon.hooklib.asm.ClassMetadataReader$FindMethodClassVisitor:visitMethod:156]: visiting isSneaking#()Z
[21:01:28] [Server thread/INFO] [STDOUT]: [com.goodbird.cnpcgeckoaddon.hooklib.asm.ClassMetadataReader$FindMethodClassVisitor:visitMethod:156]: visiting isSprinting#()Z
[21:01:28] [Server thread/INFO] [STDOUT]: [com.goodbird.cnpcgeckoaddon.hooklib.asm.ClassMetadataReader$FindMethodClassVisitor:visitMethod:156]: visiting getMCEntity#()Lnet/minecraft/entity/Entity;
[21:01:28] [Server thread/INFO] [STDOUT]: [com.goodbird.cnpcgeckoaddon.hooklib.asm.ClassMetadataReader$FindMethodClassVisitor:visitMethod:156]: visiting getType#()I
[21:01:28] [Server thread/INFO] [STDOUT]: [com.goodbird.cnpcgeckoaddon.hooklib.asm.ClassMetadataReader$FindMethodClassVisitor:visitMethod:156]: visiting typeOf#(I)Z
[21:01:28] [Server thread/INFO] [STDOUT]: [com.goodbird.cnpcgeckoaddon.hooklib.asm.ClassMetadataReader$FindMethodClassVisitor:visitMethod:156]: visiting getUUID#()Ljava/lang/String;
[21:01:28] [Server thread/INFO] [STDOUT]: [com.goodbird.cnpcgeckoaddon.hooklib.asm.ClassMetadataReader$FindMethodClassVisitor:visitMethod:156]: visiting generateNewUUID#()Ljava/lang/String;
[21:01:28] [Server thread/INFO] [STDOUT]: [com.goodbird.cnpcgeckoaddon.hooklib.asm.ClassMetadataReader$FindMethodClassVisitor:visitMethod:156]: visiting getNbt#()Lnoppes/npcs/api/INbt;
[21:01:28] [Server thread/INFO] [STDOUT]: [com.goodbird.cnpcgeckoaddon.hooklib.asm.ClassMetadataReader$FindMethodClassVisitor:visitMethod:156]: visiting storeAsClone#(ILjava/lang/String;)V
[21:01:28] [Server thread/INFO] [STDOUT]: [com.goodbird.cnpcgeckoaddon.hooklib.asm.ClassMetadataReader$FindMethodClassVisitor:visitMethod:156]: visiting getEntityNbt#()Lnoppes/npcs/api/INbt;
[21:01:28] [Server thread/INFO] [STDOUT]: [com.goodbird.cnpcgeckoaddon.hooklib.asm.ClassMetadataReader$FindMethodClassVisitor:visitMethod:156]: visiting setEntityNbt#(Lnoppes/npcs/api/INbt;)V
[21:01:28] [Server thread/INFO] [STDOUT]: [com.goodbird.cnpcgeckoaddon.hooklib.asm.ClassMetadataReader$FindMethodClassVisitor:visitMethod:156]: visiting playAnimation#(I)V
[21:01:28] [Server thread/INFO] [STDOUT]: [com.goodbird.cnpcgeckoaddon.hooklib.asm.ClassMetadataReader$FindMethodClassVisitor:visitMethod:156]: visiting getHeight#()F
[21:01:28] [Server thread/INFO] [STDOUT]: [com.goodbird.cnpcgeckoaddon.hooklib.asm.ClassMetadataReader$FindMethodClassVisitor:visitMethod:156]: visiting getEyeHeight#()F
[21:01:28] [Server thread/INFO] [STDOUT]: [com.goodbird.cnpcgeckoaddon.hooklib.asm.ClassMetadataReader$FindMethodClassVisitor:visitMethod:156]: visiting getWidth#()F
[21:01:28] [Server thread/INFO] [STDOUT]: [com.goodbird.cnpcgeckoaddon.hooklib.asm.ClassMetadataReader$FindMethodClassVisitor:visitMethod:156]: visiting getPos#()Lnoppes/npcs/api/IPos;
[21:01:28] [Server thread/INFO] [STDOUT]: [com.goodbird.cnpcgeckoaddon.hooklib.asm.ClassMetadataReader$FindMethodClassVisitor:visitMethod:156]: visiting setPos#(Lnoppes/npcs/api/IPos;)V
[21:01:28] [Server thread/INFO] [STDOUT]: [com.goodbird.cnpcgeckoaddon.hooklib.asm.ClassMetadataReader$FindMethodClassVisitor:visitMethod:156]: visiting getTags#()[Ljava/lang/String;
[21:01:28] [Server thread/INFO] [STDOUT]: [com.goodbird.cnpcgeckoaddon.hooklib.asm.ClassMetadataReader$FindMethodClassVisitor:visitMethod:156]: visiting addTag#(Ljava/lang/String;)V
[21:01:28] [Server thread/INFO] [STDOUT]: [com.goodbird.cnpcgeckoaddon.hooklib.asm.ClassMetadataReader$FindMethodClassVisitor:visitMethod:156]: visiting hasTag#(Ljava/lang/String;)Z
[21:01:28] [Server thread/INFO] [STDOUT]: [com.goodbird.cnpcgeckoaddon.hooklib.asm.ClassMetadataReader$FindMethodClassVisitor:visitMethod:156]: visiting removeTag#(Ljava/lang/String;)V
[21:01:28] [Server thread/INFO] [STDOUT]: [com.goodbird.cnpcgeckoaddon.hooklib.asm.ClassMetadataReader$FindMethodClassVisitor:visitMethod:156]: visiting getMotionX#()D
[21:01:28] [Server thread/INFO] [STDOUT]: [com.goodbird.cnpcgeckoaddon.hooklib.asm.ClassMetadataReader$FindMethodClassVisitor:visitMethod:156]: visiting getMotionY#()D
[21:01:28] [Server thread/INFO] [STDOUT]: [com.goodbird.cnpcgeckoaddon.hooklib.asm.ClassMetadataReader$FindMethodClassVisitor:visitMethod:156]: visiting getMotionZ#()D
[21:01:28] [Server thread/INFO] [STDOUT]: [com.goodbird.cnpcgeckoaddon.hooklib.asm.ClassMetadataReader$FindMethodClassVisitor:visitMethod:156]: visiting setMotionX#(D)V
[21:01:28] [Server thread/INFO] [STDOUT]: [com.goodbird.cnpcgeckoaddon.hooklib.asm.ClassMetadataReader$FindMethodClassVisitor:visitMethod:156]: visiting setMotionY#(D)V
[21:01:28] [Server thread/INFO] [STDOUT]: [com.goodbird.cnpcgeckoaddon.hooklib.asm.ClassMetadataReader$FindMethodClassVisitor:visitMethod:156]: visiting setMotionZ#(D)V
[21:01:28] [Server thread/INFO] [STDOUT]: [com.goodbird.cnpcgeckoaddon.hooklib.asm.ClassMetadataReader$FindMethodClassVisitor:visitMethod:156]: visiting lambda$findEntityOnPath$0#(Lnoppes/npcs/api/entity/IEntity;Lnoppes/npcs/api/entity/IEntity;)I
[21:01:28] [Server thread/INFO] [STDOUT]: [com.goodbird.cnpcgeckoaddon.hooklib.asm.ClassMetadataReader$FindMethodClassVisitor:visitMethod:156]: visiting access$000#(Lnoppes/npcs/api/wrapper/EntityWrapper;)Ljava/util/Map;
[21:01:28] [Server thread/INFO] [STDOUT]: [com.goodbird.cnpcgeckoaddon.hooklib.asm.ClassMetadataReader$FindMethodClassVisitor:visitMethod:156]: visiting <init>#(Lnoppes/npcs/entity/EntityNPCInterface;)V
[21:01:28] [Server thread/INFO] [STDOUT]: [com.goodbird.cnpcgeckoaddon.hooklib.asm.ClassMetadataReader$FindMethodClassVisitor:visitMethod:156]: visiting setMaxHealth#(F)V
[21:01:28] [Server thread/INFO] [STDOUT]: [com.goodbird.cnpcgeckoaddon.hooklib.asm.ClassMetadataReader$FindMethodClassVisitor:visitMethod:156]: visiting getDisplay#()Lnoppes/npcs/api/entity/data/INPCDisplay;
[21:01:28] [Server thread/INFO] [STDOUT]: [com.goodbird.cnpcgeckoaddon.hooklib.asm.ClassMetadataReader$FindMethodClassVisitor:visitMethod:156]: visiting getInventory#()Lnoppes/npcs/api/entity/data/INPCInventory;
[21:01:28] [Server thread/INFO] [STDOUT]: [com.goodbird.cnpcgeckoaddon.hooklib.asm.ClassMetadataReader$FindMethodClassVisitor:visitMethod:156]: visiting getAi#()Lnoppes/npcs/api/entity/data/INPCAi;
[21:01:28] [Server thread/INFO] [STDOUT]: [com.goodbird.cnpcgeckoaddon.hooklib.asm.ClassMetadataReader$FindMethodClassVisitor:visitMethod:156]: visiting getAdvanced#()Lnoppes/npcs/api/entity/data/INPCAdvanced;
[21:01:28] [Server thread/INFO] [STDOUT]: [com.goodbird.cnpcgeckoaddon.hooklib.asm.ClassMetadataReader$FindMethodClassVisitor:visitMethod:156]: visiting getStats#()Lnoppes/npcs/api/entity/data/INPCStats;
[21:01:28] [Server thread/INFO] [STDOUT]: [com.goodbird.cnpcgeckoaddon.hooklib.asm.ClassMetadataReader$FindMethodClassVisitor:visitMethod:156]: visiting getFaction#()Lnoppes/npcs/api/handler/data/IFaction;
[21:01:28] [Server thread/INFO] [STDOUT]: [com.goodbird.cnpcgeckoaddon.hooklib.asm.ClassMetadataReader$FindMethodClassVisitor:visitMethod:156]: visiting getTimers#()Lnoppes/npcs/api/ITimers;
[21:01:28] [Server thread/INFO] [STDOUT]: [com.goodbird.cnpcgeckoaddon.hooklib.asm.ClassMetadataReader$FindMethodClassVisitor:visitMethod:156]: visiting setFaction#(I)V
[21:01:28] [Server thread/INFO] [STDOUT]: [com.goodbird.cnpcgeckoaddon.hooklib.asm.ClassMetadataReader$FindMethodClassVisitor:visitMethod:156]: visiting getRole#()Lnoppes/npcs/api/entity/data/INPCRole;
[21:01:28] [Server thread/INFO] [STDOUT]: [com.goodbird.cnpcgeckoaddon.hooklib.asm.ClassMetadataReader$FindMethodClassVisitor:visitMethod:156]: visiting getJob#()Lnoppes/npcs/api/entity/data/INPCJob;
[21:01:28] [Server thread/INFO] [STDOUT]: [com.goodbird.cnpcgeckoaddon.hooklib.asm.ClassMetadataReader$FindMethodClassVisitor:visitMethod:156]: visiting getHomeX#()I
[21:01:28] [Server thread/INFO] [STDOUT]: [com.goodbird.cnpcgeckoaddon.hooklib.asm.ClassMetadataReader$FindMethodClassVisitor:visitMethod:156]: visiting getHomeY#()I
[21:01:28] [Server thread/INFO] [STDOUT]: [com.goodbird.cnpcgeckoaddon.hooklib.asm.ClassMetadataReader$FindMethodClassVisitor:visitMethod:156]: visiting getHomeZ#()I
[21:01:28] [Server thread/INFO] [STDOUT]: [com.goodbird.cnpcgeckoaddon.hooklib.asm.ClassMetadataReader$FindMethodClassVisitor:visitMethod:156]: visiting setHome#(III)V
[21:01:28] [Server thread/INFO] [STDOUT]: [com.goodbird.cnpcgeckoaddon.hooklib.asm.ClassMetadataReader$FindMethodClassVisitor:visitMethod:156]: visiting getOffsetX#()I
[21:01:28] [Server thread/INFO] [STDOUT]: [com.goodbird.cnpcgeckoaddon.hooklib.asm.ClassMetadataReader$FindMethodClassVisitor:visitMethod:156]: visiting getOffsetY#()I
[21:01:28] [Server thread/INFO] [STDOUT]: [com.goodbird.cnpcgeckoaddon.hooklib.asm.ClassMetadataReader$FindMethodClassVisitor:visitMethod:156]: visiting getOffsetZ#()I
[21:01:28] [Server thread/INFO] [STDOUT]: [com.goodbird.cnpcgeckoaddon.hooklib.asm.ClassMetadataReader$FindMethodClassVisitor:visitMethod:156]: visiting setOffset#(III)V
[21:01:28] [Server thread/INFO] [STDOUT]: [com.goodbird.cnpcgeckoaddon.hooklib.asm.ClassMetadataReader$FindMethodClassVisitor:visitMethod:156]: visiting say#(Ljava/lang/String;)V
[21:01:28] [Server thread/INFO] [STDOUT]: [com.goodbird.cnpcgeckoaddon.hooklib.asm.ClassMetadataReader$FindMethodClassVisitor:visitMethod:156]: visiting sayTo#(Lnoppes/npcs/api/entity/IPlayer;Ljava/lang/String;)V
[21:01:28] [Server thread/INFO] [STDOUT]: [com.goodbird.cnpcgeckoaddon.hooklib.asm.ClassMetadataReader$FindMethodClassVisitor:visitMethod:156]: visiting reset#()V
[21:01:28] [Server thread/INFO] [STDOUT]: [com.goodbird.cnpcgeckoaddon.hooklib.asm.ClassMetadataReader$FindMethodClassVisitor:visitMethod:156]: visiting getAge#()J
[21:01:28] [Server thread/INFO] [STDOUT]: [com.goodbird.cnpcgeckoaddon.hooklib.asm.ClassMetadataReader$FindMethodClassVisitor:visitMethod:156]: visiting shootItem#(Lnoppes/npcs/api/entity/IEntityLivingBase;Lnoppes/npcs/api/item/IItemStack;I)Lnoppes/npcs/api/entity/IProjectile;
[21:01:28] [Server thread/INFO] [STDOUT]: [com.goodbird.cnpcgeckoaddon.hooklib.asm.ClassMetadataReader$FindMethodClassVisitor:visitMethod:156]: visiting shootItem#(DDDLnoppes/npcs/api/item/IItemStack;I)Lnoppes/npcs/api/entity/IProjectile;
[21:01:28] [Server thread/INFO] [STDOUT]: [com.goodbird.cnpcgeckoaddon.hooklib.asm.ClassMetadataReader$FindMethodClassVisitor:visitMethod:156]: visiting giveItem#(Lnoppes/npcs/api/entity/IPlayer;Lnoppes/npcs/api/item/IItemStack;)V
[21:01:28] [Server thread/INFO] [STDOUT]: [com.goodbird.cnpcgeckoaddon.hooklib.asm.ClassMetadataReader$FindMethodClassVisitor:visitMethod:156]: visiting executeCommand#(Ljava/lang/String;)Ljava/lang/String;
[21:01:28] [Server thread/INFO] [STDOUT]: [com.goodbird.cnpcgeckoaddon.hooklib.asm.ClassMetadataReader$FindMethodClassVisitor:visitMethod:156]: visiting getType#()I
[21:01:28] [Server thread/INFO] [STDOUT]: [com.goodbird.cnpcgeckoaddon.hooklib.asm.ClassMetadataReader$FindMethodClassVisitor:visitMethod:156]: visiting getName#()Ljava/lang/String;
[21:01:28] [Server thread/INFO] [STDOUT]: [com.goodbird.cnpcgeckoaddon.hooklib.asm.ClassMetadataReader$FindMethodClassVisitor:visitMethod:156]: visiting setName#(Ljava/lang/String;)V
[21:01:28] [Server thread/INFO] [STDOUT]: [com.goodbird.cnpcgeckoaddon.hooklib.asm.ClassMetadataReader$FindMethodClassVisitor:visitMethod:156]: visiting setRotation#(F)V
[21:01:28] [Server thread/INFO] [STDOUT]: [com.goodbird.cnpcgeckoaddon.hooklib.asm.ClassMetadataReader$FindMethodClassVisitor:visitMethod:156]: visiting typeOf#(I)Z
[21:01:28] [Server thread/INFO] [STDOUT]: [com.goodbird.cnpcgeckoaddon.hooklib.asm.ClassMetadataReader$FindMethodClassVisitor:visitMethod:156]: visiting setDialog#(ILnoppes/npcs/api/handler/data/IDialog;)V
[21:01:28] [Server thread/INFO] [STDOUT]: [com.goodbird.cnpcgeckoaddon.hooklib.asm.ClassMetadataReader$FindMethodClassVisitor:visitMethod:156]: visiting getDialog#(I)Lnoppes/npcs/api/handler/data/IDialog;
[21:01:28] [Server thread/INFO] [STDOUT]: [com.goodbird.cnpcgeckoaddon.hooklib.asm.ClassMetadataReader$FindMethodClassVisitor:visitMethod:156]: visiting updateClient#()V
[21:01:28] [Server thread/INFO] [STDOUT]: [com.goodbird.cnpcgeckoaddon.hooklib.asm.ClassMetadataReader$FindMethodClassVisitor:visitMethod:156]: visiting getOwner#()Lnoppes/npcs/api/entity/IEntityLivingBase;
[21:01:28] [Server thread/INFO] [STDOUT]: [com.goodbird.cnpcgeckoaddon.hooklib.asm.ClassMetadataReader$FindMethodClassVisitor:visitMethod:156]: visiting <init>#(Lnet/minecraft/entity/EntityLiving;)V
[21:01:28] [Server thread/INFO] [STDOUT]: [com.goodbird.cnpcgeckoaddon.hooklib.asm.ClassMetadataReader$FindMethodClassVisitor:visitMethod:156]: visiting navigateTo#(DDDD)V
[21:01:28] [Server thread/INFO] [STDOUT]: [com.goodbird.cnpcgeckoaddon.hooklib.asm.ClassMetadataReader$FindMethodClassVisitor:visitMethod:156]: visiting clearNavigation#()V
[21:01:28] [Server thread/INFO] [STDOUT]: [com.goodbird.cnpcgeckoaddon.hooklib.asm.ClassMetadataReader$FindMethodClassVisitor:visitMethod:156]: visiting getNavigationPath#()Lnoppes/npcs/api/IPos;
[21:01:28] [Server thread/INFO] [STDOUT]: [com.goodbird.cnpcgeckoaddon.hooklib.asm.ClassMetadataReader$FindMethodClassVisitor:visitMethod:156]: visiting isNavigating#()Z
[21:01:28] [Server thread/INFO] [STDOUT]: [com.goodbird.cnpcgeckoaddon.hooklib.asm.ClassMetadataReader$FindMethodClassVisitor:visitMethod:156]: visiting isAttacking#()Z
[21:01:28] [Server thread/INFO] [STDOUT]: [com.goodbird.cnpcgeckoaddon.hooklib.asm.ClassMetadataReader$FindMethodClassVisitor:visitMethod:156]: visiting setAttackTarget#(Lnoppes/npcs/api/entity/IEntityLivingBase;)V
[21:01:28] [Server thread/INFO] [STDOUT]: [com.goodbird.cnpcgeckoaddon.hooklib.asm.ClassMetadataReader$FindMethodClassVisitor:visitMethod:156]: visiting getAttackTarget#()Lnoppes/npcs/api/entity/IEntityLivingBase;
[21:01:28] [Server thread/INFO] [STDOUT]: [com.goodbird.cnpcgeckoaddon.hooklib.asm.ClassMetadataReader$FindMethodClassVisitor:visitMethod:156]: visiting canSeeEntity#(Lnoppes/npcs/api/entity/IEntity;)Z
[21:01:28] [Server thread/INFO] [STDOUT]: [com.goodbird.cnpcgeckoaddon.hooklib.asm.ClassMetadataReader$FindMethodClassVisitor:visitMethod:156]: visiting jump#()V
[21:01:28] [Server thread/INFO] [STDOUT]: [com.goodbird.cnpcgeckoaddon.hooklib.asm.ClassMetadataReader$FindMethodClassVisitor:visitMethod:156]: visiting getMCEntity#()Lnet/minecraft/entity/EntityLiving;
[21:01:28] [Server thread/INFO] [STDOUT]: [com.goodbird.cnpcgeckoaddon.hooklib.asm.ClassMetadataReader$FindMethodClassVisitor:visitMethod:156]: visiting <init>#(Lnet/minecraft/entity/EntityLivingBase;)V
[21:01:28] [Server thread/INFO] [STDOUT]: [com.goodbird.cnpcgeckoaddon.hooklib.asm.ClassMetadataReader$FindMethodClassVisitor:visitMethod:156]: visiting getHealth#()F
[21:01:28] [Server thread/INFO] [STDOUT]: [com.goodbird.cnpcgeckoaddon.hooklib.asm.ClassMetadataReader$FindMethodClassVisitor:visitMethod:156]: visiting setHealth#(F)V
[21:01:28] [Server thread/INFO] [STDOUT]: [com.goodbird.cnpcgeckoaddon.hooklib.asm.ClassMetadataReader$FindMethodClassVisitor:visitMethod:156]: visiting getMaxHealth#()F
[21:01:28] [Server thread/INFO] [STDOUT]: [com.goodbird.cnpcgeckoaddon.hooklib.asm.ClassMetadataReader$FindMethodClassVisitor:visitMethod:156]: visiting setMaxHealth#(F)V
[21:01:28] [Server thread/INFO] [STDOUT]: [com.goodbird.cnpcgeckoaddon.hooklib.asm.ClassMetadataReader$FindMethodClassVisitor:visitMethod:156]: visiting isAttacking#()Z
[21:01:28] [Server thread/INFO] [STDOUT]: [com.goodbird.cnpcgeckoaddon.hooklib.asm.ClassMetadataReader$FindMethodClassVisitor:visitMethod:156]: visiting setAttackTarget#(Lnoppes/npcs/api/entity/IEntityLivingBase;)V
[21:01:28] [Server thread/INFO] [STDOUT]: [com.goodbird.cnpcgeckoaddon.hooklib.asm.ClassMetadataReader$FindMethodClassVisitor:visitMethod:156]: visiting getAttackTarget#()Lnoppes/npcs/api/entity/IEntityLivingBase;
[21:01:28] [Server thread/INFO] [STDOUT]: [com.goodbird.cnpcgeckoaddon.hooklib.asm.ClassMetadataReader$FindMethodClassVisitor:visitMethod:156]: visiting getLastAttacked#()Lnoppes/npcs/api/entity/IEntityLivingBase;
[21:01:28] [Server thread/INFO] [STDOUT]: [com.goodbird.cnpcgeckoaddon.hooklib.asm.ClassMetadataReader$FindMethodClassVisitor:visitMethod:156]: visiting getLastAttackedTime#()I
[21:01:28] [Server thread/INFO] [STDOUT]: [com.goodbird.cnpcgeckoaddon.hooklib.asm.ClassMetadataReader$FindMethodClassVisitor:visitMethod:156]: visiting canSeeEntity#(Lnoppes/npcs/api/entity/IEntity;)Z
[21:01:28] [Server thread/INFO] [STDOUT]: [com.goodbird.cnpcgeckoaddon.hooklib.asm.ClassMetadataReader$FindMethodClassVisitor:visitMethod:156]: visiting swingMainhand#()V
[21:01:28] [Server thread/INFO] [STDOUT]: [com.goodbird.cnpcgeckoaddon.hooklib.asm.ClassMetadataReader$FindMethodClassVisitor:visitMethod:156]: visiting swingOffhand#()V
[21:01:28] [Server thread/INFO] [STDOUT]: [com.goodbird.cnpcgeckoaddon.hooklib.asm.ClassMetadataReader$FindMethodClassVisitor:visitMethod:156]: visiting addPotionEffect#(IIIZ)V
[21:01:28] [Server thread/INFO] [STDOUT]: [com.goodbird.cnpcgeckoaddon.hooklib.asm.ClassMetadataReader$FindMethodClassVisitor:visitMethod:156]: visiting clearPotionEffects#()V
[21:01:28] [Server thread/INFO] [STDOUT]: [com.goodbird.cnpcgeckoaddon.hooklib.asm.ClassMetadataReader$FindMethodClassVisitor:visitMethod:156]: visiting getPotionEffect#(I)I
[21:01:28] [Server thread/INFO] [STDOUT]: [com.goodbird.cnpcgeckoaddon.hooklib.asm.ClassMetadataReader$FindMethodClassVisitor:visitMethod:156]: visiting getMainhandItem#()Lnoppes/npcs/api/item/IItemStack;
[21:01:28] [Server thread/INFO] [STDOUT]: [com.goodbird.cnpcgeckoaddon.hooklib.asm.ClassMetadataReader$FindMethodClassVisitor:visitMethod:156]: visiting setMainhandItem#(Lnoppes/npcs/api/item/IItemStack;)V
[21:01:28] [Server thread/INFO] [STDOUT]: [com.goodbird.cnpcgeckoaddon.hooklib.asm.ClassMetadataReader$FindMethodClassVisitor:visitMethod:156]: visiting getOffhandItem#()Lnoppes/npcs/api/item/IItemStack;
[21:01:28] [Server thread/INFO] [STDOUT]: [com.goodbird.cnpcgeckoaddon.hooklib.asm.ClassMetadataReader$FindMethodClassVisitor:visitMethod:156]: visiting setOffhandItem#(Lnoppes/npcs/api/item/IItemStack;)V
[21:01:28] [Server thread/INFO] [STDOUT]: [com.goodbird.cnpcgeckoaddon.hooklib.asm.ClassMetadataReader$FindMethodClassVisitor:visitMethod:156]: visiting getArmor#(I)Lnoppes/npcs/api/item/IItemStack;
[21:01:28] [Server thread/INFO] [STDOUT]: [com.goodbird.cnpcgeckoaddon.hooklib.asm.ClassMetadataReader$FindMethodClassVisitor:visitMethod:156]: visiting setArmor#(ILnoppes/npcs/api/item/IItemStack;)V
[21:01:28] [Server thread/INFO] [STDOUT]: [com.goodbird.cnpcgeckoaddon.hooklib.asm.ClassMetadataReader$FindMethodClassVisitor:visitMethod:156]: visiting getSlot#(I)Lnet/minecraft/inventory/EntityEquipmentSlot;
[21:01:28] [Server thread/INFO] [STDOUT]: [com.goodbird.cnpcgeckoaddon.hooklib.asm.ClassMetadataReader$FindMethodClassVisitor:visitMethod:156]: visiting getRotation#()F
[21:01:28] [Server thread/INFO] [STDOUT]: [com.goodbird.cnpcgeckoaddon.hooklib.asm.ClassMetadataReader$FindMethodClassVisitor:visitMethod:156]: visiting setRotation#(F)V
[21:01:28] [Server thread/INFO] [STDOUT]: [com.goodbird.cnpcgeckoaddon.hooklib.asm.ClassMetadataReader$FindMethodClassVisitor:visitMethod:156]: visiting getType#()I
[21:01:28] [Server thread/INFO] [STDOUT]: [com.goodbird.cnpcgeckoaddon.hooklib.asm.ClassMetadataReader$FindMethodClassVisitor:visitMethod:156]: visiting typeOf#(I)Z
[21:01:28] [Server thread/INFO] [STDOUT]: [com.goodbird.cnpcgeckoaddon.hooklib.asm.ClassMetadataReader$FindMethodClassVisitor:visitMethod:156]: visiting isChild#()Z
[21:01:28] [Server thread/INFO] [STDOUT]: [com.goodbird.cnpcgeckoaddon.hooklib.asm.ClassMetadataReader$FindMethodClassVisitor:visitMethod:156]: visiting addMark#(I)Lnoppes/npcs/api/entity/data/IMark;
[21:01:28] [Server thread/INFO] [STDOUT]: [com.goodbird.cnpcgeckoaddon.hooklib.asm.ClassMetadataReader$FindMethodClassVisitor:visitMethod:156]: visiting removeMark#(Lnoppes/npcs/api/entity/data/IMark;)V
[21:01:28] [Server thread/INFO] [STDOUT]: [com.goodbird.cnpcgeckoaddon.hooklib.asm.ClassMetadataReader$FindMethodClassVisitor:visitMethod:156]: visiting getMarks#()[Lnoppes/npcs/api/entity/data/IMark;
[21:01:28] [Server thread/INFO] [STDOUT]: [com.goodbird.cnpcgeckoaddon.hooklib.asm.ClassMetadataReader$FindMethodClassVisitor:visitMethod:156]: visiting getMoveForward#()F
[21:01:28] [Server thread/INFO] [STDOUT]: [com.goodbird.cnpcgeckoaddon.hooklib.asm.ClassMetadataReader$FindMethodClassVisitor:visitMethod:156]: visiting setMoveForward#(F)V
[21:01:28] [Server thread/INFO] [STDOUT]: [com.goodbird.cnpcgeckoaddon.hooklib.asm.ClassMetadataReader$FindMethodClassVisitor:visitMethod:156]: visiting getMoveStrafing#()F
[21:01:28] [Server thread/INFO] [STDOUT]: [com.goodbird.cnpcgeckoaddon.hooklib.asm.ClassMetadataReader$FindMethodClassVisitor:visitMethod:156]: visiting setMoveStrafing#(F)V
[21:01:28] [Server thread/INFO] [STDOUT]: [com.goodbird.cnpcgeckoaddon.hooklib.asm.ClassMetadataReader$FindMethodClassVisitor:visitMethod:156]: visiting getMoveVertical#()F
[21:01:28] [Server thread/INFO] [STDOUT]: [com.goodbird.cnpcgeckoaddon.hooklib.asm.ClassMetadataReader$FindMethodClassVisitor:visitMethod:156]: visiting setMoveVertical#(F)V
[21:01:28] [Server thread/INFO] [STDOUT]: [com.goodbird.cnpcgeckoaddon.hooklib.asm.ClassMetadataReader$FindMethodClassVisitor:visitMethod:156]: visiting getMCEntity#()Lnet/minecraft/entity/EntityLivingBase;
[21:01:28] [Server thread/INFO] [STDOUT]: [com.goodbird.cnpcgeckoaddon.hooklib.asm.ClassMetadataReader$FindMethodClassVisitor:visitMethod:156]: visiting <init>#(Lnet/minecraft/entity/Entity;)V
[21:01:28] [Server thread/INFO] [STDOUT]: [com.goodbird.cnpcgeckoaddon.hooklib.asm.ClassMetadataReader$FindMethodClassVisitor:visitMethod:156]: visiting getX#()D
[21:01:28] [Server thread/INFO] [STDOUT]: [com.goodbird.cnpcgeckoaddon.hooklib.asm.ClassMetadataReader$FindMethodClassVisitor:visitMethod:156]: visiting setX#(D)V
[21:01:28] [Server thread/INFO] [STDOUT]: [com.goodbird.cnpcgeckoaddon.hooklib.asm.ClassMetadataReader$FindMethodClassVisitor:visitMethod:156]: visiting getY#()D
[21:01:28] [Server thread/INFO] [STDOUT]: [com.goodbird.cnpcgeckoaddon.hooklib.asm.ClassMetadataReader$FindMethodClassVisitor:visitMethod:156]: visiting setY#(D)V
[21:01:28] [Server thread/INFO] [STDOUT]: [com.goodbird.cnpcgeckoaddon.hooklib.asm.ClassMetadataReader$FindMethodClassVisitor:visitMethod:156]: visiting getZ#()D
[21:01:28] [Server thread/INFO] [STDOUT]: [com.goodbird.cnpcgeckoaddon.hooklib.asm.ClassMetadataReader$FindMethodClassVisitor:visitMethod:156]: visiting setZ#(D)V
[21:01:28] [Server thread/INFO] [STDOUT]: [com.goodbird.cnpcgeckoaddon.hooklib.asm.ClassMetadataReader$FindMethodClassVisitor:visitMethod:156]: visiting getBlockX#()I
[21:01:28] [Server thread/INFO] [STDOUT]: [com.goodbird.cnpcgeckoaddon.hooklib.asm.ClassMetadataReader$FindMethodClassVisitor:visitMethod:156]: visiting getBlockY#()I
[21:01:28] [Server thread/INFO] [STDOUT]: [com.goodbird.cnpcgeckoaddon.hooklib.asm.ClassMetadataReader$FindMethodClassVisitor:visitMethod:156]: visiting getBlockZ#()I
[21:01:28] [Server thread/INFO] [STDOUT]: [com.goodbird.cnpcgeckoaddon.hooklib.asm.ClassMetadataReader$FindMethodClassVisitor:visitMethod:156]: visiting getEntityName#()Ljava/lang/String;
[21:01:28] [Server thread/INFO] [STDOUT]: [com.goodbird.cnpcgeckoaddon.hooklib.asm.ClassMetadataReader$FindMethodClassVisitor:visitMethod:156]: visiting getName#()Ljava/lang/String;
[21:01:28] [Server thread/INFO] [STDOUT]: [com.goodbird.cnpcgeckoaddon.hooklib.asm.ClassMetadataReader$FindMethodClassVisitor:visitMethod:156]: visiting setName#(Ljava/lang/String;)V
[21:01:28] [Server thread/INFO] [STDOUT]: [com.goodbird.cnpcgeckoaddon.hooklib.asm.ClassMetadataReader$FindMethodClassVisitor:visitMethod:156]: visiting hasCustomName#()Z
[21:01:28] [Server thread/INFO] [STDOUT]: [com.goodbird.cnpcgeckoaddon.hooklib.asm.ClassMetadataReader$FindMethodClassVisitor:visitMethod:156]: visiting setPosition#(DDD)V
[21:01:28] [Server thread/INFO] [STDOUT]: [com.goodbird.cnpcgeckoaddon.hooklib.asm.ClassMetadataReader$FindMethodClassVisitor:visitMethod:156]: visiting getWorld#()Lnoppes/npcs/api/IWorld;
[21:01:28] [Server thread/INFO] [STDOUT]: [com.goodbird.cnpcgeckoaddon.hooklib.asm.ClassMetadataReader$FindMethodClassVisitor:visitMethod:156]: visiting isAlive#()Z
[21:01:28] [Server thread/INFO] [STDOUT]: [com.goodbird.cnpcgeckoaddon.hooklib.asm.ClassMetadataReader$FindMethodClassVisitor:visitMethod:156]: visiting getTempdata#()Lnoppes/npcs/api/entity/data/IData;
[21:01:28] [Server thread/INFO] [STDOUT]: [com.goodbird.cnpcgeckoaddon.hooklib.asm.ClassMetadataReader$FindMethodClassVisitor:visitMethod:156]: visiting getStoreddata#()Lnoppes/npcs/api/entity/data/IData;
[21:01:28] [Server thread/INFO] [STDOUT]: [com.goodbird.cnpcgeckoaddon.hooklib.asm.ClassMetadataReader$FindMethodClassVisitor:visitMethod:156]: visiting getAge#()J
[21:01:28] [Server thread/INFO] [STDOUT]: [com.goodbird.cnpcgeckoaddon.hooklib.asm.ClassMetadataReader$FindMethodClassVisitor:visitMethod:156]: visiting damage#(F)V
[21:01:28] [Server thread/INFO] [STDOUT]: [com.goodbird.cnpcgeckoaddon.hooklib.asm.ClassMetadataReader$FindMethodClassVisitor:visitMethod:156]: visiting despawn#()V
[21:01:28] [Server thread/INFO] [STDOUT]: [com.goodbird.cnpcgeckoaddon.hooklib.asm.ClassMetadataReader$FindMethodClassVisitor:visitMethod:156]: visiting spawn#()V
[21:01:28] [Server thread/INFO] [STDOUT]: [com.goodbird.cnpcgeckoaddon.hooklib.asm.ClassMetadataReader$FindMethodClassVisitor:visitMethod:156]: visiting kill#()V
[21:01:28] [Server thread/INFO] [STDOUT]: [com.goodbird.cnpcgeckoaddon.hooklib.asm.ClassMetadataReader$FindMethodClassVisitor:visitMethod:156]: visiting inWater#()Z
[21:01:28] [Server thread/INFO] [STDOUT]: [com.goodbird.cnpcgeckoaddon.hooklib.asm.ClassMetadataReader$FindMethodClassVisitor:visitMethod:156]: visiting inLava#()Z
[21:01:28] [Server thread/INFO] [STDOUT]: [com.goodbird.cnpcgeckoaddon.hooklib.asm.ClassMetadataReader$FindMethodClassVisitor:visitMethod:156]: visiting inFire#()Z
[21:01:28] [Server thread/INFO] [STDOUT]: [com.goodbird.cnpcgeckoaddon.hooklib.asm.ClassMetadataReader$FindMethodClassVisitor:visitMethod:156]: visiting isBurning#()Z
[21:01:28] [Server thread/INFO] [STDOUT]: [com.goodbird.cnpcgeckoaddon.hooklib.asm.ClassMetadataReader$FindMethodClassVisitor:visitMethod:156]: visiting setBurning#(I)V
[21:01:28] [Server thread/INFO] [STDOUT]: [com.goodbird.cnpcgeckoaddon.hooklib.asm.ClassMetadataReader$FindMethodClassVisitor:visitMethod:156]: visiting extinguish#()V
[21:01:28] [Server thread/INFO] [STDOUT]: [com.goodbird.cnpcgeckoaddon.hooklib.asm.ClassMetadataReader$FindMethodClassVisitor:visitMethod:156]: visiting getTypeName#()Ljava/lang/String;
[21:01:28] [Server thread/INFO] [STDOUT]: [com.goodbird.cnpcgeckoaddon.hooklib.asm.ClassMetadataReader$FindMethodClassVisitor:visitMethod:156]: visiting dropItem#(Lnoppes/npcs/api/item/IItemStack;)Lnoppes/npcs/api/entity/IEntityItem;
[21:01:28] [Server thread/INFO] [STDOUT]: [com.goodbird.cnpcgeckoaddon.hooklib.asm.ClassMetadataReader$FindMethodClassVisitor:visitMethod:156]: visiting getRiders#()[Lnoppes/npcs/api/entity/IEntity;
[21:01:28] [Server thread/INFO] [STDOUT]: [com.goodbird.cnpcgeckoaddon.hooklib.asm.ClassMetadataReader$FindMethodClassVisitor:visitMethod:156]: visiting rayTraceBlock#(DZZ)Lnoppes/npcs/api/IRayTrace;
[21:01:28] [Server thread/INFO] [STDOUT]: [com.goodbird.cnpcgeckoaddon.hooklib.asm.ClassMetadataReader$FindMethodClassVisitor:visitMethod:156]: visiting rayTraceEntities#(DZZ)[Lnoppes/npcs/api/entity/IEntity;
[21:01:28] [Server thread/INFO] [STDOUT]: [com.goodbird.cnpcgeckoaddon.hooklib.asm.ClassMetadataReader$FindMethodClassVisitor:visitMethod:156]: visiting findEntityOnPath#(DLnet/minecraft/util/math/Vec3d;Lnet/minecraft/util/math/Vec3d;)[Lnoppes/npcs/api/entity/IEntity;
[21:01:28] [Server thread/INFO] [STDOUT]: [com.goodbird.cnpcgeckoaddon.hooklib.asm.ClassMetadataReader$FindMethodClassVisitor:visitMethod:156]: visiting getAllRiders#()[Lnoppes/npcs/api/entity/IEntity;
[21:01:28] [Server thread/INFO] [STDOUT]: [com.goodbird.cnpcgeckoaddon.hooklib.asm.ClassMetadataReader$FindMethodClassVisitor:visitMethod:156]: visiting addRider#(Lnoppes/npcs/api/entity/IEntity;)V
[21:01:28] [Server thread/INFO] [STDOUT]: [com.goodbird.cnpcgeckoaddon.hooklib.asm.ClassMetadataReader$FindMethodClassVisitor:visitMethod:156]: visiting clearRiders#()V
[21:01:28] [Server thread/INFO] [STDOUT]: [com.goodbird.cnpcgeckoaddon.hooklib.asm.ClassMetadataReader$FindMethodClassVisitor:visitMethod:156]: visiting getMount#()Lnoppes/npcs/api/entity/IEntity;
[21:01:28] [Server thread/INFO] [STDOUT]: [com.goodbird.cnpcgeckoaddon.hooklib.asm.ClassMetadataReader$FindMethodClassVisitor:visitMethod:156]: visiting setMount#(Lnoppes/npcs/api/entity/IEntity;)V
[21:01:28] [Server thread/INFO] [STDOUT]: [com.goodbird.cnpcgeckoaddon.hooklib.asm.ClassMetadataReader$FindMethodClassVisitor:visitMethod:156]: visiting setRotation#(F)V
[21:01:28] [Server thread/INFO] [STDOUT]: [com.goodbird.cnpcgeckoaddon.hooklib.asm.ClassMetadataReader$FindMethodClassVisitor:visitMethod:156]: visiting getRotation#()F
[21:01:28] [Server thread/INFO] [STDOUT]: [com.goodbird.cnpcgeckoaddon.hooklib.asm.ClassMetadataReader$FindMethodClassVisitor:visitMethod:156]: visiting setPitch#(F)V
[21:01:28] [Server thread/INFO] [STDOUT]: [com.goodbird.cnpcgeckoaddon.hooklib.asm.ClassMetadataReader$FindMethodClassVisitor:visitMethod:156]: visiting getPitch#()F
[21:01:28] [Server thread/INFO] [STDOUT]: [com.goodbird.cnpcgeckoaddon.hooklib.asm.ClassMetadataReader$FindMethodClassVisitor:visitMethod:156]: visiting knockback#(IF)V
[21:01:28] [Server thread/INFO] [STDOUT]: [com.goodbird.cnpcgeckoaddon.hooklib.asm.ClassMetadataReader$FindMethodClassVisitor:visitMethod:156]: visiting isSneaking#()Z
[21:01:28] [Server thread/INFO] [STDOUT]: [com.goodbird.cnpcgeckoaddon.hooklib.asm.ClassMetadataReader$FindMethodClassVisitor:visitMethod:156]: visiting isSprinting#()Z
[21:01:28] [Server thread/INFO] [STDOUT]: [com.goodbird.cnpcgeckoaddon.hooklib.asm.ClassMetadataReader$FindMethodClassVisitor:visitMethod:156]: visiting getMCEntity#()Lnet/minecraft/entity/Entity;
[21:01:28] [Server thread/INFO] [STDOUT]: [com.goodbird.cnpcgeckoaddon.hooklib.asm.ClassMetadataReader$FindMethodClassVisitor:visitMethod:156]: visiting getType#()I
[21:01:28] [Server thread/INFO] [STDOUT]: [com.goodbird.cnpcgeckoaddon.hooklib.asm.ClassMetadataReader$FindMethodClassVisitor:visitMethod:156]: visiting typeOf#(I)Z
[21:01:28] [Server thread/INFO] [STDOUT]: [com.goodbird.cnpcgeckoaddon.hooklib.asm.ClassMetadataReader$FindMethodClassVisitor:visitMethod:156]: visiting getUUID#()Ljava/lang/String;
[21:01:28] [Server thread/INFO] [STDOUT]: [com.goodbird.cnpcgeckoaddon.hooklib.asm.ClassMetadataReader$FindMethodClassVisitor:visitMethod:156]: visiting generateNewUUID#()Ljava/lang/String;
[21:01:28] [Server thread/INFO] [STDOUT]: [com.goodbird.cnpcgeckoaddon.hooklib.asm.ClassMetadataReader$FindMethodClassVisitor:visitMethod:156]: visiting getNbt#()Lnoppes/npcs/api/INbt;
[21:01:28] [Server thread/INFO] [STDOUT]: [com.goodbird.cnpcgeckoaddon.hooklib.asm.ClassMetadataReader$FindMethodClassVisitor:visitMethod:156]: visiting storeAsClone#(ILjava/lang/String;)V
[21:01:28] [Server thread/INFO] [STDOUT]: [com.goodbird.cnpcgeckoaddon.hooklib.asm.ClassMetadataReader$FindMethodClassVisitor:visitMethod:156]: visiting getEntityNbt#()Lnoppes/npcs/api/INbt;
[21:01:28] [Server thread/INFO] [STDOUT]: [com.goodbird.cnpcgeckoaddon.hooklib.asm.ClassMetadataReader$FindMethodClassVisitor:visitMethod:156]: visiting setEntityNbt#(Lnoppes/npcs/api/INbt;)V
[21:01:28] [Server thread/INFO] [STDOUT]: [com.goodbird.cnpcgeckoaddon.hooklib.asm.ClassMetadataReader$FindMethodClassVisitor:visitMethod:156]: visiting playAnimation#(I)V
[21:01:28] [Server thread/INFO] [STDOUT]: [com.goodbird.cnpcgeckoaddon.hooklib.asm.ClassMetadataReader$FindMethodClassVisitor:visitMethod:156]: visiting getHeight#()F
[21:01:28] [Server thread/INFO] [STDOUT]: [com.goodbird.cnpcgeckoaddon.hooklib.asm.ClassMetadataReader$FindMethodClassVisitor:visitMethod:156]: visiting getEyeHeight#()F
[21:01:28] [Server thread/INFO] [STDOUT]: [com.goodbird.cnpcgeckoaddon.hooklib.asm.ClassMetadataReader$FindMethodClassVisitor:visitMethod:156]: visiting getWidth#()F
[21:01:28] [Server thread/INFO] [STDOUT]: [com.goodbird.cnpcgeckoaddon.hooklib.asm.ClassMetadataReader$FindMethodClassVisitor:visitMethod:156]: visiting getPos#()Lnoppes/npcs/api/IPos;
[21:01:28] [Server thread/INFO] [STDOUT]: [com.goodbird.cnpcgeckoaddon.hooklib.asm.ClassMetadataReader$FindMethodClassVisitor:visitMethod:156]: visiting setPos#(Lnoppes/npcs/api/IPos;)V
[21:01:28] [Server thread/INFO] [STDOUT]: [com.goodbird.cnpcgeckoaddon.hooklib.asm.ClassMetadataReader$FindMethodClassVisitor:visitMethod:156]: visiting getTags#()[Ljava/lang/String;
[21:01:28] [Server thread/INFO] [STDOUT]: [com.goodbird.cnpcgeckoaddon.hooklib.asm.ClassMetadataReader$FindMethodClassVisitor:visitMethod:156]: visiting addTag#(Ljava/lang/String;)V
[21:01:28] [Server thread/INFO] [STDOUT]: [com.goodbird.cnpcgeckoaddon.hooklib.asm.ClassMetadataReader$FindMethodClassVisitor:visitMethod:156]: visiting hasTag#(Ljava/lang/String;)Z
[21:01:28] [Server thread/INFO] [STDOUT]: [com.goodbird.cnpcgeckoaddon.hooklib.asm.ClassMetadataReader$FindMethodClassVisitor:visitMethod:156]: visiting removeTag#(Ljava/lang/String;)V
[21:01:28] [Server thread/INFO] [STDOUT]: [com.goodbird.cnpcgeckoaddon.hooklib.asm.ClassMetadataReader$FindMethodClassVisitor:visitMethod:156]: visiting getMotionX#()D
[21:01:28] [Server thread/INFO] [STDOUT]: [com.goodbird.cnpcgeckoaddon.hooklib.asm.ClassMetadataReader$FindMethodClassVisitor:visitMethod:156]: visiting getMotionY#()D
[21:01:28] [Server thread/INFO] [STDOUT]: [com.goodbird.cnpcgeckoaddon.hooklib.asm.ClassMetadataReader$FindMethodClassVisitor:visitMethod:156]: visiting getMotionZ#()D
[21:01:28] [Server thread/INFO] [STDOUT]: [com.goodbird.cnpcgeckoaddon.hooklib.asm.ClassMetadataReader$FindMethodClassVisitor:visitMethod:156]: visiting setMotionX#(D)V
[21:01:28] [Server thread/INFO] [STDOUT]: [com.goodbird.cnpcgeckoaddon.hooklib.asm.ClassMetadataReader$FindMethodClassVisitor:visitMethod:156]: visiting setMotionY#(D)V
[21:01:28] [Server thread/INFO] [STDOUT]: [com.goodbird.cnpcgeckoaddon.hooklib.asm.ClassMetadataReader$FindMethodClassVisitor:visitMethod:156]: visiting setMotionZ#(D)V
[21:01:28] [Server thread/INFO] [STDOUT]: [com.goodbird.cnpcgeckoaddon.hooklib.asm.ClassMetadataReader$FindMethodClassVisitor:visitMethod:156]: visiting lambda$findEntityOnPath$0#(Lnoppes/npcs/api/entity/IEntity;Lnoppes/npcs/api/entity/IEntity;)I
[21:01:28] [Server thread/INFO] [STDOUT]: [com.goodbird.cnpcgeckoaddon.hooklib.asm.ClassMetadataReader$FindMethodClassVisitor:visitMethod:156]: visiting access$000#(Lnoppes/npcs/api/wrapper/EntityWrapper;)Ljava/util/Map;
[21:01:28] [Server thread/INFO] [STDOUT]: [com.goodbird.cnpcgeckoaddon.hooklib.asm.ClassMetadataReader$FindMethodClassVisitor:visitMethod:156]: visiting <init>#(Lnoppes/npcs/entity/EntityNPCInterface;)V
[21:01:28] [Server thread/INFO] [STDOUT]: [com.goodbird.cnpcgeckoaddon.hooklib.asm.ClassMetadataReader$FindMethodClassVisitor:visitMethod:156]: visiting setMaxHealth#(F)V
[21:01:28] [Server thread/INFO] [STDOUT]: [com.goodbird.cnpcgeckoaddon.hooklib.asm.ClassMetadataReader$FindMethodClassVisitor:visitMethod:156]: visiting getDisplay#()Lnoppes/npcs/api/entity/data/INPCDisplay;
[21:01:28] [Server thread/INFO] [STDOUT]: [com.goodbird.cnpcgeckoaddon.hooklib.asm.ClassMetadataReader$FindMethodClassVisitor:visitMethod:156]: visiting getInventory#()Lnoppes/npcs/api/entity/data/INPCInventory;
[21:01:28] [Server thread/INFO] [STDOUT]: [com.goodbird.cnpcgeckoaddon.hooklib.asm.ClassMetadataReader$FindMethodClassVisitor:visitMethod:156]: visiting getAi#()Lnoppes/npcs/api/entity/data/INPCAi;
[21:01:28] [Server thread/INFO] [STDOUT]: [com.goodbird.cnpcgeckoaddon.hooklib.asm.ClassMetadataReader$FindMethodClassVisitor:visitMethod:156]: visiting getAdvanced#()Lnoppes/npcs/api/entity/data/INPCAdvanced;
[21:01:28] [Server thread/INFO] [STDOUT]: [com.goodbird.cnpcgeckoaddon.hooklib.asm.ClassMetadataReader$FindMethodClassVisitor:visitMethod:156]: visiting getStats#()Lnoppes/npcs/api/entity/data/INPCStats;
[21:01:28] [Server thread/INFO] [STDOUT]: [com.goodbird.cnpcgeckoaddon.hooklib.asm.ClassMetadataReader$FindMethodClassVisitor:visitMethod:156]: visiting getFaction#()Lnoppes/npcs/api/handler/data/IFaction;
[21:01:28] [Server thread/INFO] [STDOUT]: [com.goodbird.cnpcgeckoaddon.hooklib.asm.ClassMetadataReader$FindMethodClassVisitor:visitMethod:156]: visiting getTimers#()Lnoppes/npcs/api/ITimers;
[21:01:28] [Server thread/INFO] [STDOUT]: [com.goodbird.cnpcgeckoaddon.hooklib.asm.ClassMetadataReader$FindMethodClassVisitor:visitMethod:156]: visiting setFaction#(I)V
[21:01:28] [Server thread/INFO] [STDOUT]: [com.goodbird.cnpcgeckoaddon.hooklib.asm.ClassMetadataReader$FindMethodClassVisitor:visitMethod:156]: visiting getRole#()Lnoppes/npcs/api/entity/data/INPCRole;
[21:01:28] [Server thread/INFO] [STDOUT]: [com.goodbird.cnpcgeckoaddon.hooklib.asm.ClassMetadataReader$FindMethodClassVisitor:visitMethod:156]: visiting getJob#()Lnoppes/npcs/api/entity/data/INPCJob;
[21:01:28] [Server thread/INFO] [STDOUT]: [com.goodbird.cnpcgeckoaddon.hooklib.asm.ClassMetadataReader$FindMethodClassVisitor:visitMethod:156]: visiting getHomeX#()I
[21:01:28] [Server thread/INFO] [STDOUT]: [com.goodbird.cnpcgeckoaddon.hooklib.asm.ClassMetadataReader$FindMethodClassVisitor:visitMethod:156]: visiting getHomeY#()I
[21:01:28] [Server thread/INFO] [STDOUT]: [com.goodbird.cnpcgeckoaddon.hooklib.asm.ClassMetadataReader$FindMethodClassVisitor:visitMethod:156]: visiting getHomeZ#()I
[21:01:28] [Server thread/INFO] [STDOUT]: [com.goodbird.cnpcgeckoaddon.hooklib.asm.ClassMetadataReader$FindMethodClassVisitor:visitMethod:156]: visiting setHome#(III)V
[21:01:28] [Server thread/INFO] [STDOUT]: [com.goodbird.cnpcgeckoaddon.hooklib.asm.ClassMetadataReader$FindMethodClassVisitor:visitMethod:156]: visiting getOffsetX#()I
[21:01:28] [Server thread/INFO] [STDOUT]: [com.goodbird.cnpcgeckoaddon.hooklib.asm.ClassMetadataReader$FindMethodClassVisitor:visitMethod:156]: visiting getOffsetY#()I
[21:01:28] [Server thread/INFO] [STDOUT]: [com.goodbird.cnpcgeckoaddon.hooklib.asm.ClassMetadataReader$FindMethodClassVisitor:visitMethod:156]: visiting getOffsetZ#()I
[21:01:28] [Server thread/INFO] [STDOUT]: [com.goodbird.cnpcgeckoaddon.hooklib.asm.ClassMetadataReader$FindMethodClassVisitor:visitMethod:156]: visiting setOffset#(III)V
[21:01:28] [Server thread/INFO] [STDOUT]: [com.goodbird.cnpcgeckoaddon.hooklib.asm.ClassMetadataReader$FindMethodClassVisitor:visitMethod:156]: visiting say#(Ljava/lang/String;)V
[21:01:28] [Server thread/INFO] [STDOUT]: [com.goodbird.cnpcgeckoaddon.hooklib.asm.ClassMetadataReader$FindMethodClassVisitor:visitMethod:156]: visiting sayTo#(Lnoppes/npcs/api/entity/IPlayer;Ljava/lang/String;)V
[21:01:28] [Server thread/INFO] [STDOUT]: [com.goodbird.cnpcgeckoaddon.hooklib.asm.ClassMetadataReader$FindMethodClassVisitor:visitMethod:156]: visiting reset#()V
[21:01:28] [Server thread/INFO] [STDOUT]: [com.goodbird.cnpcgeckoaddon.hooklib.asm.ClassMetadataReader$FindMethodClassVisitor:visitMethod:156]: visiting getAge#()J
[21:01:28] [Server thread/INFO] [STDOUT]: [com.goodbird.cnpcgeckoaddon.hooklib.asm.ClassMetadataReader$FindMethodClassVisitor:visitMethod:156]: visiting shootItem#(Lnoppes/npcs/api/entity/IEntityLivingBase;Lnoppes/npcs/api/item/IItemStack;I)Lnoppes/npcs/api/entity/IProjectile;
[21:01:28] [Server thread/INFO] [STDOUT]: [com.goodbird.cnpcgeckoaddon.hooklib.asm.ClassMetadataReader$FindMethodClassVisitor:visitMethod:156]: visiting shootItem#(DDDLnoppes/npcs/api/item/IItemStack;I)Lnoppes/npcs/api/entity/IProjectile;
[21:01:28] [Server thread/INFO] [STDOUT]: [com.goodbird.cnpcgeckoaddon.hooklib.asm.ClassMetadataReader$FindMethodClassVisitor:visitMethod:156]: visiting giveItem#(Lnoppes/npcs/api/entity/IPlayer;Lnoppes/npcs/api/item/IItemStack;)V
[21:01:28] [Server thread/INFO] [STDOUT]: [com.goodbird.cnpcgeckoaddon.hooklib.asm.ClassMetadataReader$FindMethodClassVisitor:visitMethod:156]: visiting executeCommand#(Ljava/lang/String;)Ljava/lang/String;
[21:01:28] [Server thread/INFO] [STDOUT]: [com.goodbird.cnpcgeckoaddon.hooklib.asm.ClassMetadataReader$FindMethodClassVisitor:visitMethod:156]: visiting getType#()I
[21:01:28] [Server thread/INFO] [STDOUT]: [com.goodbird.cnpcgeckoaddon.hooklib.asm.ClassMetadataReader$FindMethodClassVisitor:visitMethod:156]: visiting getName#()Ljava/lang/String;
[21:01:28] [Server thread/INFO] [STDOUT]: [com.goodbird.cnpcgeckoaddon.hooklib.asm.ClassMetadataReader$FindMethodClassVisitor:visitMethod:156]: visiting setName#(Ljava/lang/String;)V
[21:01:28] [Server thread/INFO] [STDOUT]: [com.goodbird.cnpcgeckoaddon.hooklib.asm.ClassMetadataReader$FindMethodClassVisitor:visitMethod:156]: visiting setRotation#(F)V
[21:01:28] [Server thread/INFO] [STDOUT]: [com.goodbird.cnpcgeckoaddon.hooklib.asm.ClassMetadataReader$FindMethodClassVisitor:visitMethod:156]: visiting typeOf#(I)Z
[21:01:28] [Server thread/INFO] [STDOUT]: [com.goodbird.cnpcgeckoaddon.hooklib.asm.ClassMetadataReader$FindMethodClassVisitor:visitMethod:156]: visiting setDialog#(ILnoppes/npcs/api/handler/data/IDialog;)V
[21:01:28] [Server thread/INFO] [STDOUT]: [com.goodbird.cnpcgeckoaddon.hooklib.asm.ClassMetadataReader$FindMethodClassVisitor:visitMethod:156]: visiting getDialog#(I)Lnoppes/npcs/api/handler/data/IDialog;
[21:01:28] [Server thread/INFO] [STDOUT]: [com.goodbird.cnpcgeckoaddon.hooklib.asm.ClassMetadataReader$FindMethodClassVisitor:visitMethod:156]: visiting updateClient#()V
[21:01:28] [Server thread/INFO] [STDOUT]: [com.goodbird.cnpcgeckoaddon.hooklib.asm.ClassMetadataReader$FindMethodClassVisitor:visitMethod:156]: visiting getOwner#()Lnoppes/npcs/api/entity/IEntityLivingBase;
[21:01:28] [Server thread/INFO] [STDOUT]: [com.goodbird.cnpcgeckoaddon.hooklib.asm.ClassMetadataReader$FindMethodClassVisitor:visitMethod:156]: visiting <init>#(Lnet/minecraft/entity/EntityLiving;)V
[21:01:28] [Server thread/INFO] [STDOUT]: [com.goodbird.cnpcgeckoaddon.hooklib.asm.ClassMetadataReader$FindMethodClassVisitor:visitMethod:156]: visiting navigateTo#(DDDD)V
[21:01:28] [Server thread/INFO] [STDOUT]: [com.goodbird.cnpcgeckoaddon.hooklib.asm.ClassMetadataReader$FindMethodClassVisitor:visitMethod:156]: visiting clearNavigation#()V
[21:01:28] [Server thread/INFO] [STDOUT]: [com.goodbird.cnpcgeckoaddon.hooklib.asm.ClassMetadataReader$FindMethodClassVisitor:visitMethod:156]: visiting getNavigationPath#()Lnoppes/npcs/api/IPos;
[21:01:28] [Server thread/INFO] [STDOUT]: [com.goodbird.cnpcgeckoaddon.hooklib.asm.ClassMetadataReader$FindMethodClassVisitor:visitMethod:156]: visiting isNavigating#()Z
[21:01:28] [Server thread/INFO] [STDOUT]: [com.goodbird.cnpcgeckoaddon.hooklib.asm.ClassMetadataReader$FindMethodClassVisitor:visitMethod:156]: visiting isAttacking#()Z
[21:01:28] [Server thread/INFO] [STDOUT]: [com.goodbird.cnpcgeckoaddon.hooklib.asm.ClassMetadataReader$FindMethodClassVisitor:visitMethod:156]: visiting setAttackTarget#(Lnoppes/npcs/api/entity/IEntityLivingBase;)V
[21:01:28] [Server thread/INFO] [STDOUT]: [com.goodbird.cnpcgeckoaddon.hooklib.asm.ClassMetadataReader$FindMethodClassVisitor:visitMethod:156]: visiting getAttackTarget#()Lnoppes/npcs/api/entity/IEntityLivingBase;
[21:01:28] [Server thread/INFO] [STDOUT]: [com.goodbird.cnpcgeckoaddon.hooklib.asm.ClassMetadataReader$FindMethodClassVisitor:visitMethod:156]: visiting canSeeEntity#(Lnoppes/npcs/api/entity/IEntity;)Z
[21:01:28] [Server thread/INFO] [STDOUT]: [com.goodbird.cnpcgeckoaddon.hooklib.asm.ClassMetadataReader$FindMethodClassVisitor:visitMethod:156]: visiting jump#()V
[21:01:28] [Server thread/INFO] [STDOUT]: [com.goodbird.cnpcgeckoaddon.hooklib.asm.ClassMetadataReader$FindMethodClassVisitor:visitMethod:156]: visiting getMCEntity#()Lnet/minecraft/entity/EntityLiving;
[21:01:28] [Server thread/INFO] [STDOUT]: [com.goodbird.cnpcgeckoaddon.hooklib.asm.ClassMetadataReader$FindMethodClassVisitor:visitMethod:156]: visiting <init>#(Lnet/minecraft/entity/EntityLivingBase;)V
[21:01:28] [Server thread/INFO] [STDOUT]: [com.goodbird.cnpcgeckoaddon.hooklib.asm.ClassMetadataReader$FindMethodClassVisitor:visitMethod:156]: visiting getHealth#()F
[21:01:28] [Server thread/INFO] [STDOUT]: [com.goodbird.cnpcgeckoaddon.hooklib.asm.ClassMetadataReader$FindMethodClassVisitor:visitMethod:156]: visiting setHealth#(F)V
[21:01:28] [Server thread/INFO] [STDOUT]: [com.goodbird.cnpcgeckoaddon.hooklib.asm.ClassMetadataReader$FindMethodClassVisitor:visitMethod:156]: visiting getMaxHealth#()F
[21:01:28] [Server thread/INFO] [STDOUT]: [com.goodbird.cnpcgeckoaddon.hooklib.asm.ClassMetadataReader$FindMethodClassVisitor:visitMethod:156]: visiting setMaxHealth#(F)V
[21:01:28] [Server thread/INFO] [STDOUT]: [com.goodbird.cnpcgeckoaddon.hooklib.asm.ClassMetadataReader$FindMethodClassVisitor:visitMethod:156]: visiting isAttacking#()Z
[21:01:28] [Server thread/INFO] [STDOUT]: [com.goodbird.cnpcgeckoaddon.hooklib.asm.ClassMetadataReader$FindMethodClassVisitor:visitMethod:156]: visiting setAttackTarget#(Lnoppes/npcs/api/entity/IEntityLivingBase;)V
[21:01:28] [Server thread/INFO] [STDOUT]: [com.goodbird.cnpcgeckoaddon.hooklib.asm.ClassMetadataReader$FindMethodClassVisitor:visitMethod:156]: visiting getAttackTarget#()Lnoppes/npcs/api/entity/IEntityLivingBase;
[21:01:28] [Server thread/INFO] [STDOUT]: [com.goodbird.cnpcgeckoaddon.hooklib.asm.ClassMetadataReader$FindMethodClassVisitor:visitMethod:156]: visiting getLastAttacked#()Lnoppes/npcs/api/entity/IEntityLivingBase;
[21:01:28] [Server thread/INFO] [STDOUT]: [com.goodbird.cnpcgeckoaddon.hooklib.asm.ClassMetadataReader$FindMethodClassVisitor:visitMethod:156]: visiting getLastAttackedTime#()I
[21:01:28] [Server thread/INFO] [STDOUT]: [com.goodbird.cnpcgeckoaddon.hooklib.asm.ClassMetadataReader$FindMethodClassVisitor:visitMethod:156]: visiting canSeeEntity#(Lnoppes/npcs/api/entity/IEntity;)Z
[21:01:28] [Server thread/INFO] [STDOUT]: [com.goodbird.cnpcgeckoaddon.hooklib.asm.ClassMetadataReader$FindMethodClassVisitor:visitMethod:156]: visiting swingMainhand#()V
[21:01:28] [Server thread/INFO] [STDOUT]: [com.goodbird.cnpcgeckoaddon.hooklib.asm.ClassMetadataReader$FindMethodClassVisitor:visitMethod:156]: visiting swingOffhand#()V
[21:01:28] [Server thread/INFO] [STDOUT]: [com.goodbird.cnpcgeckoaddon.hooklib.asm.ClassMetadataReader$FindMethodClassVisitor:visitMethod:156]: visiting addPotionEffect#(IIIZ)V
[21:01:28] [Server thread/INFO] [STDOUT]: [com.goodbird.cnpcgeckoaddon.hooklib.asm.ClassMetadataReader$FindMethodClassVisitor:visitMethod:156]: visiting clearPotionEffects#()V
[21:01:28] [Server thread/INFO] [STDOUT]: [com.goodbird.cnpcgeckoaddon.hooklib.asm.ClassMetadataReader$FindMethodClassVisitor:visitMethod:156]: visiting getPotionEffect#(I)I
[21:01:28] [Server thread/INFO] [STDOUT]: [com.goodbird.cnpcgeckoaddon.hooklib.asm.ClassMetadataReader$FindMethodClassVisitor:visitMethod:156]: visiting getMainhandItem#()Lnoppes/npcs/api/item/IItemStack;
[21:01:28] [Server thread/INFO] [STDOUT]: [com.goodbird.cnpcgeckoaddon.hooklib.asm.ClassMetadataReader$FindMethodClassVisitor:visitMethod:156]: visiting setMainhandItem#(Lnoppes/npcs/api/item/IItemStack;)V
[21:01:28] [Server thread/INFO] [STDOUT]: [com.goodbird.cnpcgeckoaddon.hooklib.asm.ClassMetadataReader$FindMethodClassVisitor:visitMethod:156]: visiting getOffhandItem#()Lnoppes/npcs/api/item/IItemStack;
[21:01:28] [Server thread/INFO] [STDOUT]: [com.goodbird.cnpcgeckoaddon.hooklib.asm.ClassMetadataReader$FindMethodClassVisitor:visitMethod:156]: visiting setOffhandItem#(Lnoppes/npcs/api/item/IItemStack;)V
[21:01:28] [Server thread/INFO] [STDOUT]: [com.goodbird.cnpcgeckoaddon.hooklib.asm.ClassMetadataReader$FindMethodClassVisitor:visitMethod:156]: visiting getArmor#(I)Lnoppes/npcs/api/item/IItemStack;
[21:01:28] [Server thread/INFO] [STDOUT]: [com.goodbird.cnpcgeckoaddon.hooklib.asm.ClassMetadataReader$FindMethodClassVisitor:visitMethod:156]: visiting setArmor#(ILnoppes/npcs/api/item/IItemStack;)V
[21:01:28] [Server thread/INFO] [STDOUT]: [com.goodbird.cnpcgeckoaddon.hooklib.asm.ClassMetadataReader$FindMethodClassVisitor:visitMethod:156]: visiting getSlot#(I)Lnet/minecraft/inventory/EntityEquipmentSlot;
[21:01:28] [Server thread/INFO] [STDOUT]: [com.goodbird.cnpcgeckoaddon.hooklib.asm.ClassMetadataReader$FindMethodClassVisitor:visitMethod:156]: visiting getRotation#()F
[21:01:28] [Server thread/INFO] [STDOUT]: [com.goodbird.cnpcgeckoaddon.hooklib.asm.ClassMetadataReader$FindMethodClassVisitor:visitMethod:156]: visiting setRotation#(F)V
[21:01:28] [Server thread/INFO] [STDOUT]: [com.goodbird.cnpcgeckoaddon.hooklib.asm.ClassMetadataReader$FindMethodClassVisitor:visitMethod:156]: visiting getType#()I
[21:01:28] [Server thread/INFO] [STDOUT]: [com.goodbird.cnpcgeckoaddon.hooklib.asm.ClassMetadataReader$FindMethodClassVisitor:visitMethod:156]: visiting typeOf#(I)Z
[21:01:28] [Server thread/INFO] [STDOUT]: [com.goodbird.cnpcgeckoaddon.hooklib.asm.ClassMetadataReader$FindMethodClassVisitor:visitMethod:156]: visiting isChild#()Z
[21:01:28] [Server thread/INFO] [STDOUT]: [com.goodbird.cnpcgeckoaddon.hooklib.asm.ClassMetadataReader$FindMethodClassVisitor:visitMethod:156]: visiting addMark#(I)Lnoppes/npcs/api/entity/data/IMark;
[21:01:28] [Server thread/INFO] [STDOUT]: [com.goodbird.cnpcgeckoaddon.hooklib.asm.ClassMetadataReader$FindMethodClassVisitor:visitMethod:156]: visiting removeMark#(Lnoppes/npcs/api/entity/data/IMark;)V
[21:01:28] [Server thread/INFO] [STDOUT]: [com.goodbird.cnpcgeckoaddon.hooklib.asm.ClassMetadataReader$FindMethodClassVisitor:visitMethod:156]: visiting getMarks#()[Lnoppes/npcs/api/entity/data/IMark;
[21:01:28] [Server thread/INFO] [STDOUT]: [com.goodbird.cnpcgeckoaddon.hooklib.asm.ClassMetadataReader$FindMethodClassVisitor:visitMethod:156]: visiting getMoveForward#()F
[21:01:28] [Server thread/INFO] [STDOUT]: [com.goodbird.cnpcgeckoaddon.hooklib.asm.ClassMetadataReader$FindMethodClassVisitor:visitMethod:156]: visiting setMoveForward#(F)V
[21:01:28] [Server thread/INFO] [STDOUT]: [com.goodbird.cnpcgeckoaddon.hooklib.asm.ClassMetadataReader$FindMethodClassVisitor:visitMethod:156]: visiting getMoveStrafing#()F
[21:01:28] [Server thread/INFO] [STDOUT]: [com.goodbird.cnpcgeckoaddon.hooklib.asm.ClassMetadataReader$FindMethodClassVisitor:visitMethod:156]: visiting setMoveStrafing#(F)V
[21:01:28] [Server thread/INFO] [STDOUT]: [com.goodbird.cnpcgeckoaddon.hooklib.asm.ClassMetadataReader$FindMethodClassVisitor:visitMethod:156]: visiting getMoveVertical#()F
[21:01:28] [Server thread/INFO] [STDOUT]: [com.goodbird.cnpcgeckoaddon.hooklib.asm.ClassMetadataReader$FindMethodClassVisitor:visitMethod:156]: visiting setMoveVertical#(F)V
[21:01:28] [Server thread/INFO] [STDOUT]: [com.goodbird.cnpcgeckoaddon.hooklib.asm.ClassMetadataReader$FindMethodClassVisitor:visitMethod:156]: visiting getMCEntity#()Lnet/minecraft/entity/EntityLivingBase;
[21:01:28] [Server thread/INFO] [STDOUT]: [com.goodbird.cnpcgeckoaddon.hooklib.asm.ClassMetadataReader$FindMethodClassVisitor:visitMethod:156]: visiting <init>#(Lnet/minecraft/entity/Entity;)V
[21:01:28] [Server thread/INFO] [STDOUT]: [com.goodbird.cnpcgeckoaddon.hooklib.asm.ClassMetadataReader$FindMethodClassVisitor:visitMethod:156]: visiting getX#()D
[21:01:28] [Server thread/INFO] [STDOUT]: [com.goodbird.cnpcgeckoaddon.hooklib.asm.ClassMetadataReader$FindMethodClassVisitor:visitMethod:156]: visiting setX#(D)V
[21:01:28] [Server thread/INFO] [STDOUT]: [com.goodbird.cnpcgeckoaddon.hooklib.asm.ClassMetadataReader$FindMethodClassVisitor:visitMethod:156]: visiting getY#()D
[21:01:28] [Server thread/INFO] [STDOUT]: [com.goodbird.cnpcgeckoaddon.hooklib.asm.ClassMetadataReader$FindMethodClassVisitor:visitMethod:156]: visiting setY#(D)V
[21:01:28] [Server thread/INFO] [STDOUT]: [com.goodbird.cnpcgeckoaddon.hooklib.asm.ClassMetadataReader$FindMethodClassVisitor:visitMethod:156]: visiting getZ#()D
[21:01:28] [Server thread/INFO] [STDOUT]: [com.goodbird.cnpcgeckoaddon.hooklib.asm.ClassMetadataReader$FindMethodClassVisitor:visitMethod:156]: visiting setZ#(D)V
[21:01:28] [Server thread/INFO] [STDOUT]: [com.goodbird.cnpcgeckoaddon.hooklib.asm.ClassMetadataReader$FindMethodClassVisitor:visitMethod:156]: visiting getBlockX#()I
[21:01:28] [Server thread/INFO] [STDOUT]: [com.goodbird.cnpcgeckoaddon.hooklib.asm.ClassMetadataReader$FindMethodClassVisitor:visitMethod:156]: visiting getBlockY#()I
[21:01:28] [Server thread/INFO] [STDOUT]: [com.goodbird.cnpcgeckoaddon.hooklib.asm.ClassMetadataReader$FindMethodClassVisitor:visitMethod:156]: visiting getBlockZ#()I
[21:01:28] [Server thread/INFO] [STDOUT]: [com.goodbird.cnpcgeckoaddon.hooklib.asm.ClassMetadataReader$FindMethodClassVisitor:visitMethod:156]: visiting getEntityName#()Ljava/lang/String;
[21:01:28] [Server thread/INFO] [STDOUT]: [com.goodbird.cnpcgeckoaddon.hooklib.asm.ClassMetadataReader$FindMethodClassVisitor:visitMethod:156]: visiting getName#()Ljava/lang/String;
[21:01:28] [Server thread/INFO] [STDOUT]: [com.goodbird.cnpcgeckoaddon.hooklib.asm.ClassMetadataReader$FindMethodClassVisitor:visitMethod:156]: visiting setName#(Ljava/lang/String;)V
[21:01:28] [Server thread/INFO] [STDOUT]: [com.goodbird.cnpcgeckoaddon.hooklib.asm.ClassMetadataReader$FindMethodClassVisitor:visitMethod:156]: visiting hasCustomName#()Z
[21:01:28] [Server thread/INFO] [STDOUT]: [com.goodbird.cnpcgeckoaddon.hooklib.asm.ClassMetadataReader$FindMethodClassVisitor:visitMethod:156]: visiting setPosition#(DDD)V
[21:01:28] [Server thread/INFO] [STDOUT]: [com.goodbird.cnpcgeckoaddon.hooklib.asm.ClassMetadataReader$FindMethodClassVisitor:visitMethod:156]: visiting getWorld#()Lnoppes/npcs/api/IWorld;
[21:01:28] [Server thread/INFO] [STDOUT]: [com.goodbird.cnpcgeckoaddon.hooklib.asm.ClassMetadataReader$FindMethodClassVisitor:visitMethod:156]: visiting isAlive#()Z
[21:01:28] [Server thread/INFO] [STDOUT]: [com.goodbird.cnpcgeckoaddon.hooklib.asm.ClassMetadataReader$FindMethodClassVisitor:visitMethod:156]: visiting getTempdata#()Lnoppes/npcs/api/entity/data/IData;
[21:01:28] [Server thread/INFO] [STDOUT]: [com.goodbird.cnpcgeckoaddon.hooklib.asm.ClassMetadataReader$FindMethodClassVisitor:visitMethod:156]: visiting getStoreddata#()Lnoppes/npcs/api/entity/data/IData;
[21:01:28] [Server thread/INFO] [STDOUT]: [com.goodbird.cnpcgeckoaddon.hooklib.asm.ClassMetadataReader$FindMethodClassVisitor:visitMethod:156]: visiting getAge#()J
[21:01:28] [Server thread/INFO] [STDOUT]: [com.goodbird.cnpcgeckoaddon.hooklib.asm.ClassMetadataReader$FindMethodClassVisitor:visitMethod:156]: visiting damage#(F)V
[21:01:28] [Server thread/INFO] [STDOUT]: [com.goodbird.cnpcgeckoaddon.hooklib.asm.ClassMetadataReader$FindMethodClassVisitor:visitMethod:156]: visiting despawn#()V
[21:01:28] [Server thread/INFO] [STDOUT]: [com.goodbird.cnpcgeckoaddon.hooklib.asm.ClassMetadataReader$FindMethodClassVisitor:visitMethod:156]: visiting spawn#()V
[21:01:28] [Server thread/INFO] [STDOUT]: [com.goodbird.cnpcgeckoaddon.hooklib.asm.ClassMetadataReader$FindMethodClassVisitor:visitMethod:156]: visiting kill#()V
[21:01:28] [Server thread/INFO] [STDOUT]: [com.goodbird.cnpcgeckoaddon.hooklib.asm.ClassMetadataReader$FindMethodClassVisitor:visitMethod:156]: visiting inWater#()Z
[21:01:28] [Server thread/INFO] [STDOUT]: [com.goodbird.cnpcgeckoaddon.hooklib.asm.ClassMetadataReader$FindMethodClassVisitor:visitMethod:156]: visiting inLava#()Z
[21:01:28] [Server thread/INFO] [STDOUT]: [com.goodbird.cnpcgeckoaddon.hooklib.asm.ClassMetadataReader$FindMethodClassVisitor:visitMethod:156]: visiting inFire#()Z
[21:01:28] [Server thread/INFO] [STDOUT]: [com.goodbird.cnpcgeckoaddon.hooklib.asm.ClassMetadataReader$FindMethodClassVisitor:visitMethod:156]: visiting isBurning#()Z
[21:01:28] [Server thread/INFO] [STDOUT]: [com.goodbird.cnpcgeckoaddon.hooklib.asm.ClassMetadataReader$FindMethodClassVisitor:visitMethod:156]: visiting setBurning#(I)V
[21:01:28] [Server thread/INFO] [STDOUT]: [com.goodbird.cnpcgeckoaddon.hooklib.asm.ClassMetadataReader$FindMethodClassVisitor:visitMethod:156]: visiting extinguish#()V
[21:01:28] [Server thread/INFO] [STDOUT]: [com.goodbird.cnpcgeckoaddon.hooklib.asm.ClassMetadataReader$FindMethodClassVisitor:visitMethod:156]: visiting getTypeName#()Ljava/lang/String;
[21:01:28] [Server thread/INFO] [STDOUT]: [com.goodbird.cnpcgeckoaddon.hooklib.asm.ClassMetadataReader$FindMethodClassVisitor:visitMethod:156]: visiting dropItem#(Lnoppes/npcs/api/item/IItemStack;)Lnoppes/npcs/api/entity/IEntityItem;
[21:01:28] [Server thread/INFO] [STDOUT]: [com.goodbird.cnpcgeckoaddon.hooklib.asm.ClassMetadataReader$FindMethodClassVisitor:visitMethod:156]: visiting getRiders#()[Lnoppes/npcs/api/entity/IEntity;
[21:01:28] [Server thread/INFO] [STDOUT]: [com.goodbird.cnpcgeckoaddon.hooklib.asm.ClassMetadataReader$FindMethodClassVisitor:visitMethod:156]: visiting rayTraceBlock#(DZZ)Lnoppes/npcs/api/IRayTrace;
[21:01:28] [Server thread/INFO] [STDOUT]: [com.goodbird.cnpcgeckoaddon.hooklib.asm.ClassMetadataReader$FindMethodClassVisitor:visitMethod:156]: visiting rayTraceEntities#(DZZ)[Lnoppes/npcs/api/entity/IEntity;
[21:01:28] [Server thread/INFO] [STDOUT]: [com.goodbird.cnpcgeckoaddon.hooklib.asm.ClassMetadataReader$FindMethodClassVisitor:visitMethod:156]: visiting findEntityOnPath#(DLnet/minecraft/util/math/Vec3d;Lnet/minecraft/util/math/Vec3d;)[Lnoppes/npcs/api/entity/IEntity;
[21:01:28] [Server thread/INFO] [STDOUT]: [com.goodbird.cnpcgeckoaddon.hooklib.asm.ClassMetadataReader$FindMethodClassVisitor:visitMethod:156]: visiting getAllRiders#()[Lnoppes/npcs/api/entity/IEntity;
[21:01:28] [Server thread/INFO] [STDOUT]: [com.goodbird.cnpcgeckoaddon.hooklib.asm.ClassMetadataReader$FindMethodClassVisitor:visitMethod:156]: visiting addRider#(Lnoppes/npcs/api/entity/IEntity;)V
[21:01:28] [Server thread/INFO] [STDOUT]: [com.goodbird.cnpcgeckoaddon.hooklib.asm.ClassMetadataReader$FindMethodClassVisitor:visitMethod:156]: visiting clearRiders#()V
[21:01:28] [Server thread/INFO] [STDOUT]: [com.goodbird.cnpcgeckoaddon.hooklib.asm.ClassMetadataReader$FindMethodClassVisitor:visitMethod:156]: visiting getMount#()Lnoppes/npcs/api/entity/IEntity;
[21:01:28] [Server thread/INFO] [STDOUT]: [com.goodbird.cnpcgeckoaddon.hooklib.asm.ClassMetadataReader$FindMethodClassVisitor:visitMethod:156]: visiting setMount#(Lnoppes/npcs/api/entity/IEntity;)V
[21:01:28] [Server thread/INFO] [STDOUT]: [com.goodbird.cnpcgeckoaddon.hooklib.asm.ClassMetadataReader$FindMethodClassVisitor:visitMethod:156]: visiting setRotation#(F)V
[21:01:28] [Server thread/INFO] [STDOUT]: [com.goodbird.cnpcgeckoaddon.hooklib.asm.ClassMetadataReader$FindMethodClassVisitor:visitMethod:156]: visiting getRotation#()F
[21:01:28] [Server thread/INFO] [STDOUT]: [com.goodbird.cnpcgeckoaddon.hooklib.asm.ClassMetadataReader$FindMethodClassVisitor:visitMethod:156]: visiting setPitch#(F)V
[21:01:28] [Server thread/INFO] [STDOUT]: [com.goodbird.cnpcgeckoaddon.hooklib.asm.ClassMetadataReader$FindMethodClassVisitor:visitMethod:156]: visiting getPitch#()F
[21:01:28] [Server thread/INFO] [STDOUT]: [com.goodbird.cnpcgeckoaddon.hooklib.asm.ClassMetadataReader$FindMethodClassVisitor:visitMethod:156]: visiting knockback#(IF)V
[21:01:28] [Server thread/INFO] [STDOUT]: [com.goodbird.cnpcgeckoaddon.hooklib.asm.ClassMetadataReader$FindMethodClassVisitor:visitMethod:156]: visiting isSneaking#()Z
[21:01:28] [Server thread/INFO] [STDOUT]: [com.goodbird.cnpcgeckoaddon.hooklib.asm.ClassMetadataReader$FindMethodClassVisitor:visitMethod:156]: visiting isSprinting#()Z
[21:01:28] [Server thread/INFO] [STDOUT]: [com.goodbird.cnpcgeckoaddon.hooklib.asm.ClassMetadataReader$FindMethodClassVisitor:visitMethod:156]: visiting getMCEntity#()Lnet/minecraft/entity/Entity;
[21:01:28] [Server thread/INFO] [STDOUT]: [com.goodbird.cnpcgeckoaddon.hooklib.asm.ClassMetadataReader$FindMethodClassVisitor:visitMethod:156]: visiting getType#()I
[21:01:28] [Server thread/INFO] [STDOUT]: [com.goodbird.cnpcgeckoaddon.hooklib.asm.ClassMetadataReader$FindMethodClassVisitor:visitMethod:156]: visiting typeOf#(I)Z
[21:01:28] [Server thread/INFO] [STDOUT]: [com.goodbird.cnpcgeckoaddon.hooklib.asm.ClassMetadataReader$FindMethodClassVisitor:visitMethod:156]: visiting getUUID#()Ljava/lang/String;
[21:01:28] [Server thread/INFO] [STDOUT]: [com.goodbird.cnpcgeckoaddon.hooklib.asm.ClassMetadataReader$FindMethodClassVisitor:visitMethod:156]: visiting generateNewUUID#()Ljava/lang/String;
[21:01:28] [Server thread/INFO] [STDOUT]: [com.goodbird.cnpcgeckoaddon.hooklib.asm.ClassMetadataReader$FindMethodClassVisitor:visitMethod:156]: visiting getNbt#()Lnoppes/npcs/api/INbt;
[21:01:28] [Server thread/INFO] [STDOUT]: [com.goodbird.cnpcgeckoaddon.hooklib.asm.ClassMetadataReader$FindMethodClassVisitor:visitMethod:156]: visiting storeAsClone#(ILjava/lang/String;)V
[21:01:28] [Server thread/INFO] [STDOUT]: [com.goodbird.cnpcgeckoaddon.hooklib.asm.ClassMetadataReader$FindMethodClassVisitor:visitMethod:156]: visiting getEntityNbt#()Lnoppes/npcs/api/INbt;
[21:01:28] [Server thread/INFO] [STDOUT]: [com.goodbird.cnpcgeckoaddon.hooklib.asm.ClassMetadataReader$FindMethodClassVisitor:visitMethod:156]: visiting setEntityNbt#(Lnoppes/npcs/api/INbt;)V
[21:01:28] [Server thread/INFO] [STDOUT]: [com.goodbird.cnpcgeckoaddon.hooklib.asm.ClassMetadataReader$FindMethodClassVisitor:visitMethod:156]: visiting playAnimation#(I)V
[21:01:28] [Server thread/INFO] [STDOUT]: [com.goodbird.cnpcgeckoaddon.hooklib.asm.ClassMetadataReader$FindMethodClassVisitor:visitMethod:156]: visiting getHeight#()F
[21:01:28] [Server thread/INFO] [STDOUT]: [com.goodbird.cnpcgeckoaddon.hooklib.asm.ClassMetadataReader$FindMethodClassVisitor:visitMethod:156]: visiting getEyeHeight#()F
[21:01:28] [Server thread/INFO] [STDOUT]: [com.goodbird.cnpcgeckoaddon.hooklib.asm.ClassMetadataReader$FindMethodClassVisitor:visitMethod:156]: visiting getWidth#()F
[21:01:28] [Server thread/INFO] [STDOUT]: [com.goodbird.cnpcgeckoaddon.hooklib.asm.ClassMetadataReader$FindMethodClassVisitor:visitMethod:156]: visiting getPos#()Lnoppes/npcs/api/IPos;
[21:01:28] [Server thread/INFO] [STDOUT]: [com.goodbird.cnpcgeckoaddon.hooklib.asm.ClassMetadataReader$FindMethodClassVisitor:visitMethod:156]: visiting setPos#(Lnoppes/npcs/api/IPos;)V
[21:01:28] [Server thread/INFO] [STDOUT]: [com.goodbird.cnpcgeckoaddon.hooklib.asm.ClassMetadataReader$FindMethodClassVisitor:visitMethod:156]: visiting getTags#()[Ljava/lang/String;
[21:01:28] [Server thread/INFO] [STDOUT]: [com.goodbird.cnpcgeckoaddon.hooklib.asm.ClassMetadataReader$FindMethodClassVisitor:visitMethod:156]: visiting addTag#(Ljava/lang/String;)V
[21:01:28] [Server thread/INFO] [STDOUT]: [com.goodbird.cnpcgeckoaddon.hooklib.asm.ClassMetadataReader$FindMethodClassVisitor:visitMethod:156]: visiting hasTag#(Ljava/lang/String;)Z
[21:01:28] [Server thread/INFO] [STDOUT]: [com.goodbird.cnpcgeckoaddon.hooklib.asm.ClassMetadataReader$FindMethodClassVisitor:visitMethod:156]: visiting removeTag#(Ljava/lang/String;)V
[21:01:28] [Server thread/INFO] [STDOUT]: [com.goodbird.cnpcgeckoaddon.hooklib.asm.ClassMetadataReader$FindMethodClassVisitor:visitMethod:156]: visiting getMotionX#()D
[21:01:28] [Server thread/INFO] [STDOUT]: [com.goodbird.cnpcgeckoaddon.hooklib.asm.ClassMetadataReader$FindMethodClassVisitor:visitMethod:156]: visiting getMotionY#()D
[21:01:28] [Server thread/INFO] [STDOUT]: [com.goodbird.cnpcgeckoaddon.hooklib.asm.ClassMetadataReader$FindMethodClassVisitor:visitMethod:156]: visiting getMotionZ#()D
[21:01:28] [Server thread/INFO] [STDOUT]: [com.goodbird.cnpcgeckoaddon.hooklib.asm.ClassMetadataReader$FindMethodClassVisitor:visitMethod:156]: visiting setMotionX#(D)V
[21:01:28] [Server thread/INFO] [STDOUT]: [com.goodbird.cnpcgeckoaddon.hooklib.asm.ClassMetadataReader$FindMethodClassVisitor:visitMethod:156]: visiting setMotionY#(D)V
[21:01:28] [Server thread/INFO] [STDOUT]: [com.goodbird.cnpcgeckoaddon.hooklib.asm.ClassMetadataReader$FindMethodClassVisitor:visitMethod:156]: visiting setMotionZ#(D)V
[21:01:28] [Server thread/INFO] [STDOUT]: [com.goodbird.cnpcgeckoaddon.hooklib.asm.ClassMetadataReader$FindMethodClassVisitor:visitMethod:156]: visiting lambda$findEntityOnPath$0#(Lnoppes/npcs/api/entity/IEntity;Lnoppes/npcs/api/entity/IEntity;)I
[21:01:28] [Server thread/INFO] [STDOUT]: [com.goodbird.cnpcgeckoaddon.hooklib.asm.ClassMetadataReader$FindMethodClassVisitor:visitMethod:156]: visiting access$000#(Lnoppes/npcs/api/wrapper/EntityWrapper;)Ljava/util/Map;
[21:01:28] [Server thread/INFO] [STDOUT]: [com.goodbird.cnpcgeckoaddon.hooklib.asm.HookLogger$SystemOutLogger:debug:20]: [DEBUG] Patching method noppes.npcs.api.wrapper.NPCWrapper#syncAnimationsForAll(Lsoftware/bernie/geckolib3/core/builder/AnimationBuilder;)V
[21:01:28] [Server thread/INFO] [STDOUT]: [com.goodbird.cnpcgeckoaddon.hooklib.asm.HookLogger$SystemOutLogger:debug:20]: [DEBUG] Patching method noppes.npcs.api.wrapper.NPCWrapper#syncAnimationsFor(Lnoppes/npcs/api/entity/IPlayer;Lsoftware/bernie/geckolib3/core/builder/AnimationBuilder;)V
[21:01:28] [Server thread/INFO] [STDOUT]: [com.goodbird.cnpcgeckoaddon.hooklib.asm.HookLogger$SystemOutLogger:debug:20]: [DEBUG] Patching method noppes.npcs.api.wrapper.NPCWrapper#setGeckoWalkAnimation(Ljava/lang/String;)V
[21:01:28] [Server thread/INFO] [STDOUT]: [com.goodbird.cnpcgeckoaddon.hooklib.asm.HookLogger$SystemOutLogger:debug:20]: [DEBUG] Patching method noppes.npcs.api.wrapper.NPCWrapper#setGeckoIdleAnimation(Ljava/lang/String;)V
[21:01:28] [Server thread/INFO] [STDOUT]: [com.goodbird.cnpcgeckoaddon.hooklib.asm.HookLogger$SystemOutLogger:debug:20]: [DEBUG] Patching method noppes.npcs.api.wrapper.NPCWrapper#setGeckoAnimationFile(Ljava/lang/String;)V
[21:01:28] [Server thread/INFO] [STDOUT]: [com.goodbird.cnpcgeckoaddon.hooklib.asm.HookLogger$SystemOutLogger:debug:20]: [DEBUG] Patching method noppes.npcs.api.wrapper.NPCWrapper#setGeckoTexture(Ljava/lang/String;)V
[21:01:28] [Server thread/INFO] [STDOUT]: [com.goodbird.cnpcgeckoaddon.hooklib.asm.HookLogger$SystemOutLogger:debug:20]: [DEBUG] Patching method noppes.npcs.api.wrapper.NPCWrapper#setGeckoModel(Ljava/lang/String;)V
[21:01:28] [Server thread/INFO] [STDOUT]: [com.goodbird.cnpcgeckoaddon.hooklib.asm.HookLogger$SystemOutLogger:debug:20]: [DEBUG] Injecting hooks into class noppes.npcs.client.EntityUtil
[21:01:28] [Server thread/INFO] [STDOUT]: [com.goodbird.cnpcgeckoaddon.hooklib.asm.HookLogger$SystemOutLogger:debug:20]: [DEBUG] Patching method noppes.npcs.client.EntityUtil#Copy(Lnet/minecraft/entity/EntityLivingBase;Lnet/minecraft/entity/EntityLivingBase;)
[21:01:28] [Server thread/INFO] [STDOUT]: [com.goodbird.cnpcgeckoaddon.hooklib.cnpchooks.CommonHooks:readToNBT:49]: [CNPC-Gecko] readToNBT sync: modelEntity.attackCount=1, data.getAttackCount()=1
[21:01:28] [Server thread/INFO] [FML]: Unloading dimension -1
[21:01:28] [Server thread/INFO] [FML]: Unloading dimension 1
[21:01:28] [Server thread/INFO] [net.minecraft.server.integrated.IntegratedServer]: Changing view distance to 12, from 10
[21:01:29] [Netty Local Client IO #0/INFO] [FML]: Server protocol version 2
[21:01:29] [Netty Server IO #1/INFO] [FML]: Client protocol version 2
[21:01:29] [Netty Server IO #1/INFO] [FML]: Client attempting to join with 9 mods : minecraft@1.12.2,cnpcgeckoaddon@1.0,FML@8.0.99.99,forge@14.23.5.2860,customnpcs@1.12,mixinbooter@10.7,geckolib3@3.0.30,mcp@9.42,customskinloader@14.28
[21:01:29] [Netty Local Client IO #0/INFO] [FML]: [Netty Local Client IO #0] Client side modded connection established
[21:01:29] [Server thread/INFO] [FML]: [Server thread] Server side modded connection established
[21:01:29] [Server thread/INFO] [net.minecraft.server.management.PlayerList]: XiaoBiniaoX[local:E:0200434d] logged in with entity id 5 at (7.815303853582858, 4.0, 12.241106939716554)
[21:01:29] [Server thread/INFO] [net.minecraft.server.MinecraftServer]: XiaoBiniaoX加入了游戏
[21:01:30] [Server thread/INFO] [net.minecraft.server.integrated.IntegratedServer]: Saving and pausing game...
[21:01:30] [Thread-7/INFO] [net.minecraft.client.gui.GuiNewChat]: [CHAT] §2CustomNpcs§f installed. For more info §9§nClick here
[21:01:30] [Server thread/INFO] [net.minecraft.server.MinecraftServer]: Saving chunks for level '新的世界'/overworld
[21:01:30] [Client thread/INFO] [net.minecraft.advancements.AdvancementList]: Loaded 9 advancements
[21:01:30] [Client thread/INFO] [STDOUT]: [com.goodbird.cnpcgeckoaddon.hooklib.cnpchooks.CommonHooks:readToNBT:49]: [CNPC-Gecko] readToNBT sync: modelEntity.attackCount=1, data.getAttackCount()=1
[21:01:31] [Server thread/INFO] [net.minecraft.server.integrated.IntegratedServer]: Saving and pausing game...
[21:01:31] [Server thread/INFO] [net.minecraft.server.MinecraftServer]: Saving chunks for level '新的世界'/overworld
[21:01:31] [Client thread/INFO] [STDOUT]: [com.goodbird.cnpcgeckoaddon.hooklib.asm.HookLogger$SystemOutLogger:debug:20]: [DEBUG] Injecting hooks into class noppes.npcs.client.gui.model.GuiCreationEntities
[21:01:31] [Client thread/INFO] [STDOUT]: [com.goodbird.cnpcgeckoaddon.hooklib.asm.HookLogger$SystemOutLogger:debug:20]: [DEBUG] Patching method noppes.npcs.client.gui.model.GuiCreationEntities#initGui()
[21:01:31] [Client thread/INFO] [STDOUT]: [com.goodbird.cnpcgeckoaddon.hooklib.asm.HookLogger$SystemOutLogger:debug:20]: [DEBUG] Patching method noppes.npcs.client.gui.model.GuiCreationEntities#actionPerformed(Lnet/minecraft/client/gui/GuiButton;)
[21:02:26] [Server thread/INFO] [STDOUT]: [com.goodbird.cnpcgeckoaddon.hooklib.cnpchooks.CommonHooks:onAttackEntityAsMob:146]: [CNPC-Gecko] onAttackEntityAsMob ENTER
[21:02:26] [Server thread/INFO] [STDOUT]: [com.goodbird.cnpcgeckoaddon.hooklib.cnpchooks.CommonHooks:onAttackEntityAsMob:162]: [CNPC-Gecko] DEBUG modelEntity.attackCount=1, data.getAttackCount()=1
[21:02:26] [Server thread/INFO] [STDOUT]: [com.goodbird.cnpcgeckoaddon.hooklib.cnpchooks.CommonHooks:onAttackEntityAsMob:191]: [CNPC-Gecko] totalWeight=1 attackCount=1
[21:02:26] [Server thread/INFO] [STDOUT]: [com.goodbird.cnpcgeckoaddon.hooklib.cnpchooks.CommonHooks:onAttackEntityAsMob:221]: [CNPC-Gecko] frame=0.8 -> DELAY (return true)
[21:02:26] [Server thread/INFO] [STDOUT]: [com.goodbird.cnpcgeckoaddon.hooklib.cnpchooks.CommonHooks:onUpdate:120]: [CNPC-Gecko] onUpdate delay check: elapsed=0/16 frame=0.8
[21:02:26] [Server thread/INFO] [STDOUT]: [com.goodbird.cnpcgeckoaddon.hooklib.cnpchooks.CommonHooks:onUpdate:120]: [CNPC-Gecko] onUpdate delay check: elapsed=1/16 frame=0.8
[21:02:26] [Server thread/INFO] [STDOUT]: [com.goodbird.cnpcgeckoaddon.hooklib.cnpchooks.CommonHooks:onUpdate:120]: [CNPC-Gecko] onUpdate delay check: elapsed=2/16 frame=0.8
[21:02:26] [Server thread/INFO] [STDOUT]: [com.goodbird.cnpcgeckoaddon.hooklib.cnpchooks.CommonHooks:onUpdate:120]: [CNPC-Gecko] onUpdate delay check: elapsed=3/16 frame=0.8
[21:02:26] [Server thread/INFO] [STDOUT]: [com.goodbird.cnpcgeckoaddon.hooklib.cnpchooks.CommonHooks:onUpdate:120]: [CNPC-Gecko] onUpdate delay check: elapsed=4/16 frame=0.8
[21:02:26] [Server thread/INFO] [STDOUT]: [com.goodbird.cnpcgeckoaddon.hooklib.cnpchooks.CommonHooks:onUpdate:120]: [CNPC-Gecko] onUpdate delay check: elapsed=5/16 frame=0.8
[21:02:26] [Server thread/INFO] [STDOUT]: [com.goodbird.cnpcgeckoaddon.hooklib.cnpchooks.CommonHooks:onUpdate:120]: [CNPC-Gecko] onUpdate delay check: elapsed=6/16 frame=0.8
[21:02:26] [Server thread/INFO] [STDOUT]: [com.goodbird.cnpcgeckoaddon.hooklib.cnpchooks.CommonHooks:onUpdate:120]: [CNPC-Gecko] onUpdate delay check: elapsed=7/16 frame=0.8
[21:02:26] [Server thread/INFO] [STDOUT]: [com.goodbird.cnpcgeckoaddon.hooklib.cnpchooks.CommonHooks:onUpdate:120]: [CNPC-Gecko] onUpdate delay check: elapsed=8/16 frame=0.8
[21:02:26] [Server thread/INFO] [STDOUT]: [com.goodbird.cnpcgeckoaddon.hooklib.cnpchooks.CommonHooks:onUpdate:120]: [CNPC-Gecko] onUpdate delay check: elapsed=9/16 frame=0.8
[21:02:26] [Server thread/INFO] [STDOUT]: [com.goodbird.cnpcgeckoaddon.hooklib.cnpchooks.CommonHooks:onUpdate:120]: [CNPC-Gecko] onUpdate delay check: elapsed=10/16 frame=0.8
[21:02:26] [Server thread/INFO] [STDOUT]: [com.goodbird.cnpcgeckoaddon.hooklib.cnpchooks.CommonHooks:onUpdate:120]: [CNPC-Gecko] onUpdate delay check: elapsed=11/16 frame=0.8
[21:02:26] [Server thread/INFO] [STDOUT]: [com.goodbird.cnpcgeckoaddon.hooklib.cnpchooks.CommonHooks:onUpdate:120]: [CNPC-Gecko] onUpdate delay check: elapsed=12/16 frame=0.8
[21:02:26] [Server thread/INFO] [STDOUT]: [com.goodbird.cnpcgeckoaddon.hooklib.cnpchooks.CommonHooks:onUpdate:120]: [CNPC-Gecko] onUpdate delay check: elapsed=13/16 frame=0.8
[21:02:26] [Server thread/INFO] [STDOUT]: [com.goodbird.cnpcgeckoaddon.hooklib.cnpchooks.CommonHooks:onUpdate:120]: [CNPC-Gecko] onUpdate delay check: elapsed=14/16 frame=0.8
[21:02:26] [Server thread/INFO] [STDOUT]: [com.goodbird.cnpcgeckoaddon.hooklib.cnpchooks.CommonHooks:onUpdate:120]: [CNPC-Gecko] onUpdate delay check: elapsed=15/16 frame=0.8
[21:02:26] [Server thread/INFO] [STDOUT]: [com.goodbird.cnpcgeckoaddon.hooklib.cnpchooks.CommonHooks:onUpdate:120]: [CNPC-Gecko] onUpdate delay check: elapsed=16/16 frame=0.8
[21:02:26] [Server thread/INFO] [STDOUT]: [com.goodbird.cnpcgeckoaddon.hooklib.cnpchooks.CommonHooks:onUpdate:122]: [CNPC-Gecko] onUpdate DELAY HIT - applying damage
[21:02:26] [Server thread/INFO] [STDOUT]: [com.goodbird.cnpcgeckoaddon.hooklib.cnpchooks.CommonHooks:onAttackEntityAsMob:146]: [CNPC-Gecko] onAttackEntityAsMob ENTER
[21:02:26] [Server thread/INFO] [STDOUT]: [com.goodbird.cnpcgeckoaddon.hooklib.cnpchooks.CommonHooks:onAttackEntityAsMob:162]: [CNPC-Gecko] DEBUG modelEntity.attackCount=1, data.getAttackCount()=1
[21:02:26] [Server thread/INFO] [STDOUT]: [com.goodbird.cnpcgeckoaddon.hooklib.cnpchooks.CommonHooks:onAttackEntityAsMob:164]: [CNPC-Gecko] EXIT: frameAttackInProgress=true
[21:02:27] [Server thread/INFO] [STDOUT]: [com.goodbird.cnpcgeckoaddon.hooklib.cnpchooks.CommonHooks:onAttackEntityAsMob:146]: [CNPC-Gecko] onAttackEntityAsMob ENTER
[21:02:27] [Server thread/INFO] [STDOUT]: [com.goodbird.cnpcgeckoaddon.hooklib.cnpchooks.CommonHooks:onAttackEntityAsMob:162]: [CNPC-Gecko] DEBUG modelEntity.attackCount=1, data.getAttackCount()=1
[21:02:27] [Server thread/INFO] [STDOUT]: [com.goodbird.cnpcgeckoaddon.hooklib.cnpchooks.CommonHooks:onAttackEntityAsMob:191]: [CNPC-Gecko] totalWeight=1 attackCount=1
[21:02:27] [Server thread/INFO] [STDOUT]: [com.goodbird.cnpcgeckoaddon.hooklib.cnpchooks.CommonHooks:onAttackEntityAsMob:221]: [CNPC-Gecko] frame=0.8 -> DELAY (return true)
[21:02:27] [Server thread/INFO] [STDOUT]: [com.goodbird.cnpcgeckoaddon.hooklib.cnpchooks.CommonHooks:onUpdate:120]: [CNPC-Gecko] onUpdate delay check: elapsed=0/16 frame=0.8
[21:02:27] [Server thread/INFO] [STDOUT]: [com.goodbird.cnpcgeckoaddon.hooklib.cnpchooks.CommonHooks:onUpdate:120]: [CNPC-Gecko] onUpdate delay check: elapsed=1/16 frame=0.8
[21:02:27] [Server thread/INFO] [STDOUT]: [com.goodbird.cnpcgeckoaddon.hooklib.cnpchooks.CommonHooks:onUpdate:120]: [CNPC-Gecko] onUpdate delay check: elapsed=2/16 frame=0.8
[21:02:27] [Server thread/INFO] [STDOUT]: [com.goodbird.cnpcgeckoaddon.hooklib.cnpchooks.CommonHooks:onUpdate:120]: [CNPC-Gecko] onUpdate delay check: elapsed=3/16 frame=0.8
[21:02:27] [Server thread/INFO] [STDOUT]: [com.goodbird.cnpcgeckoaddon.hooklib.cnpchooks.CommonHooks:onUpdate:120]: [CNPC-Gecko] onUpdate delay check: elapsed=4/16 frame=0.8
[21:02:27] [Server thread/INFO] [STDOUT]: [com.goodbird.cnpcgeckoaddon.hooklib.cnpchooks.CommonHooks:onUpdate:120]: [CNPC-Gecko] onUpdate delay check: elapsed=5/16 frame=0.8
[21:02:27] [Server thread/INFO] [STDOUT]: [com.goodbird.cnpcgeckoaddon.hooklib.cnpchooks.CommonHooks:onUpdate:120]: [CNPC-Gecko] onUpdate delay check: elapsed=6/16 frame=0.8
[21:02:27] [Server thread/INFO] [STDOUT]: [com.goodbird.cnpcgeckoaddon.hooklib.cnpchooks.CommonHooks:onUpdate:120]: [CNPC-Gecko] onUpdate delay check: elapsed=7/16 frame=0.8
[21:02:27] [Server thread/INFO] [STDOUT]: [com.goodbird.cnpcgeckoaddon.hooklib.cnpchooks.CommonHooks:onUpdate:120]: [CNPC-Gecko] onUpdate delay check: elapsed=8/16 frame=0.8
[21:02:27] [Server thread/INFO] [STDOUT]: [com.goodbird.cnpcgeckoaddon.hooklib.cnpchooks.CommonHooks:onUpdate:120]: [CNPC-Gecko] onUpdate delay check: elapsed=9/16 frame=0.8
[21:02:27] [Server thread/INFO] [STDOUT]: [com.goodbird.cnpcgeckoaddon.hooklib.cnpchooks.CommonHooks:onUpdate:120]: [CNPC-Gecko] onUpdate delay check: elapsed=10/16 frame=0.8
[21:02:27] [Server thread/INFO] [STDOUT]: [com.goodbird.cnpcgeckoaddon.hooklib.cnpchooks.CommonHooks:onUpdate:120]: [CNPC-Gecko] onUpdate delay check: elapsed=11/16 frame=0.8
[21:02:27] [Server thread/INFO] [STDOUT]: [com.goodbird.cnpcgeckoaddon.hooklib.cnpchooks.CommonHooks:onUpdate:120]: [CNPC-Gecko] onUpdate delay check: elapsed=12/16 frame=0.8
[21:02:27] [Server thread/INFO] [STDOUT]: [com.goodbird.cnpcgeckoaddon.hooklib.cnpchooks.CommonHooks:onUpdate:120]: [CNPC-Gecko] onUpdate delay check: elapsed=13/16 frame=0.8
[21:02:27] [Server thread/INFO] [STDOUT]: [com.goodbird.cnpcgeckoaddon.hooklib.cnpchooks.CommonHooks:onUpdate:120]: [CNPC-Gecko] onUpdate delay check: elapsed=14/16 frame=0.8
[21:02:27] [Server thread/INFO] [STDOUT]: [com.goodbird.cnpcgeckoaddon.hooklib.cnpchooks.CommonHooks:onUpdate:120]: [CNPC-Gecko] onUpdate delay check: elapsed=15/16 frame=0.8
[21:02:27] [Server thread/INFO] [STDOUT]: [com.goodbird.cnpcgeckoaddon.hooklib.cnpchooks.CommonHooks:onUpdate:120]: [CNPC-Gecko] onUpdate delay check: elapsed=16/16 frame=0.8
[21:02:27] [Server thread/INFO] [STDOUT]: [com.goodbird.cnpcgeckoaddon.hooklib.cnpchooks.CommonHooks:onUpdate:122]: [CNPC-Gecko] onUpdate DELAY HIT - applying damage
[21:02:27] [Server thread/INFO] [STDOUT]: [com.goodbird.cnpcgeckoaddon.hooklib.cnpchooks.CommonHooks:onAttackEntityAsMob:146]: [CNPC-Gecko] onAttackEntityAsMob ENTER
[21:02:27] [Server thread/INFO] [STDOUT]: [com.goodbird.cnpcgeckoaddon.hooklib.cnpchooks.CommonHooks:onAttackEntityAsMob:162]: [CNPC-Gecko] DEBUG modelEntity.attackCount=1, data.getAttackCount()=1
[21:02:27] [Server thread/INFO] [STDOUT]: [com.goodbird.cnpcgeckoaddon.hooklib.cnpchooks.CommonHooks:onAttackEntityAsMob:164]: [CNPC-Gecko] EXIT: frameAttackInProgress=true
[21:02:28] [Server thread/INFO] [STDOUT]: [com.goodbird.cnpcgeckoaddon.hooklib.cnpchooks.CommonHooks:onAttackEntityAsMob:146]: [CNPC-Gecko] onAttackEntityAsMob ENTER
[21:02:28] [Server thread/INFO] [STDOUT]: [com.goodbird.cnpcgeckoaddon.hooklib.cnpchooks.CommonHooks:onAttackEntityAsMob:162]: [CNPC-Gecko] DEBUG modelEntity.attackCount=1, data.getAttackCount()=1
[21:02:28] [Server thread/INFO] [STDOUT]: [com.goodbird.cnpcgeckoaddon.hooklib.cnpchooks.CommonHooks:onAttackEntityAsMob:191]: [CNPC-Gecko] totalWeight=1 attackCount=1
[21:02:28] [Server thread/INFO] [STDOUT]: [com.goodbird.cnpcgeckoaddon.hooklib.cnpchooks.CommonHooks:onAttackEntityAsMob:221]: [CNPC-Gecko] frame=0.8 -> DELAY (return true)
[21:02:28] [Server thread/INFO] [STDOUT]: [com.goodbird.cnpcgeckoaddon.hooklib.cnpchooks.CommonHooks:onUpdate:120]: [CNPC-Gecko] onUpdate delay check: elapsed=0/16 frame=0.8
[21:02:28] [Server thread/INFO] [STDOUT]: [com.goodbird.cnpcgeckoaddon.hooklib.cnpchooks.CommonHooks:onUpdate:120]: [CNPC-Gecko] onUpdate delay check: elapsed=1/16 frame=0.8
[21:02:28] [Server thread/INFO] [STDOUT]: [com.goodbird.cnpcgeckoaddon.hooklib.cnpchooks.CommonHooks:onUpdate:120]: [CNPC-Gecko] onUpdate delay check: elapsed=2/16 frame=0.8
[21:02:28] [Server thread/INFO] [STDOUT]: [com.goodbird.cnpcgeckoaddon.hooklib.cnpchooks.CommonHooks:onUpdate:120]: [CNPC-Gecko] onUpdate delay check: elapsed=3/16 frame=0.8
[21:02:28] [Server thread/INFO] [STDOUT]: [com.goodbird.cnpcgeckoaddon.hooklib.cnpchooks.CommonHooks:onUpdate:120]: [CNPC-Gecko] onUpdate delay check: elapsed=4/16 frame=0.8
[21:02:28] [Server thread/INFO] [STDOUT]: [com.goodbird.cnpcgeckoaddon.hooklib.cnpchooks.CommonHooks:onUpdate:120]: [CNPC-Gecko] onUpdate delay check: elapsed=5/16 frame=0.8
[21:02:28] [Server thread/INFO] [STDOUT]: [com.goodbird.cnpcgeckoaddon.hooklib.cnpchooks.CommonHooks:onUpdate:120]: [CNPC-Gecko] onUpdate delay check: elapsed=6/16 frame=0.8
[21:02:28] [Server thread/INFO] [STDOUT]: [com.goodbird.cnpcgeckoaddon.hooklib.cnpchooks.CommonHooks:onUpdate:120]: [CNPC-Gecko] onUpdate delay check: elapsed=7/16 frame=0.8
[21:02:28] [Server thread/INFO] [STDOUT]: [com.goodbird.cnpcgeckoaddon.hooklib.cnpchooks.CommonHooks:onUpdate:120]: [CNPC-Gecko] onUpdate delay check: elapsed=8/16 frame=0.8
[21:02:28] [Server thread/INFO] [STDOUT]: [com.goodbird.cnpcgeckoaddon.hooklib.cnpchooks.CommonHooks:onUpdate:120]: [CNPC-Gecko] onUpdate delay check: elapsed=9/16 frame=0.8
[21:02:28] [Server thread/INFO] [STDOUT]: [com.goodbird.cnpcgeckoaddon.hooklib.cnpchooks.CommonHooks:onUpdate:120]: [CNPC-Gecko] onUpdate delay check: elapsed=10/16 frame=0.8
[21:02:28] [Server thread/INFO] [STDOUT]: [com.goodbird.cnpcgeckoaddon.hooklib.cnpchooks.CommonHooks:onUpdate:120]: [CNPC-Gecko] onUpdate delay check: elapsed=11/16 frame=0.8
[21:02:28] [Server thread/INFO] [STDOUT]: [com.goodbird.cnpcgeckoaddon.hooklib.cnpchooks.CommonHooks:onUpdate:120]: [CNPC-Gecko] onUpdate delay check: elapsed=12/16 frame=0.8
[21:02:28] [Server thread/INFO] [STDOUT]: [com.goodbird.cnpcgeckoaddon.hooklib.cnpchooks.CommonHooks:onUpdate:120]: [CNPC-Gecko] onUpdate delay check: elapsed=13/16 frame=0.8
[21:02:28] [Server thread/INFO] [STDOUT]: [com.goodbird.cnpcgeckoaddon.hooklib.cnpchooks.CommonHooks:onUpdate:120]: [CNPC-Gecko] onUpdate delay check: elapsed=14/16 frame=0.8
[21:02:28] [Server thread/INFO] [STDOUT]: [com.goodbird.cnpcgeckoaddon.hooklib.cnpchooks.CommonHooks:onUpdate:120]: [CNPC-Gecko] onUpdate delay check: elapsed=15/16 frame=0.8
[21:02:28] [Server thread/INFO] [STDOUT]: [com.goodbird.cnpcgeckoaddon.hooklib.cnpchooks.CommonHooks:onUpdate:120]: [CNPC-Gecko] onUpdate delay check: elapsed=16/16 frame=0.8
[21:02:28] [Server thread/INFO] [STDOUT]: [com.goodbird.cnpcgeckoaddon.hooklib.cnpchooks.CommonHooks:onUpdate:122]: [CNPC-Gecko] onUpdate DELAY HIT - applying damage
[21:02:28] [Server thread/INFO] [STDOUT]: [com.goodbird.cnpcgeckoaddon.hooklib.cnpchooks.CommonHooks:onAttackEntityAsMob:146]: [CNPC-Gecko] onAttackEntityAsMob ENTER
[21:02:28] [Server thread/INFO] [STDOUT]: [com.goodbird.cnpcgeckoaddon.hooklib.cnpchooks.CommonHooks:onAttackEntityAsMob:162]: [CNPC-Gecko] DEBUG modelEntity.attackCount=1, data.getAttackCount()=1
[21:02:28] [Server thread/INFO] [STDOUT]: [com.goodbird.cnpcgeckoaddon.hooklib.cnpchooks.CommonHooks:onAttackEntityAsMob:164]: [CNPC-Gecko] EXIT: frameAttackInProgress=true
[21:02:29] [Server thread/INFO] [STDOUT]: [com.goodbird.cnpcgeckoaddon.hooklib.cnpchooks.CommonHooks:onAttackEntityAsMob:146]: [CNPC-Gecko] onAttackEntityAsMob ENTER
[21:02:29] [Server thread/INFO] [STDOUT]: [com.goodbird.cnpcgeckoaddon.hooklib.cnpchooks.CommonHooks:onAttackEntityAsMob:162]: [CNPC-Gecko] DEBUG modelEntity.attackCount=1, data.getAttackCount()=1
[21:02:29] [Server thread/INFO] [STDOUT]: [com.goodbird.cnpcgeckoaddon.hooklib.cnpchooks.CommonHooks:onAttackEntityAsMob:191]: [CNPC-Gecko] totalWeight=1 attackCount=1
[21:02:29] [Server thread/INFO] [STDOUT]: [com.goodbird.cnpcgeckoaddon.hooklib.cnpchooks.CommonHooks:onAttackEntityAsMob:221]: [CNPC-Gecko] frame=0.8 -> DELAY (return true)
[21:02:29] [Server thread/INFO] [STDOUT]: [com.goodbird.cnpcgeckoaddon.hooklib.cnpchooks.CommonHooks:onUpdate:120]: [CNPC-Gecko] onUpdate delay check: elapsed=0/16 frame=0.8
[21:02:29] [Server thread/INFO] [STDOUT]: [com.goodbird.cnpcgeckoaddon.hooklib.cnpchooks.CommonHooks:onUpdate:120]: [CNPC-Gecko] onUpdate delay check: elapsed=1/16 frame=0.8
[21:02:29] [Server thread/INFO] [STDOUT]: [com.goodbird.cnpcgeckoaddon.hooklib.cnpchooks.CommonHooks:onUpdate:120]: [CNPC-Gecko] onUpdate delay check: elapsed=2/16 frame=0.8
[21:02:29] [Server thread/INFO] [STDOUT]: [com.goodbird.cnpcgeckoaddon.hooklib.cnpchooks.CommonHooks:onUpdate:120]: [CNPC-Gecko] onUpdate delay check: elapsed=3/16 frame=0.8
[21:02:29] [Server thread/INFO] [STDOUT]: [com.goodbird.cnpcgeckoaddon.hooklib.cnpchooks.CommonHooks:onUpdate:120]: [CNPC-Gecko] onUpdate delay check: elapsed=4/16 frame=0.8
[21:02:29] [Server thread/INFO] [STDOUT]: [com.goodbird.cnpcgeckoaddon.hooklib.cnpchooks.CommonHooks:onUpdate:120]: [CNPC-Gecko] onUpdate delay check: elapsed=5/16 frame=0.8
[21:02:29] [Server thread/INFO] [STDOUT]: [com.goodbird.cnpcgeckoaddon.hooklib.cnpchooks.CommonHooks:onUpdate:120]: [CNPC-Gecko] onUpdate delay check: elapsed=6/16 frame=0.8
[21:02:29] [Server thread/INFO] [STDOUT]: [com.goodbird.cnpcgeckoaddon.hooklib.cnpchooks.CommonHooks:onUpdate:120]: [CNPC-Gecko] onUpdate delay check: elapsed=7/16 frame=0.8
[21:02:29] [Server thread/INFO] [STDOUT]: [com.goodbird.cnpcgeckoaddon.hooklib.cnpchooks.CommonHooks:onUpdate:120]: [CNPC-Gecko] onUpdate delay check: elapsed=8/16 frame=0.8
[21:02:29] [Server thread/INFO] [STDOUT]: [com.goodbird.cnpcgeckoaddon.hooklib.cnpchooks.CommonHooks:onUpdate:120]: [CNPC-Gecko] onUpdate delay check: elapsed=9/16 frame=0.8
[21:02:29] [Server thread/INFO] [STDOUT]: [com.goodbird.cnpcgeckoaddon.hooklib.cnpchooks.CommonHooks:onUpdate:120]: [CNPC-Gecko] onUpdate delay check: elapsed=10/16 frame=0.8
[21:02:29] [Server thread/INFO] [STDOUT]: [com.goodbird.cnpcgeckoaddon.hooklib.cnpchooks.CommonHooks:onUpdate:120]: [CNPC-Gecko] onUpdate delay check: elapsed=11/16 frame=0.8
[21:02:29] [Server thread/INFO] [STDOUT]: [com.goodbird.cnpcgeckoaddon.hooklib.cnpchooks.CommonHooks:onUpdate:120]: [CNPC-Gecko] onUpdate delay check: elapsed=12/16 frame=0.8
[21:02:29] [Server thread/INFO] [STDOUT]: [com.goodbird.cnpcgeckoaddon.hooklib.cnpchooks.CommonHooks:onUpdate:120]: [CNPC-Gecko] onUpdate delay check: elapsed=13/16 frame=0.8
[21:02:29] [Server thread/INFO] [STDOUT]: [com.goodbird.cnpcgeckoaddon.hooklib.cnpchooks.CommonHooks:onUpdate:120]: [CNPC-Gecko] onUpdate delay check: elapsed=14/16 frame=0.8
[21:02:29] [Server thread/INFO] [STDOUT]: [com.goodbird.cnpcgeckoaddon.hooklib.cnpchooks.CommonHooks:onUpdate:120]: [CNPC-Gecko] onUpdate delay check: elapsed=15/16 frame=0.8
[21:02:29] [Server thread/INFO] [STDOUT]: [com.goodbird.cnpcgeckoaddon.hooklib.cnpchooks.CommonHooks:onUpdate:120]: [CNPC-Gecko] onUpdate delay check: elapsed=16/16 frame=0.8
[21:02:29] [Server thread/INFO] [STDOUT]: [com.goodbird.cnpcgeckoaddon.hooklib.cnpchooks.CommonHooks:onUpdate:122]: [CNPC-Gecko] onUpdate DELAY HIT - applying damage
[21:02:29] [Server thread/INFO] [STDOUT]: [com.goodbird.cnpcgeckoaddon.hooklib.cnpchooks.CommonHooks:onAttackEntityAsMob:146]: [CNPC-Gecko] onAttackEntityAsMob ENTER
[21:02:29] [Server thread/INFO] [STDOUT]: [com.goodbird.cnpcgeckoaddon.hooklib.cnpchooks.CommonHooks:onAttackEntityAsMob:162]: [CNPC-Gecko] DEBUG modelEntity.attackCount=1, data.getAttackCount()=1
[21:02:29] [Server thread/INFO] [STDOUT]: [com.goodbird.cnpcgeckoaddon.hooklib.cnpchooks.CommonHooks:onAttackEntityAsMob:164]: [CNPC-Gecko] EXIT: frameAttackInProgress=true
[21:02:30] [Server thread/INFO] [STDOUT]: [com.goodbird.cnpcgeckoaddon.hooklib.cnpchooks.CommonHooks:onAttackEntityAsMob:146]: [CNPC-Gecko] onAttackEntityAsMob ENTER
[21:02:30] [Server thread/INFO] [STDOUT]: [com.goodbird.cnpcgeckoaddon.hooklib.cnpchooks.CommonHooks:onAttackEntityAsMob:162]: [CNPC-Gecko] DEBUG modelEntity.attackCount=1, data.getAttackCount()=1
[21:02:30] [Server thread/INFO] [STDOUT]: [com.goodbird.cnpcgeckoaddon.hooklib.cnpchooks.CommonHooks:onAttackEntityAsMob:191]: [CNPC-Gecko] totalWeight=1 attackCount=1
[21:02:30] [Server thread/INFO] [STDOUT]: [com.goodbird.cnpcgeckoaddon.hooklib.cnpchooks.CommonHooks:onAttackEntityAsMob:221]: [CNPC-Gecko] frame=0.8 -> DELAY (return true)
[21:02:30] [Server thread/INFO] [STDOUT]: [com.goodbird.cnpcgeckoaddon.hooklib.cnpchooks.CommonHooks:onUpdate:120]: [CNPC-Gecko] onUpdate delay check: elapsed=0/16 frame=0.8
[21:02:30] [Server thread/INFO] [STDOUT]: [com.goodbird.cnpcgeckoaddon.hooklib.cnpchooks.CommonHooks:onUpdate:120]: [CNPC-Gecko] onUpdate delay check: elapsed=1/16 frame=0.8
[21:02:30] [Server thread/INFO] [STDOUT]: [com.goodbird.cnpcgeckoaddon.hooklib.cnpchooks.CommonHooks:onUpdate:120]: [CNPC-Gecko] onUpdate delay check: elapsed=2/16 frame=0.8
[21:02:30] [Server thread/INFO] [STDOUT]: [com.goodbird.cnpcgeckoaddon.hooklib.cnpchooks.CommonHooks:onUpdate:120]: [CNPC-Gecko] onUpdate delay check: elapsed=3/16 frame=0.8
[21:02:30] [Server thread/INFO] [STDOUT]: [com.goodbird.cnpcgeckoaddon.hooklib.cnpchooks.CommonHooks:onUpdate:120]: [CNPC-Gecko] onUpdate delay check: elapsed=4/16 frame=0.8
[21:02:30] [Server thread/INFO] [STDOUT]: [com.goodbird.cnpcgeckoaddon.hooklib.cnpchooks.CommonHooks:onUpdate:120]: [CNPC-Gecko] onUpdate delay check: elapsed=5/16 frame=0.8
[21:02:30] [Server thread/INFO] [STDOUT]: [com.goodbird.cnpcgeckoaddon.hooklib.cnpchooks.CommonHooks:onUpdate:120]: [CNPC-Gecko] onUpdate delay check: elapsed=6/16 frame=0.8
[21:02:30] [Server thread/INFO] [STDOUT]: [com.goodbird.cnpcgeckoaddon.hooklib.cnpchooks.CommonHooks:onUpdate:120]: [CNPC-Gecko] onUpdate delay check: elapsed=7/16 frame=0.8
[21:02:30] [Server thread/INFO] [STDOUT]: [com.goodbird.cnpcgeckoaddon.hooklib.cnpchooks.CommonHooks:onUpdate:120]: [CNPC-Gecko] onUpdate delay check: elapsed=8/16 frame=0.8
[21:02:30] [Server thread/INFO] [STDOUT]: [com.goodbird.cnpcgeckoaddon.hooklib.cnpchooks.CommonHooks:onUpdate:120]: [CNPC-Gecko] onUpdate delay check: elapsed=9/16 frame=0.8
[21:02:30] [Server thread/INFO] [STDOUT]: [com.goodbird.cnpcgeckoaddon.hooklib.cnpchooks.CommonHooks:onUpdate:120]: [CNPC-Gecko] onUpdate delay check: elapsed=10/16 frame=0.8
[21:02:30] [Server thread/INFO] [STDOUT]: [com.goodbird.cnpcgeckoaddon.hooklib.cnpchooks.CommonHooks:onUpdate:120]: [CNPC-Gecko] onUpdate delay check: elapsed=11/16 frame=0.8
[21:02:30] [Server thread/INFO] [STDOUT]: [com.goodbird.cnpcgeckoaddon.hooklib.cnpchooks.CommonHooks:onUpdate:120]: [CNPC-Gecko] onUpdate delay check: elapsed=12/16 frame=0.8
[21:02:30] [Server thread/INFO] [STDOUT]: [com.goodbird.cnpcgeckoaddon.hooklib.cnpchooks.CommonHooks:onUpdate:120]: [CNPC-Gecko] onUpdate delay check: elapsed=13/16 frame=0.8
[21:02:30] [Server thread/INFO] [STDOUT]: [com.goodbird.cnpcgeckoaddon.hooklib.cnpchooks.CommonHooks:onUpdate:120]: [CNPC-Gecko] onUpdate delay check: elapsed=14/16 frame=0.8
[21:02:30] [Server thread/INFO] [STDOUT]: [com.goodbird.cnpcgeckoaddon.hooklib.cnpchooks.CommonHooks:onUpdate:120]: [CNPC-Gecko] onUpdate delay check: elapsed=15/16 frame=0.8
[21:02:30] [Server thread/INFO] [STDOUT]: [com.goodbird.cnpcgeckoaddon.hooklib.cnpchooks.CommonHooks:onUpdate:120]: [CNPC-Gecko] onUpdate delay check: elapsed=16/16 frame=0.8
[21:02:30] [Server thread/INFO] [STDOUT]: [com.goodbird.cnpcgeckoaddon.hooklib.cnpchooks.CommonHooks:onUpdate:122]: [CNPC-Gecko] onUpdate DELAY HIT - applying damage
[21:02:30] [Server thread/INFO] [STDOUT]: [com.goodbird.cnpcgeckoaddon.hooklib.cnpchooks.CommonHooks:onAttackEntityAsMob:146]: [CNPC-Gecko] onAttackEntityAsMob ENTER
[21:02:30] [Server thread/INFO] [STDOUT]: [com.goodbird.cnpcgeckoaddon.hooklib.cnpchooks.CommonHooks:onAttackEntityAsMob:162]: [CNPC-Gecko] DEBUG modelEntity.attackCount=1, data.getAttackCount()=1
[21:02:30] [Server thread/INFO] [STDOUT]: [com.goodbird.cnpcgeckoaddon.hooklib.cnpchooks.CommonHooks:onAttackEntityAsMob:164]: [CNPC-Gecko] EXIT: frameAttackInProgress=true
[21:02:31] [Server thread/INFO] [STDOUT]: [com.goodbird.cnpcgeckoaddon.hooklib.cnpchooks.CommonHooks:onAttackEntityAsMob:146]: [CNPC-Gecko] onAttackEntityAsMob ENTER
[21:02:31] [Server thread/INFO] [STDOUT]: [com.goodbird.cnpcgeckoaddon.hooklib.cnpchooks.CommonHooks:onAttackEntityAsMob:162]: [CNPC-Gecko] DEBUG modelEntity.attackCount=1, data.getAttackCount()=1
[21:02:31] [Server thread/INFO] [STDOUT]: [com.goodbird.cnpcgeckoaddon.hooklib.cnpchooks.CommonHooks:onAttackEntityAsMob:191]: [CNPC-Gecko] totalWeight=1 attackCount=1
[21:02:31] [Server thread/INFO] [STDOUT]: [com.goodbird.cnpcgeckoaddon.hooklib.cnpchooks.CommonHooks:onAttackEntityAsMob:221]: [CNPC-Gecko] frame=0.8 -> DELAY (return true)
[21:02:31] [Server thread/INFO] [STDOUT]: [com.goodbird.cnpcgeckoaddon.hooklib.cnpchooks.CommonHooks:onUpdate:120]: [CNPC-Gecko] onUpdate delay check: elapsed=0/16 frame=0.8
[21:02:31] [Server thread/INFO] [STDOUT]: [com.goodbird.cnpcgeckoaddon.hooklib.cnpchooks.CommonHooks:onUpdate:120]: [CNPC-Gecko] onUpdate delay check: elapsed=1/16 frame=0.8
[21:02:31] [Server thread/INFO] [STDOUT]: [com.goodbird.cnpcgeckoaddon.hooklib.cnpchooks.CommonHooks:onUpdate:120]: [CNPC-Gecko] onUpdate delay check: elapsed=2/16 frame=0.8
[21:02:31] [Server thread/INFO] [STDOUT]: [com.goodbird.cnpcgeckoaddon.hooklib.cnpchooks.CommonHooks:onUpdate:120]: [CNPC-Gecko] onUpdate delay check: elapsed=3/16 frame=0.8
[21:02:31] [Server thread/INFO] [STDOUT]: [com.goodbird.cnpcgeckoaddon.hooklib.cnpchooks.CommonHooks:onUpdate:120]: [CNPC-Gecko] onUpdate delay check: elapsed=4/16 frame=0.8
[21:02:31] [Server thread/INFO] [STDOUT]: [com.goodbird.cnpcgeckoaddon.hooklib.cnpchooks.CommonHooks:onUpdate:120]: [CNPC-Gecko] onUpdate delay check: elapsed=5/16 frame=0.8
[21:02:31] [Server thread/INFO] [STDOUT]: [com.goodbird.cnpcgeckoaddon.hooklib.cnpchooks.CommonHooks:onUpdate:120]: [CNPC-Gecko] onUpdate delay check: elapsed=6/16 frame=0.8
[21:02:31] [Server thread/INFO] [STDOUT]: [com.goodbird.cnpcgeckoaddon.hooklib.cnpchooks.CommonHooks:onUpdate:120]: [CNPC-Gecko] onUpdate delay check: elapsed=7/16 frame=0.8
[21:02:31] [Server thread/INFO] [STDOUT]: [com.goodbird.cnpcgeckoaddon.hooklib.cnpchooks.CommonHooks:onUpdate:120]: [CNPC-Gecko] onUpdate delay check: elapsed=8/16 frame=0.8
[21:02:31] [Server thread/INFO] [STDOUT]: [com.goodbird.cnpcgeckoaddon.hooklib.cnpchooks.CommonHooks:onUpdate:120]: [CNPC-Gecko] onUpdate delay check: elapsed=9/16 frame=0.8
[21:02:31] [Server thread/INFO] [STDOUT]: [com.goodbird.cnpcgeckoaddon.hooklib.cnpchooks.CommonHooks:onUpdate:120]: [CNPC-Gecko] onUpdate delay check: elapsed=10/16 frame=0.8
[21:02:31] [Server thread/INFO] [STDOUT]: [com.goodbird.cnpcgeckoaddon.hooklib.cnpchooks.CommonHooks:onUpdate:120]: [CNPC-Gecko] onUpdate delay check: elapsed=11/16 frame=0.8
[21:02:31] [Server thread/INFO] [STDOUT]: [com.goodbird.cnpcgeckoaddon.hooklib.cnpchooks.CommonHooks:onUpdate:120]: [CNPC-Gecko] onUpdate delay check: elapsed=12/16 frame=0.8
[21:02:31] [Server thread/INFO] [STDOUT]: [com.goodbird.cnpcgeckoaddon.hooklib.cnpchooks.CommonHooks:onUpdate:120]: [CNPC-Gecko] onUpdate delay check: elapsed=13/16 frame=0.8
[21:02:31] [Server thread/INFO] [STDOUT]: [com.goodbird.cnpcgeckoaddon.hooklib.cnpchooks.CommonHooks:onUpdate:120]: [CNPC-Gecko] onUpdate delay check: elapsed=14/16 frame=0.8
[21:02:31] [Server thread/INFO] [STDOUT]: [com.goodbird.cnpcgeckoaddon.hooklib.cnpchooks.CommonHooks:onUpdate:120]: [CNPC-Gecko] onUpdate delay check: elapsed=15/16 frame=0.8
[21:02:31] [Server thread/INFO] [STDOUT]: [com.goodbird.cnpcgeckoaddon.hooklib.cnpchooks.CommonHooks:onUpdate:120]: [CNPC-Gecko] onUpdate delay check: elapsed=16/16 frame=0.8
[21:02:31] [Server thread/INFO] [STDOUT]: [com.goodbird.cnpcgeckoaddon.hooklib.cnpchooks.CommonHooks:onUpdate:122]: [CNPC-Gecko] onUpdate DELAY HIT - applying damage
[21:02:31] [Server thread/INFO] [STDOUT]: [com.goodbird.cnpcgeckoaddon.hooklib.cnpchooks.CommonHooks:onAttackEntityAsMob:146]: [CNPC-Gecko] onAttackEntityAsMob ENTER
[21:02:31] [Server thread/INFO] [STDOUT]: [com.goodbird.cnpcgeckoaddon.hooklib.cnpchooks.CommonHooks:onAttackEntityAsMob:162]: [CNPC-Gecko] DEBUG modelEntity.attackCount=1, data.getAttackCount()=1
[21:02:31] [Server thread/INFO] [STDOUT]: [com.goodbird.cnpcgeckoaddon.hooklib.cnpchooks.CommonHooks:onAttackEntityAsMob:164]: [CNPC-Gecko] EXIT: frameAttackInProgress=true
[21:02:33] [Server thread/INFO] [STDOUT]: [com.goodbird.cnpcgeckoaddon.hooklib.cnpchooks.CommonHooks:onAttackEntityAsMob:146]: [CNPC-Gecko] onAttackEntityAsMob ENTER
[21:02:33] [Server thread/INFO] [STDOUT]: [com.goodbird.cnpcgeckoaddon.hooklib.cnpchooks.CommonHooks:onAttackEntityAsMob:162]: [CNPC-Gecko] DEBUG modelEntity.attackCount=1, data.getAttackCount()=1
[21:02:33] [Server thread/INFO] [STDOUT]: [com.goodbird.cnpcgeckoaddon.hooklib.cnpchooks.CommonHooks:onAttackEntityAsMob:191]: [CNPC-Gecko] totalWeight=1 attackCount=1
[21:02:33] [Server thread/INFO] [STDOUT]: [com.goodbird.cnpcgeckoaddon.hooklib.cnpchooks.CommonHooks:onAttackEntityAsMob:221]: [CNPC-Gecko] frame=0.8 -> DELAY (return true)
[21:02:33] [Server thread/INFO] [STDOUT]: [com.goodbird.cnpcgeckoaddon.hooklib.cnpchooks.CommonHooks:onUpdate:120]: [CNPC-Gecko] onUpdate delay check: elapsed=0/16 frame=0.8
[21:02:33] [Server thread/INFO] [STDOUT]: [com.goodbird.cnpcgeckoaddon.hooklib.cnpchooks.CommonHooks:onUpdate:120]: [CNPC-Gecko] onUpdate delay check: elapsed=1/16 frame=0.8
[21:02:33] [Server thread/INFO] [STDOUT]: [com.goodbird.cnpcgeckoaddon.hooklib.cnpchooks.CommonHooks:onUpdate:120]: [CNPC-Gecko] onUpdate delay check: elapsed=2/16 frame=0.8
[21:02:33] [Server thread/INFO] [STDOUT]: [com.goodbird.cnpcgeckoaddon.hooklib.cnpchooks.CommonHooks:onUpdate:120]: [CNPC-Gecko] onUpdate delay check: elapsed=3/16 frame=0.8
[21:02:33] [Server thread/INFO] [STDOUT]: [com.goodbird.cnpcgeckoaddon.hooklib.cnpchooks.CommonHooks:onUpdate:120]: [CNPC-Gecko] onUpdate delay check: elapsed=4/16 frame=0.8
[21:02:33] [Server thread/INFO] [STDOUT]: [com.goodbird.cnpcgeckoaddon.hooklib.cnpchooks.CommonHooks:onUpdate:120]: [CNPC-Gecko] onUpdate delay check: elapsed=5/16 frame=0.8
[21:02:33] [Server thread/INFO] [STDOUT]: [com.goodbird.cnpcgeckoaddon.hooklib.cnpchooks.CommonHooks:onUpdate:120]: [CNPC-Gecko] onUpdate delay check: elapsed=6/16 frame=0.8
[21:02:33] [Server thread/INFO] [STDOUT]: [com.goodbird.cnpcgeckoaddon.hooklib.cnpchooks.CommonHooks:onUpdate:120]: [CNPC-Gecko] onUpdate delay check: elapsed=7/16 frame=0.8
[21:02:33] [Server thread/INFO] [STDOUT]: [com.goodbird.cnpcgeckoaddon.hooklib.cnpchooks.CommonHooks:onUpdate:120]: [CNPC-Gecko] onUpdate delay check: elapsed=8/16 frame=0.8
[21:02:33] [Server thread/INFO] [STDOUT]: [com.goodbird.cnpcgeckoaddon.hooklib.cnpchooks.CommonHooks:onUpdate:120]: [CNPC-Gecko] onUpdate delay check: elapsed=9/16 frame=0.8
[21:02:33] [Server thread/INFO] [STDOUT]: [com.goodbird.cnpcgeckoaddon.hooklib.cnpchooks.CommonHooks:onUpdate:120]: [CNPC-Gecko] onUpdate delay check: elapsed=10/16 frame=0.8
[21:02:33] [Server thread/INFO] [STDOUT]: [com.goodbird.cnpcgeckoaddon.hooklib.cnpchooks.CommonHooks:onUpdate:120]: [CNPC-Gecko] onUpdate delay check: elapsed=11/16 frame=0.8
[21:02:33] [Server thread/INFO] [STDOUT]: [com.goodbird.cnpcgeckoaddon.hooklib.cnpchooks.CommonHooks:onUpdate:120]: [CNPC-Gecko] onUpdate delay check: elapsed=12/16 frame=0.8
[21:02:34] [Server thread/INFO] [STDOUT]: [com.goodbird.cnpcgeckoaddon.hooklib.cnpchooks.CommonHooks:onUpdate:120]: [CNPC-Gecko] onUpdate delay check: elapsed=13/16 frame=0.8
[21:02:34] [Server thread/INFO] [STDOUT]: [com.goodbird.cnpcgeckoaddon.hooklib.cnpchooks.CommonHooks:onUpdate:120]: [CNPC-Gecko] onUpdate delay check: elapsed=14/16 frame=0.8
[21:02:34] [Server thread/INFO] [STDOUT]: [com.goodbird.cnpcgeckoaddon.hooklib.cnpchooks.CommonHooks:onUpdate:120]: [CNPC-Gecko] onUpdate delay check: elapsed=15/16 frame=0.8
[21:02:34] [Server thread/INFO] [STDOUT]: [com.goodbird.cnpcgeckoaddon.hooklib.cnpchooks.CommonHooks:onUpdate:120]: [CNPC-Gecko] onUpdate delay check: elapsed=16/16 frame=0.8
[21:02:34] [Server thread/INFO] [STDOUT]: [com.goodbird.cnpcgeckoaddon.hooklib.cnpchooks.CommonHooks:onUpdate:122]: [CNPC-Gecko] onUpdate DELAY HIT - applying damage
[21:02:34] [Server thread/INFO] [STDOUT]: [com.goodbird.cnpcgeckoaddon.hooklib.cnpchooks.CommonHooks:onAttackEntityAsMob:146]: [CNPC-Gecko] onAttackEntityAsMob ENTER
[21:02:34] [Server thread/INFO] [STDOUT]: [com.goodbird.cnpcgeckoaddon.hooklib.cnpchooks.CommonHooks:onAttackEntityAsMob:162]: [CNPC-Gecko] DEBUG modelEntity.attackCount=1, data.getAttackCount()=1
[21:02:34] [Server thread/INFO] [STDOUT]: [com.goodbird.cnpcgeckoaddon.hooklib.cnpchooks.CommonHooks:onAttackEntityAsMob:164]: [CNPC-Gecko] EXIT: frameAttackInProgress=true
[21:02:34] [Server thread/INFO] [STDOUT]: [com.goodbird.cnpcgeckoaddon.hooklib.cnpchooks.CommonHooks:onAttackEntityAsMob:146]: [CNPC-Gecko] onAttackEntityAsMob ENTER
[21:02:34] [Server thread/INFO] [STDOUT]: [com.goodbird.cnpcgeckoaddon.hooklib.cnpchooks.CommonHooks:onAttackEntityAsMob:162]: [CNPC-Gecko] DEBUG modelEntity.attackCount=1, data.getAttackCount()=1
[21:02:34] [Server thread/INFO] [STDOUT]: [com.goodbird.cnpcgeckoaddon.hooklib.cnpchooks.CommonHooks:onAttackEntityAsMob:191]: [CNPC-Gecko] totalWeight=1 attackCount=1
[21:02:34] [Server thread/INFO] [STDOUT]: [com.goodbird.cnpcgeckoaddon.hooklib.cnpchooks.CommonHooks:onAttackEntityAsMob:221]: [CNPC-Gecko] frame=0.8 -> DELAY (return true)
[21:02:34] [Server thread/INFO] [STDOUT]: [com.goodbird.cnpcgeckoaddon.hooklib.cnpchooks.CommonHooks:onUpdate:120]: [CNPC-Gecko] onUpdate delay check: elapsed=0/16 frame=0.8
[21:02:34] [Server thread/INFO] [STDOUT]: [com.goodbird.cnpcgeckoaddon.hooklib.cnpchooks.CommonHooks:onUpdate:120]: [CNPC-Gecko] onUpdate delay check: elapsed=1/16 frame=0.8
[21:02:34] [Server thread/INFO] [STDOUT]: [com.goodbird.cnpcgeckoaddon.hooklib.cnpchooks.CommonHooks:onUpdate:120]: [CNPC-Gecko] onUpdate delay check: elapsed=2/16 frame=0.8
[21:02:34] [Server thread/INFO] [STDOUT]: [com.goodbird.cnpcgeckoaddon.hooklib.cnpchooks.CommonHooks:onUpdate:120]: [CNPC-Gecko] onUpdate delay check: elapsed=3/16 frame=0.8
[21:02:34] [Server thread/INFO] [STDOUT]: [com.goodbird.cnpcgeckoaddon.hooklib.cnpchooks.CommonHooks:onUpdate:120]: [CNPC-Gecko] onUpdate delay check: elapsed=4/16 frame=0.8
[21:02:34] [Server thread/INFO] [STDOUT]: [com.goodbird.cnpcgeckoaddon.hooklib.cnpchooks.CommonHooks:onUpdate:120]: [CNPC-Gecko] onUpdate delay check: elapsed=5/16 frame=0.8
[21:02:34] [Server thread/INFO] [STDOUT]: [com.goodbird.cnpcgeckoaddon.hooklib.cnpchooks.CommonHooks:onUpdate:120]: [CNPC-Gecko] onUpdate delay check: elapsed=6/16 frame=0.8
[21:02:34] [Server thread/INFO] [STDOUT]: [com.goodbird.cnpcgeckoaddon.hooklib.cnpchooks.CommonHooks:onUpdate:120]: [CNPC-Gecko] onUpdate delay check: elapsed=7/16 frame=0.8
[21:02:34] [Server thread/INFO] [STDOUT]: [com.goodbird.cnpcgeckoaddon.hooklib.cnpchooks.CommonHooks:onUpdate:120]: [CNPC-Gecko] onUpdate delay check: elapsed=8/16 frame=0.8
[21:02:34] [Server thread/INFO] [STDOUT]: [com.goodbird.cnpcgeckoaddon.hooklib.cnpchooks.CommonHooks:onUpdate:120]: [CNPC-Gecko] onUpdate delay check: elapsed=9/16 frame=0.8
[21:02:34] [Server thread/INFO] [STDOUT]: [com.goodbird.cnpcgeckoaddon.hooklib.cnpchooks.CommonHooks:onUpdate:120]: [CNPC-Gecko] onUpdate delay check: elapsed=10/16 frame=0.8
[21:02:34] [Server thread/INFO] [STDOUT]: [com.goodbird.cnpcgeckoaddon.hooklib.cnpchooks.CommonHooks:onUpdate:120]: [CNPC-Gecko] onUpdate delay check: elapsed=11/16 frame=0.8
[21:02:34] [Server thread/INFO] [STDOUT]: [com.goodbird.cnpcgeckoaddon.hooklib.cnpchooks.CommonHooks:onUpdate:120]: [CNPC-Gecko] onUpdate delay check: elapsed=12/16 frame=0.8
[21:02:35] [Server thread/INFO] [STDOUT]: [com.goodbird.cnpcgeckoaddon.hooklib.cnpchooks.CommonHooks:onUpdate:120]: [CNPC-Gecko] onUpdate delay check: elapsed=13/16 frame=0.8
[21:02:35] [Server thread/INFO] [STDOUT]: [com.goodbird.cnpcgeckoaddon.hooklib.cnpchooks.CommonHooks:onUpdate:120]: [CNPC-Gecko] onUpdate delay check: elapsed=14/16 frame=0.8
[21:02:35] [Server thread/INFO] [STDOUT]: [com.goodbird.cnpcgeckoaddon.hooklib.cnpchooks.CommonHooks:onUpdate:120]: [CNPC-Gecko] onUpdate delay check: elapsed=15/16 frame=0.8
[21:02:35] [Server thread/INFO] [STDOUT]: [com.goodbird.cnpcgeckoaddon.hooklib.cnpchooks.CommonHooks:onUpdate:120]: [CNPC-Gecko] onUpdate delay check: elapsed=16/16 frame=0.8
[21:02:35] [Server thread/INFO] [STDOUT]: [com.goodbird.cnpcgeckoaddon.hooklib.cnpchooks.CommonHooks:onUpdate:122]: [CNPC-Gecko] onUpdate DELAY HIT - applying damage
[21:02:35] [Server thread/INFO] [STDOUT]: [com.goodbird.cnpcgeckoaddon.hooklib.cnpchooks.CommonHooks:onAttackEntityAsMob:146]: [CNPC-Gecko] onAttackEntityAsMob ENTER
[21:02:35] [Server thread/INFO] [STDOUT]: [com.goodbird.cnpcgeckoaddon.hooklib.cnpchooks.CommonHooks:onAttackEntityAsMob:162]: [CNPC-Gecko] DEBUG modelEntity.attackCount=1, data.getAttackCount()=1
[21:02:35] [Server thread/INFO] [STDOUT]: [com.goodbird.cnpcgeckoaddon.hooklib.cnpchooks.CommonHooks:onAttackEntityAsMob:164]: [CNPC-Gecko] EXIT: frameAttackInProgress=true
[21:02:35] [Server thread/INFO] [STDOUT]: [com.goodbird.cnpcgeckoaddon.hooklib.cnpchooks.CommonHooks:onAttackEntityAsMob:146]: [CNPC-Gecko] onAttackEntityAsMob ENTER
[21:02:35] [Server thread/INFO] [STDOUT]: [com.goodbird.cnpcgeckoaddon.hooklib.cnpchooks.CommonHooks:onAttackEntityAsMob:162]: [CNPC-Gecko] DEBUG modelEntity.attackCount=1, data.getAttackCount()=1
[21:02:35] [Server thread/INFO] [STDOUT]: [com.goodbird.cnpcgeckoaddon.hooklib.cnpchooks.CommonHooks:onAttackEntityAsMob:191]: [CNPC-Gecko] totalWeight=1 attackCount=1
[21:02:35] [Server thread/INFO] [STDOUT]: [com.goodbird.cnpcgeckoaddon.hooklib.cnpchooks.CommonHooks:onAttackEntityAsMob:221]: [CNPC-Gecko] frame=0.8 -> DELAY (return true)
[21:02:35] [Server thread/INFO] [STDOUT]: [com.goodbird.cnpcgeckoaddon.hooklib.cnpchooks.CommonHooks:onUpdate:120]: [CNPC-Gecko] onUpdate delay check: elapsed=0/16 frame=0.8
[21:02:36] [Server thread/INFO] [STDOUT]: [com.goodbird.cnpcgeckoaddon.hooklib.cnpchooks.CommonHooks:onUpdate:120]: [CNPC-Gecko] onUpdate delay check: elapsed=1/16 frame=0.8
[21:02:36] [Server thread/INFO] [STDOUT]: [com.goodbird.cnpcgeckoaddon.hooklib.cnpchooks.CommonHooks:onUpdate:120]: [CNPC-Gecko] onUpdate delay check: elapsed=2/16 frame=0.8
[21:02:36] [Server thread/INFO] [STDOUT]: [com.goodbird.cnpcgeckoaddon.hooklib.cnpchooks.CommonHooks:onUpdate:120]: [CNPC-Gecko] onUpdate delay check: elapsed=3/16 frame=0.8
[21:02:36] [Server thread/INFO] [STDOUT]: [com.goodbird.cnpcgeckoaddon.hooklib.cnpchooks.CommonHooks:onUpdate:120]: [CNPC-Gecko] onUpdate delay check: elapsed=4/16 frame=0.8
[21:02:36] [Server thread/INFO] [STDOUT]: [com.goodbird.cnpcgeckoaddon.hooklib.cnpchooks.CommonHooks:onUpdate:120]: [CNPC-Gecko] onUpdate delay check: elapsed=5/16 frame=0.8
[21:02:36] [Server thread/INFO] [STDOUT]: [com.goodbird.cnpcgeckoaddon.hooklib.cnpchooks.CommonHooks:onUpdate:120]: [CNPC-Gecko] onUpdate delay check: elapsed=6/16 frame=0.8
[21:02:36] [Server thread/INFO] [STDOUT]: [com.goodbird.cnpcgeckoaddon.hooklib.cnpchooks.CommonHooks:onUpdate:120]: [CNPC-Gecko] onUpdate delay check: elapsed=7/16 frame=0.8
[21:02:36] [Server thread/INFO] [STDOUT]: [com.goodbird.cnpcgeckoaddon.hooklib.cnpchooks.CommonHooks:onUpdate:120]: [CNPC-Gecko] onUpdate delay check: elapsed=8/16 frame=0.8
[21:02:36] [Server thread/INFO] [STDOUT]: [com.goodbird.cnpcgeckoaddon.hooklib.cnpchooks.CommonHooks:onUpdate:120]: [CNPC-Gecko] onUpdate delay check: elapsed=9/16 frame=0.8
[21:02:36] [Server thread/INFO] [STDOUT]: [com.goodbird.cnpcgeckoaddon.hooklib.cnpchooks.CommonHooks:onUpdate:120]: [CNPC-Gecko] onUpdate delay check: elapsed=10/16 frame=0.8
[21:02:36] [Server thread/INFO] [STDOUT]: [com.goodbird.cnpcgeckoaddon.hooklib.cnpchooks.CommonHooks:onUpdate:120]: [CNPC-Gecko] onUpdate delay check: elapsed=11/16 frame=0.8
[21:02:36] [Server thread/INFO] [STDOUT]: [com.goodbird.cnpcgeckoaddon.hooklib.cnpchooks.CommonHooks:onUpdate:120]: [CNPC-Gecko] onUpdate delay check: elapsed=12/16 frame=0.8
[21:02:36] [Server thread/INFO] [STDOUT]: [com.goodbird.cnpcgeckoaddon.hooklib.cnpchooks.CommonHooks:onUpdate:120]: [CNPC-Gecko] onUpdate delay check: elapsed=13/16 frame=0.8
[21:02:36] [Server thread/INFO] [STDOUT]: [com.goodbird.cnpcgeckoaddon.hooklib.cnpchooks.CommonHooks:onUpdate:120]: [CNPC-Gecko] onUpdate delay check: elapsed=14/16 frame=0.8
[21:02:36] [Server thread/INFO] [STDOUT]: [com.goodbird.cnpcgeckoaddon.hooklib.cnpchooks.CommonHooks:onUpdate:120]: [CNPC-Gecko] onUpdate delay check: elapsed=15/16 frame=0.8
[21:02:36] [Server thread/INFO] [STDOUT]: [com.goodbird.cnpcgeckoaddon.hooklib.cnpchooks.CommonHooks:onUpdate:120]: [CNPC-Gecko] onUpdate delay check: elapsed=16/16 frame=0.8
[21:02:36] [Server thread/INFO] [STDOUT]: [com.goodbird.cnpcgeckoaddon.hooklib.cnpchooks.CommonHooks:onUpdate:122]: [CNPC-Gecko] onUpdate DELAY HIT - applying damage
[21:02:36] [Server thread/INFO] [STDOUT]: [com.goodbird.cnpcgeckoaddon.hooklib.cnpchooks.CommonHooks:onAttackEntityAsMob:146]: [CNPC-Gecko] onAttackEntityAsMob ENTER
[21:02:36] [Server thread/INFO] [STDOUT]: [com.goodbird.cnpcgeckoaddon.hooklib.cnpchooks.CommonHooks:onAttackEntityAsMob:162]: [CNPC-Gecko] DEBUG modelEntity.attackCount=1, data.getAttackCount()=1
[21:02:36] [Server thread/INFO] [STDOUT]: [com.goodbird.cnpcgeckoaddon.hooklib.cnpchooks.CommonHooks:onAttackEntityAsMob:164]: [CNPC-Gecko] EXIT: frameAttackInProgress=true
[21:02:37] [Client thread/INFO] [STDOUT]: [com.goodbird.cnpcgeckoaddon.hooklib.cnpchooks.CommonHooks:readToNBT:49]: [CNPC-Gecko] readToNBT sync: modelEntity.attackCount=1, data.getAttackCount()=1
[21:02:37] [Server thread/INFO] [STDOUT]: [com.goodbird.cnpcgeckoaddon.hooklib.cnpchooks.CommonHooks:readToNBT:49]: [CNPC-Gecko] readToNBT sync: modelEntity.attackCount=1, data.getAttackCount()=1
[21:02:38] [Client thread/INFO] [STDOUT]: [com.goodbird.cnpcgeckoaddon.hooklib.cnpchooks.CommonHooks:readToNBT:49]: [CNPC-Gecko] readToNBT sync: modelEntity.attackCount=1, data.getAttackCount()=1
[21:02:42] [Server thread/INFO] [STDOUT]: [com.goodbird.cnpcgeckoaddon.hooklib.cnpchooks.CommonHooks:onAttackEntityAsMob:146]: [CNPC-Gecko] onAttackEntityAsMob ENTER
[21:02:42] [Server thread/INFO] [STDOUT]: [com.goodbird.cnpcgeckoaddon.hooklib.cnpchooks.CommonHooks:onAttackEntityAsMob:162]: [CNPC-Gecko] DEBUG modelEntity.attackCount=1, data.getAttackCount()=1
[21:02:42] [Server thread/INFO] [STDOUT]: [com.goodbird.cnpcgeckoaddon.hooklib.cnpchooks.CommonHooks:onAttackEntityAsMob:191]: [CNPC-Gecko] totalWeight=1 attackCount=1
[21:02:42] [Server thread/INFO] [STDOUT]: [com.goodbird.cnpcgeckoaddon.hooklib.cnpchooks.CommonHooks:onAttackEntityAsMob:221]: [CNPC-Gecko] frame=0.8 -> DELAY (return true)
[21:02:42] [Server thread/INFO] [STDOUT]: [com.goodbird.cnpcgeckoaddon.hooklib.cnpchooks.CommonHooks:onUpdate:120]: [CNPC-Gecko] onUpdate delay check: elapsed=0/16 frame=0.8
[21:02:42] [Server thread/INFO] [STDOUT]: [com.goodbird.cnpcgeckoaddon.hooklib.cnpchooks.CommonHooks:onUpdate:120]: [CNPC-Gecko] onUpdate delay check: elapsed=1/16 frame=0.8
[21:02:42] [Server thread/INFO] [STDOUT]: [com.goodbird.cnpcgeckoaddon.hooklib.cnpchooks.CommonHooks:onUpdate:120]: [CNPC-Gecko] onUpdate delay check: elapsed=2/16 frame=0.8
[21:02:42] [Server thread/INFO] [STDOUT]: [com.goodbird.cnpcgeckoaddon.hooklib.cnpchooks.CommonHooks:onUpdate:120]: [CNPC-Gecko] onUpdate delay check: elapsed=3/16 frame=0.8
[21:02:42] [Server thread/INFO] [STDOUT]: [com.goodbird.cnpcgeckoaddon.hooklib.cnpchooks.CommonHooks:onUpdate:120]: [CNPC-Gecko] onUpdate delay check: elapsed=4/16 frame=0.8
[21:02:42] [Server thread/INFO] [STDOUT]: [com.goodbird.cnpcgeckoaddon.hooklib.cnpchooks.CommonHooks:onUpdate:120]: [CNPC-Gecko] onUpdate delay check: elapsed=5/16 frame=0.8
[21:02:42] [Server thread/INFO] [STDOUT]: [com.goodbird.cnpcgeckoaddon.hooklib.cnpchooks.CommonHooks:onAttackEntityAsMob:146]: [CNPC-Gecko] onAttackEntityAsMob ENTER
[21:02:42] [Server thread/INFO] [STDOUT]: [com.goodbird.cnpcgeckoaddon.hooklib.cnpchooks.CommonHooks:onAttackEntityAsMob:162]: [CNPC-Gecko] DEBUG modelEntity.attackCount=1, data.getAttackCount()=1
[21:02:42] [Server thread/INFO] [STDOUT]: [com.goodbird.cnpcgeckoaddon.hooklib.cnpchooks.CommonHooks:onAttackEntityAsMob:168]: [CNPC-Gecko] EXIT: delayedAttackPending=true
[21:02:42] [Server thread/INFO] [STDOUT]: [com.goodbird.cnpcgeckoaddon.hooklib.cnpchooks.CommonHooks:onUpdate:120]: [CNPC-Gecko] onUpdate delay check: elapsed=6/16 frame=0.8
[21:02:42] [Client thread/INFO] [STDOUT]: [com.goodbird.cnpcgeckoaddon.hooklib.cnpchooks.CommonHooks:readToNBT:49]: [CNPC-Gecko] readToNBT sync: modelEntity.attackCount=1, data.getAttackCount()=1
[21:02:42] [Server thread/INFO] [STDOUT]: [com.goodbird.cnpcgeckoaddon.hooklib.cnpchooks.CommonHooks:onUpdate:120]: [CNPC-Gecko] onUpdate delay check: elapsed=7/16 frame=0.8
[21:02:42] [Server thread/INFO] [STDOUT]: [com.goodbird.cnpcgeckoaddon.hooklib.cnpchooks.CommonHooks:onUpdate:120]: [CNPC-Gecko] onUpdate delay check: elapsed=8/16 frame=0.8
[21:02:42] [Server thread/INFO] [STDOUT]: [com.goodbird.cnpcgeckoaddon.hooklib.cnpchooks.CommonHooks:onUpdate:120]: [CNPC-Gecko] onUpdate delay check: elapsed=9/16 frame=0.8
[21:02:42] [Server thread/INFO] [STDOUT]: [com.goodbird.cnpcgeckoaddon.hooklib.cnpchooks.CommonHooks:onUpdate:120]: [CNPC-Gecko] onUpdate delay check: elapsed=10/16 frame=0.8
[21:02:42] [Server thread/INFO] [STDOUT]: [com.goodbird.cnpcgeckoaddon.hooklib.cnpchooks.CommonHooks:onUpdate:120]: [CNPC-Gecko] onUpdate delay check: elapsed=11/16 frame=0.8
[21:02:42] [Server thread/INFO] [STDOUT]: [com.goodbird.cnpcgeckoaddon.hooklib.cnpchooks.CommonHooks:onUpdate:120]: [CNPC-Gecko] onUpdate delay check: elapsed=12/16 frame=0.8
[21:02:42] [Server thread/INFO] [STDOUT]: [com.goodbird.cnpcgeckoaddon.hooklib.cnpchooks.CommonHooks:onUpdate:120]: [CNPC-Gecko] onUpdate delay check: elapsed=13/16 frame=0.8
[21:02:43] [Server thread/INFO] [STDOUT]: [com.goodbird.cnpcgeckoaddon.hooklib.cnpchooks.CommonHooks:onUpdate:120]: [CNPC-Gecko] onUpdate delay check: elapsed=14/16 frame=0.8
[21:02:43] [Server thread/INFO] [STDOUT]: [com.goodbird.cnpcgeckoaddon.hooklib.cnpchooks.CommonHooks:onUpdate:120]: [CNPC-Gecko] onUpdate delay check: elapsed=15/16 frame=0.8
[21:02:43] [Server thread/INFO] [STDOUT]: [com.goodbird.cnpcgeckoaddon.hooklib.cnpchooks.CommonHooks:onUpdate:120]: [CNPC-Gecko] onUpdate delay check: elapsed=16/16 frame=0.8
[21:02:43] [Server thread/INFO] [STDOUT]: [com.goodbird.cnpcgeckoaddon.hooklib.cnpchooks.CommonHooks:onUpdate:122]: [CNPC-Gecko] onUpdate DELAY HIT - applying damage
[21:02:43] [Server thread/INFO] [STDOUT]: [com.goodbird.cnpcgeckoaddon.hooklib.cnpchooks.CommonHooks:onAttackEntityAsMob:146]: [CNPC-Gecko] onAttackEntityAsMob ENTER
[21:02:43] [Server thread/INFO] [STDOUT]: [com.goodbird.cnpcgeckoaddon.hooklib.cnpchooks.CommonHooks:onAttackEntityAsMob:162]: [CNPC-Gecko] DEBUG modelEntity.attackCount=1, data.getAttackCount()=1
[21:02:43] [Server thread/INFO] [STDOUT]: [com.goodbird.cnpcgeckoaddon.hooklib.cnpchooks.CommonHooks:onAttackEntityAsMob:164]: [CNPC-Gecko] EXIT: frameAttackInProgress=true
[21:02:45] [Server thread/INFO] [STDOUT]: [com.goodbird.cnpcgeckoaddon.hooklib.cnpchooks.CommonHooks:onAttackEntityAsMob:146]: [CNPC-Gecko] onAttackEntityAsMob ENTER
[21:02:45] [Server thread/INFO] [STDOUT]: [com.goodbird.cnpcgeckoaddon.hooklib.cnpchooks.CommonHooks:onAttackEntityAsMob:162]: [CNPC-Gecko] DEBUG modelEntity.attackCount=1, data.getAttackCount()=1
[21:02:45] [Server thread/INFO] [STDOUT]: [com.goodbird.cnpcgeckoaddon.hooklib.cnpchooks.CommonHooks:onAttackEntityAsMob:191]: [CNPC-Gecko] totalWeight=1 attackCount=1
[21:02:45] [Server thread/INFO] [STDOUT]: [com.goodbird.cnpcgeckoaddon.hooklib.cnpchooks.CommonHooks:onAttackEntityAsMob:221]: [CNPC-Gecko] frame=0.8 -> DELAY (return true)
[21:02:45] [Server thread/INFO] [STDOUT]: [com.goodbird.cnpcgeckoaddon.hooklib.cnpchooks.CommonHooks:onUpdate:120]: [CNPC-Gecko] onUpdate delay check: elapsed=0/16 frame=0.8
[21:02:45] [Server thread/INFO] [STDOUT]: [com.goodbird.cnpcgeckoaddon.hooklib.cnpchooks.CommonHooks:onUpdate:120]: [CNPC-Gecko] onUpdate delay check: elapsed=1/16 frame=0.8
[21:02:45] [Server thread/INFO] [STDOUT]: [com.goodbird.cnpcgeckoaddon.hooklib.cnpchooks.CommonHooks:onUpdate:120]: [CNPC-Gecko] onUpdate delay check: elapsed=2/16 frame=0.8
[21:02:45] [Server thread/INFO] [STDOUT]: [com.goodbird.cnpcgeckoaddon.hooklib.cnpchooks.CommonHooks:onUpdate:120]: [CNPC-Gecko] onUpdate delay check: elapsed=3/16 frame=0.8
[21:02:45] [Server thread/INFO] [STDOUT]: [com.goodbird.cnpcgeckoaddon.hooklib.cnpchooks.CommonHooks:onUpdate:120]: [CNPC-Gecko] onUpdate delay check: elapsed=4/16 frame=0.8
[21:02:45] [Server thread/INFO] [STDOUT]: [com.goodbird.cnpcgeckoaddon.hooklib.cnpchooks.CommonHooks:onUpdate:120]: [CNPC-Gecko] onUpdate delay check: elapsed=5/16 frame=0.8
[21:02:45] [Server thread/INFO] [STDOUT]: [com.goodbird.cnpcgeckoaddon.hooklib.cnpchooks.CommonHooks:onUpdate:120]: [CNPC-Gecko] onUpdate delay check: elapsed=6/16 frame=0.8
[21:02:45] [Server thread/INFO] [STDOUT]: [com.goodbird.cnpcgeckoaddon.hooklib.cnpchooks.CommonHooks:onUpdate:120]: [CNPC-Gecko] onUpdate delay check: elapsed=7/16 frame=0.8
[21:02:45] [Server thread/INFO] [STDOUT]: [com.goodbird.cnpcgeckoaddon.hooklib.cnpchooks.CommonHooks:onUpdate:120]: [CNPC-Gecko] onUpdate delay check: elapsed=8/16 frame=0.8
[21:02:45] [Server thread/INFO] [STDOUT]: [com.goodbird.cnpcgeckoaddon.hooklib.cnpchooks.CommonHooks:onUpdate:120]: [CNPC-Gecko] onUpdate delay check: elapsed=9/16 frame=0.8
[21:02:45] [Server thread/INFO] [STDOUT]: [com.goodbird.cnpcgeckoaddon.hooklib.cnpchooks.CommonHooks:onUpdate:120]: [CNPC-Gecko] onUpdate delay check: elapsed=10/16 frame=0.8
[21:02:45] [Server thread/INFO] [STDOUT]: [com.goodbird.cnpcgeckoaddon.hooklib.cnpchooks.CommonHooks:onUpdate:120]: [CNPC-Gecko] onUpdate delay check: elapsed=11/16 frame=0.8
[21:02:45] [Server thread/INFO] [STDOUT]: [com.goodbird.cnpcgeckoaddon.hooklib.cnpchooks.CommonHooks:onUpdate:120]: [CNPC-Gecko] onUpdate delay check: elapsed=12/16 frame=0.8
[21:02:45] [Server thread/INFO] [STDOUT]: [com.goodbird.cnpcgeckoaddon.hooklib.cnpchooks.CommonHooks:onUpdate:120]: [CNPC-Gecko] onUpdate delay check: elapsed=13/16 frame=0.8
[21:02:45] [Server thread/INFO] [STDOUT]: [com.goodbird.cnpcgeckoaddon.hooklib.cnpchooks.CommonHooks:onUpdate:120]: [CNPC-Gecko] onUpdate delay check: elapsed=14/16 frame=0.8
[21:02:45] [Server thread/INFO] [STDOUT]: [com.goodbird.cnpcgeckoaddon.hooklib.cnpchooks.CommonHooks:onUpdate:120]: [CNPC-Gecko] onUpdate delay check: elapsed=15/16 frame=0.8
[21:02:45] [Server thread/INFO] [STDOUT]: [com.goodbird.cnpcgeckoaddon.hooklib.cnpchooks.CommonHooks:onUpdate:120]: [CNPC-Gecko] onUpdate delay check: elapsed=16/16 frame=0.8
[21:02:45] [Server thread/INFO] [STDOUT]: [com.goodbird.cnpcgeckoaddon.hooklib.cnpchooks.CommonHooks:onUpdate:122]: [CNPC-Gecko] onUpdate DELAY HIT - applying damage
[21:02:45] [Server thread/INFO] [STDOUT]: [com.goodbird.cnpcgeckoaddon.hooklib.cnpchooks.CommonHooks:onAttackEntityAsMob:146]: [CNPC-Gecko] onAttackEntityAsMob ENTER
[21:02:45] [Server thread/INFO] [STDOUT]: [com.goodbird.cnpcgeckoaddon.hooklib.cnpchooks.CommonHooks:onAttackEntityAsMob:162]: [CNPC-Gecko] DEBUG modelEntity.attackCount=1, data.getAttackCount()=1
[21:02:45] [Server thread/INFO] [STDOUT]: [com.goodbird.cnpcgeckoaddon.hooklib.cnpchooks.CommonHooks:onAttackEntityAsMob:164]: [CNPC-Gecko] EXIT: frameAttackInProgress=true
[21:02:47] [Server thread/INFO] [STDOUT]: [com.goodbird.cnpcgeckoaddon.hooklib.cnpchooks.CommonHooks:onAttackEntityAsMob:146]: [CNPC-Gecko] onAttackEntityAsMob ENTER
[21:02:47] [Server thread/INFO] [STDOUT]: [com.goodbird.cnpcgeckoaddon.hooklib.cnpchooks.CommonHooks:onAttackEntityAsMob:162]: [CNPC-Gecko] DEBUG modelEntity.attackCount=1, data.getAttackCount()=1
[21:02:47] [Server thread/INFO] [STDOUT]: [com.goodbird.cnpcgeckoaddon.hooklib.cnpchooks.CommonHooks:onAttackEntityAsMob:191]: [CNPC-Gecko] totalWeight=1 attackCount=1
[21:02:47] [Server thread/INFO] [STDOUT]: [com.goodbird.cnpcgeckoaddon.hooklib.cnpchooks.CommonHooks:onAttackEntityAsMob:221]: [CNPC-Gecko] frame=0.8 -> DELAY (return true)
[21:02:47] [Server thread/INFO] [STDOUT]: [com.goodbird.cnpcgeckoaddon.hooklib.cnpchooks.CommonHooks:onUpdate:120]: [CNPC-Gecko] onUpdate delay check: elapsed=0/16 frame=0.8
[21:02:47] [Server thread/INFO] [STDOUT]: [com.goodbird.cnpcgeckoaddon.hooklib.cnpchooks.CommonHooks:onUpdate:120]: [CNPC-Gecko] onUpdate delay check: elapsed=1/16 frame=0.8
[21:02:47] [Server thread/INFO] [STDOUT]: [com.goodbird.cnpcgeckoaddon.hooklib.cnpchooks.CommonHooks:onUpdate:120]: [CNPC-Gecko] onUpdate delay check: elapsed=2/16 frame=0.8
[21:02:47] [Server thread/INFO] [STDOUT]: [com.goodbird.cnpcgeckoaddon.hooklib.cnpchooks.CommonHooks:onUpdate:120]: [CNPC-Gecko] onUpdate delay check: elapsed=3/16 frame=0.8
[21:02:47] [Server thread/INFO] [STDOUT]: [com.goodbird.cnpcgeckoaddon.hooklib.cnpchooks.CommonHooks:onUpdate:120]: [CNPC-Gecko] onUpdate delay check: elapsed=4/16 frame=0.8
[21:02:47] [Server thread/INFO] [STDOUT]: [com.goodbird.cnpcgeckoaddon.hooklib.cnpchooks.CommonHooks:onUpdate:120]: [CNPC-Gecko] onUpdate delay check: elapsed=5/16 frame=0.8
[21:02:47] [Server thread/INFO] [STDOUT]: [com.goodbird.cnpcgeckoaddon.hooklib.cnpchooks.CommonHooks:onUpdate:120]: [CNPC-Gecko] onUpdate delay check: elapsed=6/16 frame=0.8
[21:02:47] [Server thread/INFO] [STDOUT]: [com.goodbird.cnpcgeckoaddon.hooklib.cnpchooks.CommonHooks:onUpdate:120]: [CNPC-Gecko] onUpdate delay check: elapsed=7/16 frame=0.8
[21:02:48] [Client thread/INFO] [STDOUT]: [com.goodbird.cnpcgeckoaddon.hooklib.cnpchooks.CommonHooks:readToNBT:49]: [CNPC-Gecko] readToNBT sync: modelEntity.attackCount=1, data.getAttackCount()=1
[21:02:48] [Server thread/INFO] [STDOUT]: [com.goodbird.cnpcgeckoaddon.hooklib.cnpchooks.CommonHooks:onUpdate:120]: [CNPC-Gecko] onUpdate delay check: elapsed=8/16 frame=0.8
[21:02:48] [Server thread/INFO] [STDOUT]: [com.goodbird.cnpcgeckoaddon.hooklib.cnpchooks.CommonHooks:onUpdate:120]: [CNPC-Gecko] onUpdate delay check: elapsed=9/16 frame=0.8
[21:02:48] [Server thread/INFO] [STDOUT]: [com.goodbird.cnpcgeckoaddon.hooklib.cnpchooks.CommonHooks:onUpdate:120]: [CNPC-Gecko] onUpdate delay check: elapsed=10/16 frame=0.8
[21:02:48] [Server thread/INFO] [STDOUT]: [com.goodbird.cnpcgeckoaddon.hooklib.cnpchooks.CommonHooks:onUpdate:120]: [CNPC-Gecko] onUpdate delay check: elapsed=11/16 frame=0.8
[21:02:48] [Server thread/INFO] [STDOUT]: [com.goodbird.cnpcgeckoaddon.hooklib.cnpchooks.CommonHooks:onUpdate:120]: [CNPC-Gecko] onUpdate delay check: elapsed=12/16 frame=0.8
[21:02:48] [Server thread/INFO] [STDOUT]: [com.goodbird.cnpcgeckoaddon.hooklib.cnpchooks.CommonHooks:onUpdate:120]: [CNPC-Gecko] onUpdate delay check: elapsed=13/16 frame=0.8
[21:02:48] [Server thread/INFO] [STDOUT]: [com.goodbird.cnpcgeckoaddon.hooklib.cnpchooks.CommonHooks:onUpdate:120]: [CNPC-Gecko] onUpdate delay check: elapsed=14/16 frame=0.8
[21:02:48] [Server thread/INFO] [STDOUT]: [com.goodbird.cnpcgeckoaddon.hooklib.cnpchooks.CommonHooks:onUpdate:120]: [CNPC-Gecko] onUpdate delay check: elapsed=15/16 frame=0.8
[21:02:48] [Server thread/INFO] [STDOUT]: [com.goodbird.cnpcgeckoaddon.hooklib.cnpchooks.CommonHooks:onUpdate:120]: [CNPC-Gecko] onUpdate delay check: elapsed=16/16 frame=0.8
[21:02:48] [Server thread/INFO] [STDOUT]: [com.goodbird.cnpcgeckoaddon.hooklib.cnpchooks.CommonHooks:onUpdate:122]: [CNPC-Gecko] onUpdate DELAY HIT - applying damage
[21:02:48] [Server thread/INFO] [STDOUT]: [com.goodbird.cnpcgeckoaddon.hooklib.cnpchooks.CommonHooks:onAttackEntityAsMob:146]: [CNPC-Gecko] onAttackEntityAsMob ENTER
[21:02:48] [Server thread/INFO] [STDOUT]: [com.goodbird.cnpcgeckoaddon.hooklib.cnpchooks.CommonHooks:onAttackEntityAsMob:162]: [CNPC-Gecko] DEBUG modelEntity.attackCount=1, data.getAttackCount()=1
[21:02:48] [Server thread/INFO] [STDOUT]: [com.goodbird.cnpcgeckoaddon.hooklib.cnpchooks.CommonHooks:onAttackEntityAsMob:164]: [CNPC-Gecko] EXIT: frameAttackInProgress=true
[21:03:01] [Server thread/INFO] [STDOUT]: [com.goodbird.cnpcgeckoaddon.hooklib.cnpchooks.CommonHooks:readToNBT:49]: [CNPC-Gecko] readToNBT sync: modelEntity.attackCount=1, data.getAttackCount()=1
[21:03:01] [Client thread/INFO] [STDOUT]: [com.goodbird.cnpcgeckoaddon.hooklib.cnpchooks.CommonHooks:readToNBT:49]: [CNPC-Gecko] readToNBT sync: modelEntity.attackCount=1, data.getAttackCount()=1
[21:03:02] [Server thread/INFO] [STDOUT]: [com.goodbird.cnpcgeckoaddon.hooklib.cnpchooks.CommonHooks:readToNBT:49]: [CNPC-Gecko] readToNBT sync: modelEntity.attackCount=1, data.getAttackCount()=1
[21:03:02] [Client thread/INFO] [STDOUT]: [com.goodbird.cnpcgeckoaddon.hooklib.cnpchooks.CommonHooks:readToNBT:49]: [CNPC-Gecko] readToNBT sync: modelEntity.attackCount=1, data.getAttackCount()=1
[21:03:03] [Server thread/INFO] [STDOUT]: [com.goodbird.cnpcgeckoaddon.hooklib.cnpchooks.CommonHooks:onAttackEntityAsMob:146]: [CNPC-Gecko] onAttackEntityAsMob ENTER
[21:03:03] [Server thread/INFO] [STDOUT]: [com.goodbird.cnpcgeckoaddon.hooklib.cnpchooks.CommonHooks:onAttackEntityAsMob:162]: [CNPC-Gecko] DEBUG modelEntity.attackCount=1, data.getAttackCount()=1
[21:03:03] [Server thread/INFO] [STDOUT]: [com.goodbird.cnpcgeckoaddon.hooklib.cnpchooks.CommonHooks:onAttackEntityAsMob:191]: [CNPC-Gecko] totalWeight=1 attackCount=1
[21:03:03] [Server thread/INFO] [STDOUT]: [com.goodbird.cnpcgeckoaddon.hooklib.cnpchooks.CommonHooks:onAttackEntityAsMob:221]: [CNPC-Gecko] frame=2.0 -> DELAY (return true)
[21:03:03] [Server thread/INFO] [STDOUT]: [com.goodbird.cnpcgeckoaddon.hooklib.cnpchooks.CommonHooks:onUpdate:120]: [CNPC-Gecko] onUpdate delay check: elapsed=0/40 frame=2.0
[21:03:03] [Server thread/INFO] [STDOUT]: [com.goodbird.cnpcgeckoaddon.hooklib.cnpchooks.CommonHooks:onUpdate:120]: [CNPC-Gecko] onUpdate delay check: elapsed=1/40 frame=2.0
[21:03:03] [Server thread/INFO] [STDOUT]: [com.goodbird.cnpcgeckoaddon.hooklib.cnpchooks.CommonHooks:onUpdate:120]: [CNPC-Gecko] onUpdate delay check: elapsed=2/40 frame=2.0
[21:03:03] [Server thread/INFO] [STDOUT]: [com.goodbird.cnpcgeckoaddon.hooklib.cnpchooks.CommonHooks:onUpdate:120]: [CNPC-Gecko] onUpdate delay check: elapsed=3/40 frame=2.0
[21:03:03] [Server thread/INFO] [STDOUT]: [com.goodbird.cnpcgeckoaddon.hooklib.cnpchooks.CommonHooks:onUpdate:120]: [CNPC-Gecko] onUpdate delay check: elapsed=4/40 frame=2.0
[21:03:03] [Server thread/INFO] [STDOUT]: [com.goodbird.cnpcgeckoaddon.hooklib.cnpchooks.CommonHooks:onUpdate:120]: [CNPC-Gecko] onUpdate delay check: elapsed=5/40 frame=2.0
[21:03:03] [Server thread/INFO] [STDOUT]: [com.goodbird.cnpcgeckoaddon.hooklib.cnpchooks.CommonHooks:onUpdate:120]: [CNPC-Gecko] onUpdate delay check: elapsed=6/40 frame=2.0
[21:03:03] [Server thread/INFO] [STDOUT]: [com.goodbird.cnpcgeckoaddon.hooklib.cnpchooks.CommonHooks:onUpdate:120]: [CNPC-Gecko] onUpdate delay check: elapsed=7/40 frame=2.0
[21:03:03] [Server thread/INFO] [STDOUT]: [com.goodbird.cnpcgeckoaddon.hooklib.cnpchooks.CommonHooks:onUpdate:120]: [CNPC-Gecko] onUpdate delay check: elapsed=8/40 frame=2.0
[21:03:03] [Server thread/INFO] [STDOUT]: [com.goodbird.cnpcgeckoaddon.hooklib.cnpchooks.CommonHooks:onUpdate:120]: [CNPC-Gecko] onUpdate delay check: elapsed=9/40 frame=2.0
[21:03:03] [Server thread/INFO] [STDOUT]: [com.goodbird.cnpcgeckoaddon.hooklib.cnpchooks.CommonHooks:onUpdate:120]: [CNPC-Gecko] onUpdate delay check: elapsed=10/40 frame=2.0
[21:03:03] [Server thread/INFO] [STDOUT]: [com.goodbird.cnpcgeckoaddon.hooklib.cnpchooks.CommonHooks:onUpdate:120]: [CNPC-Gecko] onUpdate delay check: elapsed=11/40 frame=2.0
[21:03:03] [Server thread/INFO] [STDOUT]: [com.goodbird.cnpcgeckoaddon.hooklib.cnpchooks.CommonHooks:onUpdate:120]: [CNPC-Gecko] onUpdate delay check: elapsed=12/40 frame=2.0
[21:03:03] [Server thread/INFO] [STDOUT]: [com.goodbird.cnpcgeckoaddon.hooklib.cnpchooks.CommonHooks:onUpdate:120]: [CNPC-Gecko] onUpdate delay check: elapsed=13/40 frame=2.0
[21:03:03] [Server thread/INFO] [STDOUT]: [com.goodbird.cnpcgeckoaddon.hooklib.cnpchooks.CommonHooks:onUpdate:120]: [CNPC-Gecko] onUpdate delay check: elapsed=14/40 frame=2.0
[21:03:03] [Server thread/INFO] [STDOUT]: [com.goodbird.cnpcgeckoaddon.hooklib.cnpchooks.CommonHooks:onUpdate:120]: [CNPC-Gecko] onUpdate delay check: elapsed=15/40 frame=2.0
[21:03:03] [Server thread/INFO] [STDOUT]: [com.goodbird.cnpcgeckoaddon.hooklib.cnpchooks.CommonHooks:onUpdate:120]: [CNPC-Gecko] onUpdate delay check: elapsed=16/40 frame=2.0
[21:03:04] [Server thread/INFO] [STDOUT]: [com.goodbird.cnpcgeckoaddon.hooklib.cnpchooks.CommonHooks:onUpdate:120]: [CNPC-Gecko] onUpdate delay check: elapsed=17/40 frame=2.0
[21:03:04] [Server thread/INFO] [STDOUT]: [com.goodbird.cnpcgeckoaddon.hooklib.cnpchooks.CommonHooks:onUpdate:120]: [CNPC-Gecko] onUpdate delay check: elapsed=18/40 frame=2.0
[21:03:04] [Server thread/INFO] [STDOUT]: [com.goodbird.cnpcgeckoaddon.hooklib.cnpchooks.CommonHooks:onUpdate:120]: [CNPC-Gecko] onUpdate delay check: elapsed=19/40 frame=2.0
[21:03:04] [Server thread/INFO] [STDOUT]: [com.goodbird.cnpcgeckoaddon.hooklib.cnpchooks.CommonHooks:onUpdate:120]: [CNPC-Gecko] onUpdate delay check: elapsed=20/40 frame=2.0
[21:03:04] [Server thread/INFO] [STDOUT]: [com.goodbird.cnpcgeckoaddon.hooklib.cnpchooks.CommonHooks:onUpdate:120]: [CNPC-Gecko] onUpdate delay check: elapsed=21/40 frame=2.0
[21:03:04] [Server thread/INFO] [STDOUT]: [com.goodbird.cnpcgeckoaddon.hooklib.cnpchooks.CommonHooks:onUpdate:120]: [CNPC-Gecko] onUpdate delay check: elapsed=22/40 frame=2.0
[21:03:04] [Server thread/INFO] [STDOUT]: [com.goodbird.cnpcgeckoaddon.hooklib.cnpchooks.CommonHooks:onUpdate:120]: [CNPC-Gecko] onUpdate delay check: elapsed=23/40 frame=2.0
[21:03:04] [Server thread/INFO] [STDOUT]: [com.goodbird.cnpcgeckoaddon.hooklib.cnpchooks.CommonHooks:onUpdate:120]: [CNPC-Gecko] onUpdate delay check: elapsed=24/40 frame=2.0
[21:03:04] [Server thread/INFO] [STDOUT]: [com.goodbird.cnpcgeckoaddon.hooklib.cnpchooks.CommonHooks:onUpdate:120]: [CNPC-Gecko] onUpdate delay check: elapsed=25/40 frame=2.0
[21:03:04] [Server thread/INFO] [STDOUT]: [com.goodbird.cnpcgeckoaddon.hooklib.cnpchooks.CommonHooks:onUpdate:120]: [CNPC-Gecko] onUpdate delay check: elapsed=26/40 frame=2.0
[21:03:04] [Server thread/INFO] [STDOUT]: [com.goodbird.cnpcgeckoaddon.hooklib.cnpchooks.CommonHooks:onUpdate:120]: [CNPC-Gecko] onUpdate delay check: elapsed=27/40 frame=2.0
[21:03:04] [Server thread/INFO] [STDOUT]: [com.goodbird.cnpcgeckoaddon.hooklib.cnpchooks.CommonHooks:onUpdate:120]: [CNPC-Gecko] onUpdate delay check: elapsed=28/40 frame=2.0
[21:03:04] [Server thread/INFO] [STDOUT]: [com.goodbird.cnpcgeckoaddon.hooklib.cnpchooks.CommonHooks:onUpdate:120]: [CNPC-Gecko] onUpdate delay check: elapsed=29/40 frame=2.0
[21:03:04] [Server thread/INFO] [STDOUT]: [com.goodbird.cnpcgeckoaddon.hooklib.cnpchooks.CommonHooks:onUpdate:120]: [CNPC-Gecko] onUpdate delay check: elapsed=30/40 frame=2.0
[21:03:04] [Server thread/INFO] [STDOUT]: [com.goodbird.cnpcgeckoaddon.hooklib.cnpchooks.CommonHooks:onUpdate:120]: [CNPC-Gecko] onUpdate delay check: elapsed=31/40 frame=2.0
[21:03:04] [Server thread/INFO] [STDOUT]: [com.goodbird.cnpcgeckoaddon.hooklib.cnpchooks.CommonHooks:onUpdate:120]: [CNPC-Gecko] onUpdate delay check: elapsed=32/40 frame=2.0
[21:03:04] [Server thread/INFO] [STDOUT]: [com.goodbird.cnpcgeckoaddon.hooklib.cnpchooks.CommonHooks:onUpdate:120]: [CNPC-Gecko] onUpdate delay check: elapsed=33/40 frame=2.0
[21:03:04] [Server thread/INFO] [STDOUT]: [com.goodbird.cnpcgeckoaddon.hooklib.cnpchooks.CommonHooks:onUpdate:120]: [CNPC-Gecko] onUpdate delay check: elapsed=34/40 frame=2.0
[21:03:04] [Server thread/INFO] [STDOUT]: [com.goodbird.cnpcgeckoaddon.hooklib.cnpchooks.CommonHooks:onUpdate:120]: [CNPC-Gecko] onUpdate delay check: elapsed=35/40 frame=2.0
[21:03:04] [Server thread/INFO] [STDOUT]: [com.goodbird.cnpcgeckoaddon.hooklib.cnpchooks.CommonHooks:onUpdate:120]: [CNPC-Gecko] onUpdate delay check: elapsed=36/40 frame=2.0
[21:03:05] [Server thread/INFO] [STDOUT]: [com.goodbird.cnpcgeckoaddon.hooklib.cnpchooks.CommonHooks:onUpdate:120]: [CNPC-Gecko] onUpdate delay check: elapsed=37/40 frame=2.0
[21:03:05] [Server thread/INFO] [STDOUT]: [com.goodbird.cnpcgeckoaddon.hooklib.cnpchooks.CommonHooks:onUpdate:120]: [CNPC-Gecko] onUpdate delay check: elapsed=38/40 frame=2.0
[21:03:05] [Server thread/INFO] [STDOUT]: [com.goodbird.cnpcgeckoaddon.hooklib.cnpchooks.CommonHooks:onUpdate:120]: [CNPC-Gecko] onUpdate delay check: elapsed=39/40 frame=2.0
[21:03:05] [Server thread/INFO] [STDOUT]: [com.goodbird.cnpcgeckoaddon.hooklib.cnpchooks.CommonHooks:onUpdate:120]: [CNPC-Gecko] onUpdate delay check: elapsed=40/40 frame=2.0
[21:03:05] [Server thread/INFO] [STDOUT]: [com.goodbird.cnpcgeckoaddon.hooklib.cnpchooks.CommonHooks:onUpdate:122]: [CNPC-Gecko] onUpdate DELAY HIT - applying damage
[21:03:05] [Server thread/INFO] [STDOUT]: [com.goodbird.cnpcgeckoaddon.hooklib.cnpchooks.CommonHooks:onAttackEntityAsMob:146]: [CNPC-Gecko] onAttackEntityAsMob ENTER
[21:03:05] [Server thread/INFO] [STDOUT]: [com.goodbird.cnpcgeckoaddon.hooklib.cnpchooks.CommonHooks:onAttackEntityAsMob:162]: [CNPC-Gecko] DEBUG modelEntity.attackCount=1, data.getAttackCount()=1
[21:03:05] [Server thread/INFO] [STDOUT]: [com.goodbird.cnpcgeckoaddon.hooklib.cnpchooks.CommonHooks:onAttackEntityAsMob:164]: [CNPC-Gecko] EXIT: frameAttackInProgress=true
[21:03:05] [Server thread/INFO] [STDOUT]: [com.goodbird.cnpcgeckoaddon.hooklib.cnpchooks.CommonHooks:onAttackEntityAsMob:146]: [CNPC-Gecko] onAttackEntityAsMob ENTER
[21:03:05] [Server thread/INFO] [STDOUT]: [com.goodbird.cnpcgeckoaddon.hooklib.cnpchooks.CommonHooks:onAttackEntityAsMob:162]: [CNPC-Gecko] DEBUG modelEntity.attackCount=1, data.getAttackCount()=1
[21:03:05] [Server thread/INFO] [STDOUT]: [com.goodbird.cnpcgeckoaddon.hooklib.cnpchooks.CommonHooks:onAttackEntityAsMob:191]: [CNPC-Gecko] totalWeight=1 attackCount=1
[21:03:05] [Server thread/INFO] [STDOUT]: [com.goodbird.cnpcgeckoaddon.hooklib.cnpchooks.CommonHooks:onAttackEntityAsMob:221]: [CNPC-Gecko] frame=2.0 -> DELAY (return true)
[21:03:05] [Server thread/INFO] [STDOUT]: [com.goodbird.cnpcgeckoaddon.hooklib.cnpchooks.CommonHooks:onUpdate:120]: [CNPC-Gecko] onUpdate delay check: elapsed=0/40 frame=2.0
[21:03:05] [Server thread/INFO] [STDOUT]: [com.goodbird.cnpcgeckoaddon.hooklib.cnpchooks.CommonHooks:onUpdate:120]: [CNPC-Gecko] onUpdate delay check: elapsed=1/40 frame=2.0
[21:03:05] [Server thread/INFO] [STDOUT]: [com.goodbird.cnpcgeckoaddon.hooklib.cnpchooks.CommonHooks:onUpdate:120]: [CNPC-Gecko] onUpdate delay check: elapsed=2/40 frame=2.0
[21:03:05] [Server thread/INFO] [STDOUT]: [com.goodbird.cnpcgeckoaddon.hooklib.cnpchooks.CommonHooks:onUpdate:120]: [CNPC-Gecko] onUpdate delay check: elapsed=3/40 frame=2.0
[21:03:05] [Server thread/INFO] [STDOUT]: [com.goodbird.cnpcgeckoaddon.hooklib.cnpchooks.CommonHooks:onUpdate:120]: [CNPC-Gecko] onUpdate delay check: elapsed=4/40 frame=2.0
[21:03:05] [Server thread/INFO] [STDOUT]: [com.goodbird.cnpcgeckoaddon.hooklib.cnpchooks.CommonHooks:onUpdate:120]: [CNPC-Gecko] onUpdate delay check: elapsed=5/40 frame=2.0
[21:03:05] [Server thread/INFO] [STDOUT]: [com.goodbird.cnpcgeckoaddon.hooklib.cnpchooks.CommonHooks:onUpdate:120]: [CNPC-Gecko] onUpdate delay check: elapsed=6/40 frame=2.0
[21:03:06] [Server thread/INFO] [STDOUT]: [com.goodbird.cnpcgeckoaddon.hooklib.cnpchooks.CommonHooks:onUpdate:120]: [CNPC-Gecko] onUpdate delay check: elapsed=7/40 frame=2.0
[21:03:06] [Server thread/INFO] [STDOUT]: [com.goodbird.cnpcgeckoaddon.hooklib.cnpchooks.CommonHooks:onUpdate:120]: [CNPC-Gecko] onUpdate delay check: elapsed=8/40 frame=2.0
[21:03:06] [Server thread/INFO] [STDOUT]: [com.goodbird.cnpcgeckoaddon.hooklib.cnpchooks.CommonHooks:onUpdate:120]: [CNPC-Gecko] onUpdate delay check: elapsed=9/40 frame=2.0
[21:03:06] [Server thread/INFO] [STDOUT]: [com.goodbird.cnpcgeckoaddon.hooklib.cnpchooks.CommonHooks:onUpdate:120]: [CNPC-Gecko] onUpdate delay check: elapsed=10/40 frame=2.0
[21:03:06] [Server thread/INFO] [STDOUT]: [com.goodbird.cnpcgeckoaddon.hooklib.cnpchooks.CommonHooks:onUpdate:120]: [CNPC-Gecko] onUpdate delay check: elapsed=11/40 frame=2.0
[21:03:06] [Server thread/INFO] [STDOUT]: [com.goodbird.cnpcgeckoaddon.hooklib.cnpchooks.CommonHooks:onUpdate:120]: [CNPC-Gecko] onUpdate delay check: elapsed=12/40 frame=2.0
[21:03:06] [Server thread/INFO] [STDOUT]: [com.goodbird.cnpcgeckoaddon.hooklib.cnpchooks.CommonHooks:onUpdate:120]: [CNPC-Gecko] onUpdate delay check: elapsed=13/40 frame=2.0
[21:03:06] [Server thread/INFO] [STDOUT]: [com.goodbird.cnpcgeckoaddon.hooklib.cnpchooks.CommonHooks:onUpdate:120]: [CNPC-Gecko] onUpdate delay check: elapsed=14/40 frame=2.0
[21:03:06] [Server thread/INFO] [STDOUT]: [com.goodbird.cnpcgeckoaddon.hooklib.cnpchooks.CommonHooks:onUpdate:120]: [CNPC-Gecko] onUpdate delay check: elapsed=15/40 frame=2.0
[21:03:06] [Server thread/INFO] [STDOUT]: [com.goodbird.cnpcgeckoaddon.hooklib.cnpchooks.CommonHooks:onUpdate:120]: [CNPC-Gecko] onUpdate delay check: elapsed=16/40 frame=2.0
[21:03:06] [Server thread/INFO] [STDOUT]: [com.goodbird.cnpcgeckoaddon.hooklib.cnpchooks.CommonHooks:onUpdate:120]: [CNPC-Gecko] onUpdate delay check: elapsed=17/40 frame=2.0
[21:03:06] [Server thread/INFO] [STDOUT]: [com.goodbird.cnpcgeckoaddon.hooklib.cnpchooks.CommonHooks:onUpdate:120]: [CNPC-Gecko] onUpdate delay check: elapsed=18/40 frame=2.0
[21:03:06] [Server thread/INFO] [STDOUT]: [com.goodbird.cnpcgeckoaddon.hooklib.cnpchooks.CommonHooks:onUpdate:120]: [CNPC-Gecko] onUpdate delay check: elapsed=19/40 frame=2.0
[21:03:06] [Server thread/INFO] [STDOUT]: [com.goodbird.cnpcgeckoaddon.hooklib.cnpchooks.CommonHooks:onUpdate:120]: [CNPC-Gecko] onUpdate delay check: elapsed=20/40 frame=2.0
[21:03:06] [Server thread/INFO] [STDOUT]: [com.goodbird.cnpcgeckoaddon.hooklib.cnpchooks.CommonHooks:onUpdate:120]: [CNPC-Gecko] onUpdate delay check: elapsed=21/40 frame=2.0
[21:03:06] [Server thread/INFO] [STDOUT]: [com.goodbird.cnpcgeckoaddon.hooklib.cnpchooks.CommonHooks:onUpdate:120]: [CNPC-Gecko] onUpdate delay check: elapsed=22/40 frame=2.0
[21:03:06] [Server thread/INFO] [STDOUT]: [com.goodbird.cnpcgeckoaddon.hooklib.cnpchooks.CommonHooks:onUpdate:120]: [CNPC-Gecko] onUpdate delay check: elapsed=23/40 frame=2.0
[21:03:06] [Server thread/INFO] [STDOUT]: [com.goodbird.cnpcgeckoaddon.hooklib.cnpchooks.CommonHooks:onUpdate:120]: [CNPC-Gecko] onUpdate delay check: elapsed=24/40 frame=2.0
[21:03:06] [Server thread/INFO] [STDOUT]: [com.goodbird.cnpcgeckoaddon.hooklib.cnpchooks.CommonHooks:onUpdate:120]: [CNPC-Gecko] onUpdate delay check: elapsed=25/40 frame=2.0
[21:03:06] [Server thread/INFO] [STDOUT]: [com.goodbird.cnpcgeckoaddon.hooklib.cnpchooks.CommonHooks:onUpdate:120]: [CNPC-Gecko] onUpdate delay check: elapsed=26/40 frame=2.0
[21:03:07] [Server thread/INFO] [STDOUT]: [com.goodbird.cnpcgeckoaddon.hooklib.cnpchooks.CommonHooks:onUpdate:120]: [CNPC-Gecko] onUpdate delay check: elapsed=27/40 frame=2.0
[21:03:07] [Server thread/INFO] [STDOUT]: [com.goodbird.cnpcgeckoaddon.hooklib.cnpchooks.CommonHooks:onUpdate:120]: [CNPC-Gecko] onUpdate delay check: elapsed=28/40 frame=2.0
[21:03:07] [Server thread/INFO] [STDOUT]: [com.goodbird.cnpcgeckoaddon.hooklib.cnpchooks.CommonHooks:onUpdate:120]: [CNPC-Gecko] onUpdate delay check: elapsed=29/40 frame=2.0
[21:03:07] [Server thread/INFO] [STDOUT]: [com.goodbird.cnpcgeckoaddon.hooklib.cnpchooks.CommonHooks:onUpdate:120]: [CNPC-Gecko] onUpdate delay check: elapsed=30/40 frame=2.0
[21:03:07] [Server thread/INFO] [STDOUT]: [com.goodbird.cnpcgeckoaddon.hooklib.cnpchooks.CommonHooks:onUpdate:120]: [CNPC-Gecko] onUpdate delay check: elapsed=31/40 frame=2.0
[21:03:07] [Server thread/INFO] [STDOUT]: [com.goodbird.cnpcgeckoaddon.hooklib.cnpchooks.CommonHooks:onUpdate:120]: [CNPC-Gecko] onUpdate delay check: elapsed=32/40 frame=2.0
[21:03:07] [Server thread/INFO] [STDOUT]: [com.goodbird.cnpcgeckoaddon.hooklib.cnpchooks.CommonHooks:onUpdate:120]: [CNPC-Gecko] onUpdate delay check: elapsed=33/40 frame=2.0
[21:03:07] [Server thread/INFO] [STDOUT]: [com.goodbird.cnpcgeckoaddon.hooklib.cnpchooks.CommonHooks:onUpdate:120]: [CNPC-Gecko] onUpdate delay check: elapsed=34/40 frame=2.0
[21:03:07] [Server thread/INFO] [STDOUT]: [com.goodbird.cnpcgeckoaddon.hooklib.cnpchooks.CommonHooks:onUpdate:120]: [CNPC-Gecko] onUpdate delay check: elapsed=35/40 frame=2.0
[21:03:07] [Server thread/INFO] [STDOUT]: [com.goodbird.cnpcgeckoaddon.hooklib.cnpchooks.CommonHooks:onUpdate:120]: [CNPC-Gecko] onUpdate delay check: elapsed=36/40 frame=2.0
[21:03:07] [Server thread/INFO] [STDOUT]: [com.goodbird.cnpcgeckoaddon.hooklib.cnpchooks.CommonHooks:onUpdate:120]: [CNPC-Gecko] onUpdate delay check: elapsed=37/40 frame=2.0
[21:03:07] [Server thread/INFO] [STDOUT]: [com.goodbird.cnpcgeckoaddon.hooklib.cnpchooks.CommonHooks:onUpdate:120]: [CNPC-Gecko] onUpdate delay check: elapsed=38/40 frame=2.0
[21:03:07] [Server thread/INFO] [STDOUT]: [com.goodbird.cnpcgeckoaddon.hooklib.cnpchooks.CommonHooks:onUpdate:120]: [CNPC-Gecko] onUpdate delay check: elapsed=39/40 frame=2.0
[21:03:07] [Server thread/INFO] [STDOUT]: [com.goodbird.cnpcgeckoaddon.hooklib.cnpchooks.CommonHooks:onUpdate:120]: [CNPC-Gecko] onUpdate delay check: elapsed=40/40 frame=2.0
[21:03:07] [Server thread/INFO] [STDOUT]: [com.goodbird.cnpcgeckoaddon.hooklib.cnpchooks.CommonHooks:onUpdate:122]: [CNPC-Gecko] onUpdate DELAY HIT - applying damage
[21:03:07] [Server thread/INFO] [STDOUT]: [com.goodbird.cnpcgeckoaddon.hooklib.cnpchooks.CommonHooks:onAttackEntityAsMob:146]: [CNPC-Gecko] onAttackEntityAsMob ENTER
[21:03:07] [Server thread/INFO] [STDOUT]: [com.goodbird.cnpcgeckoaddon.hooklib.cnpchooks.CommonHooks:onAttackEntityAsMob:162]: [CNPC-Gecko] DEBUG modelEntity.attackCount=1, data.getAttackCount()=1
[21:03:07] [Server thread/INFO] [STDOUT]: [com.goodbird.cnpcgeckoaddon.hooklib.cnpchooks.CommonHooks:onAttackEntityAsMob:164]: [CNPC-Gecko] EXIT: frameAttackInProgress=true
[21:03:08] [Server thread/INFO] [STDOUT]: [com.goodbird.cnpcgeckoaddon.hooklib.cnpchooks.CommonHooks:onAttackEntityAsMob:146]: [CNPC-Gecko] onAttackEntityAsMob ENTER
[21:03:08] [Server thread/INFO] [STDOUT]: [com.goodbird.cnpcgeckoaddon.hooklib.cnpchooks.CommonHooks:onAttackEntityAsMob:162]: [CNPC-Gecko] DEBUG modelEntity.attackCount=1, data.getAttackCount()=1
[21:03:08] [Server thread/INFO] [STDOUT]: [com.goodbird.cnpcgeckoaddon.hooklib.cnpchooks.CommonHooks:onAttackEntityAsMob:191]: [CNPC-Gecko] totalWeight=1 attackCount=1
[21:03:08] [Server thread/INFO] [STDOUT]: [com.goodbird.cnpcgeckoaddon.hooklib.cnpchooks.CommonHooks:onAttackEntityAsMob:221]: [CNPC-Gecko] frame=2.0 -> DELAY (return true)
[21:03:08] [Server thread/INFO] [STDOUT]: [com.goodbird.cnpcgeckoaddon.hooklib.cnpchooks.CommonHooks:onUpdate:120]: [CNPC-Gecko] onUpdate delay check: elapsed=0/40 frame=2.0
[21:03:08] [Server thread/INFO] [STDOUT]: [com.goodbird.cnpcgeckoaddon.hooklib.cnpchooks.CommonHooks:onUpdate:120]: [CNPC-Gecko] onUpdate delay check: elapsed=1/40 frame=2.0
[21:03:08] [Server thread/INFO] [STDOUT]: [com.goodbird.cnpcgeckoaddon.hooklib.cnpchooks.CommonHooks:onUpdate:120]: [CNPC-Gecko] onUpdate delay check: elapsed=2/40 frame=2.0
[21:03:08] [Server thread/INFO] [STDOUT]: [com.goodbird.cnpcgeckoaddon.hooklib.cnpchooks.CommonHooks:onUpdate:120]: [CNPC-Gecko] onUpdate delay check: elapsed=3/40 frame=2.0
[21:03:08] [Server thread/INFO] [STDOUT]: [com.goodbird.cnpcgeckoaddon.hooklib.cnpchooks.CommonHooks:onUpdate:120]: [CNPC-Gecko] onUpdate delay check: elapsed=4/40 frame=2.0
[21:03:08] [Server thread/INFO] [STDOUT]: [com.goodbird.cnpcgeckoaddon.hooklib.cnpchooks.CommonHooks:onUpdate:120]: [CNPC-Gecko] onUpdate delay check: elapsed=5/40 frame=2.0
[21:03:08] [Server thread/INFO] [STDOUT]: [com.goodbird.cnpcgeckoaddon.hooklib.cnpchooks.CommonHooks:onUpdate:120]: [CNPC-Gecko] onUpdate delay check: elapsed=6/40 frame=2.0
[21:03:08] [Server thread/INFO] [STDOUT]: [com.goodbird.cnpcgeckoaddon.hooklib.cnpchooks.CommonHooks:onUpdate:120]: [CNPC-Gecko] onUpdate delay check: elapsed=7/40 frame=2.0
[21:03:08] [Server thread/INFO] [STDOUT]: [com.goodbird.cnpcgeckoaddon.hooklib.cnpchooks.CommonHooks:onUpdate:120]: [CNPC-Gecko] onUpdate delay check: elapsed=8/40 frame=2.0
[21:03:08] [Server thread/INFO] [STDOUT]: [com.goodbird.cnpcgeckoaddon.hooklib.cnpchooks.CommonHooks:onUpdate:120]: [CNPC-Gecko] onUpdate delay check: elapsed=9/40 frame=2.0
[21:03:08] [Server thread/INFO] [STDOUT]: [com.goodbird.cnpcgeckoaddon.hooklib.cnpchooks.CommonHooks:onUpdate:120]: [CNPC-Gecko] onUpdate delay check: elapsed=10/40 frame=2.0
[21:03:08] [Server thread/INFO] [STDOUT]: [com.goodbird.cnpcgeckoaddon.hooklib.cnpchooks.CommonHooks:onUpdate:120]: [CNPC-Gecko] onUpdate delay check: elapsed=11/40 frame=2.0
[21:03:08] [Client thread/INFO] [STDOUT]: [com.goodbird.cnpcgeckoaddon.hooklib.cnpchooks.CommonHooks:readToNBT:49]: [CNPC-Gecko] readToNBT sync: modelEntity.attackCount=1, data.getAttackCount()=1
[21:03:08] [Server thread/INFO] [STDOUT]: [com.goodbird.cnpcgeckoaddon.hooklib.cnpchooks.CommonHooks:onUpdate:120]: [CNPC-Gecko] onUpdate delay check: elapsed=12/40 frame=2.0
[21:03:08] [Server thread/INFO] [STDOUT]: [com.goodbird.cnpcgeckoaddon.hooklib.cnpchooks.CommonHooks:onUpdate:120]: [CNPC-Gecko] onUpdate delay check: elapsed=13/40 frame=2.0
[21:03:08] [Server thread/INFO] [STDOUT]: [com.goodbird.cnpcgeckoaddon.hooklib.cnpchooks.CommonHooks:onUpdate:120]: [CNPC-Gecko] onUpdate delay check: elapsed=14/40 frame=2.0
[21:03:08] [Server thread/INFO] [STDOUT]: [com.goodbird.cnpcgeckoaddon.hooklib.cnpchooks.CommonHooks:onUpdate:120]: [CNPC-Gecko] onUpdate delay check: elapsed=15/40 frame=2.0
[21:03:08] [Server thread/INFO] [STDOUT]: [com.goodbird.cnpcgeckoaddon.hooklib.cnpchooks.CommonHooks:onUpdate:120]: [CNPC-Gecko] onUpdate delay check: elapsed=16/40 frame=2.0
[21:03:09] [Server thread/INFO] [STDOUT]: [com.goodbird.cnpcgeckoaddon.hooklib.cnpchooks.CommonHooks:onUpdate:120]: [CNPC-Gecko] onUpdate delay check: elapsed=17/40 frame=2.0
[21:03:09] [Server thread/INFO] [STDOUT]: [com.goodbird.cnpcgeckoaddon.hooklib.cnpchooks.CommonHooks:onUpdate:120]: [CNPC-Gecko] onUpdate delay check: elapsed=18/40 frame=2.0
[21:03:09] [Server thread/INFO] [STDOUT]: [com.goodbird.cnpcgeckoaddon.hooklib.cnpchooks.CommonHooks:onUpdate:120]: [CNPC-Gecko] onUpdate delay check: elapsed=19/40 frame=2.0
[21:03:09] [Server thread/INFO] [STDOUT]: [com.goodbird.cnpcgeckoaddon.hooklib.cnpchooks.CommonHooks:onUpdate:120]: [CNPC-Gecko] onUpdate delay check: elapsed=20/40 frame=2.0
[21:03:09] [Server thread/INFO] [STDOUT]: [com.goodbird.cnpcgeckoaddon.hooklib.cnpchooks.CommonHooks:onUpdate:120]: [CNPC-Gecko] onUpdate delay check: elapsed=21/40 frame=2.0
[21:03:09] [Server thread/INFO] [STDOUT]: [com.goodbird.cnpcgeckoaddon.hooklib.cnpchooks.CommonHooks:onUpdate:120]: [CNPC-Gecko] onUpdate delay check: elapsed=22/40 frame=2.0
[21:03:09] [Server thread/INFO] [STDOUT]: [com.goodbird.cnpcgeckoaddon.hooklib.cnpchooks.CommonHooks:onUpdate:120]: [CNPC-Gecko] onUpdate delay check: elapsed=23/40 frame=2.0
[21:03:09] [Server thread/INFO] [STDOUT]: [com.goodbird.cnpcgeckoaddon.hooklib.cnpchooks.CommonHooks:onUpdate:120]: [CNPC-Gecko] onUpdate delay check: elapsed=24/40 frame=2.0
[21:03:09] [Server thread/INFO] [STDOUT]: [com.goodbird.cnpcgeckoaddon.hooklib.cnpchooks.CommonHooks:onUpdate:120]: [CNPC-Gecko] onUpdate delay check: elapsed=25/40 frame=2.0
[21:03:09] [Server thread/INFO] [STDOUT]: [com.goodbird.cnpcgeckoaddon.hooklib.cnpchooks.CommonHooks:onUpdate:120]: [CNPC-Gecko] onUpdate delay check: elapsed=26/40 frame=2.0
[21:03:09] [Server thread/INFO] [STDOUT]: [com.goodbird.cnpcgeckoaddon.hooklib.cnpchooks.CommonHooks:onUpdate:120]: [CNPC-Gecko] onUpdate delay check: elapsed=27/40 frame=2.0
[21:03:09] [Server thread/INFO] [STDOUT]: [com.goodbird.cnpcgeckoaddon.hooklib.cnpchooks.CommonHooks:readToNBT:49]: [CNPC-Gecko] readToNBT sync: modelEntity.attackCount=1, data.getAttackCount()=1
[21:03:09] [Server thread/INFO] [STDOUT]: [com.goodbird.cnpcgeckoaddon.hooklib.cnpchooks.CommonHooks:onUpdate:120]: [CNPC-Gecko] onUpdate delay check: elapsed=28/40 frame=2.0
[21:03:09] [Server thread/INFO] [STDOUT]: [com.goodbird.cnpcgeckoaddon.hooklib.cnpchooks.CommonHooks:onUpdate:120]: [CNPC-Gecko] onUpdate delay check: elapsed=29/40 frame=2.0
[21:03:09] [Client thread/INFO] [STDOUT]: [com.goodbird.cnpcgeckoaddon.hooklib.cnpchooks.CommonHooks:readToNBT:49]: [CNPC-Gecko] readToNBT sync: modelEntity.attackCount=1, data.getAttackCount()=1
[21:03:09] [Server thread/INFO] [STDOUT]: [com.goodbird.cnpcgeckoaddon.hooklib.cnpchooks.CommonHooks:onUpdate:120]: [CNPC-Gecko] onUpdate delay check: elapsed=30/40 frame=2.0
[21:03:09] [Server thread/INFO] [STDOUT]: [com.goodbird.cnpcgeckoaddon.hooklib.cnpchooks.CommonHooks:onUpdate:120]: [CNPC-Gecko] onUpdate delay check: elapsed=31/40 frame=2.0
[21:03:09] [Server thread/INFO] [STDOUT]: [com.goodbird.cnpcgeckoaddon.hooklib.cnpchooks.CommonHooks:onUpdate:120]: [CNPC-Gecko] onUpdate delay check: elapsed=32/40 frame=2.0
[21:03:09] [Server thread/INFO] [STDOUT]: [com.goodbird.cnpcgeckoaddon.hooklib.cnpchooks.CommonHooks:onUpdate:120]: [CNPC-Gecko] onUpdate delay check: elapsed=33/40 frame=2.0
[21:03:09] [Server thread/INFO] [STDOUT]: [com.goodbird.cnpcgeckoaddon.hooklib.cnpchooks.CommonHooks:onUpdate:120]: [CNPC-Gecko] onUpdate delay check: elapsed=34/40 frame=2.0
[21:03:09] [Server thread/INFO] [STDOUT]: [com.goodbird.cnpcgeckoaddon.hooklib.cnpchooks.CommonHooks:onUpdate:120]: [CNPC-Gecko] onUpdate delay check: elapsed=35/40 frame=2.0
[21:03:09] [Server thread/INFO] [STDOUT]: [com.goodbird.cnpcgeckoaddon.hooklib.cnpchooks.CommonHooks:onUpdate:120]: [CNPC-Gecko] onUpdate delay check: elapsed=36/40 frame=2.0
[21:03:10] [Server thread/INFO] [STDOUT]: [com.goodbird.cnpcgeckoaddon.hooklib.cnpchooks.CommonHooks:onUpdate:120]: [CNPC-Gecko] onUpdate delay check: elapsed=37/40 frame=2.0
[21:03:10] [Server thread/INFO] [STDOUT]: [com.goodbird.cnpcgeckoaddon.hooklib.cnpchooks.CommonHooks:onUpdate:120]: [CNPC-Gecko] onUpdate delay check: elapsed=38/40 frame=2.0
[21:03:10] [Server thread/INFO] [STDOUT]: [com.goodbird.cnpcgeckoaddon.hooklib.cnpchooks.CommonHooks:onUpdate:120]: [CNPC-Gecko] onUpdate delay check: elapsed=39/40 frame=2.0
[21:03:10] [Server thread/INFO] [STDOUT]: [com.goodbird.cnpcgeckoaddon.hooklib.cnpchooks.CommonHooks:onUpdate:120]: [CNPC-Gecko] onUpdate delay check: elapsed=40/40 frame=2.0
[21:03:10] [Server thread/INFO] [STDOUT]: [com.goodbird.cnpcgeckoaddon.hooklib.cnpchooks.CommonHooks:onUpdate:122]: [CNPC-Gecko] onUpdate DELAY HIT - applying damage
[21:03:10] [Server thread/INFO] [STDOUT]: [com.goodbird.cnpcgeckoaddon.hooklib.cnpchooks.CommonHooks:onAttackEntityAsMob:146]: [CNPC-Gecko] onAttackEntityAsMob ENTER
[21:03:10] [Server thread/INFO] [STDOUT]: [com.goodbird.cnpcgeckoaddon.hooklib.cnpchooks.CommonHooks:onAttackEntityAsMob:162]: [CNPC-Gecko] DEBUG modelEntity.attackCount=1, data.getAttackCount()=1
[21:03:10] [Server thread/INFO] [STDOUT]: [com.goodbird.cnpcgeckoaddon.hooklib.cnpchooks.CommonHooks:onAttackEntityAsMob:164]: [CNPC-Gecko] EXIT: frameAttackInProgress=true
[21:03:13] [Client thread/INFO] [STDOUT]: [com.goodbird.cnpcgeckoaddon.hooklib.cnpchooks.CommonHooks:readToNBT:49]: [CNPC-Gecko] readToNBT sync: modelEntity.attackCount=1, data.getAttackCount()=1
[21:03:15] [Server thread/INFO] [STDOUT]: [com.goodbird.cnpcgeckoaddon.hooklib.cnpchooks.CommonHooks:onAttackEntityAsMob:146]: [CNPC-Gecko] onAttackEntityAsMob ENTER
[21:03:15] [Server thread/INFO] [STDOUT]: [com.goodbird.cnpcgeckoaddon.hooklib.cnpchooks.CommonHooks:onAttackEntityAsMob:162]: [CNPC-Gecko] DEBUG modelEntity.attackCount=1, data.getAttackCount()=1
[21:03:15] [Server thread/INFO] [STDOUT]: [com.goodbird.cnpcgeckoaddon.hooklib.cnpchooks.CommonHooks:onAttackEntityAsMob:191]: [CNPC-Gecko] totalWeight=1 attackCount=1
[21:03:15] [Server thread/INFO] [STDOUT]: [com.goodbird.cnpcgeckoaddon.hooklib.cnpchooks.CommonHooks:onAttackEntityAsMob:221]: [CNPC-Gecko] frame=2.0 -> DELAY (return true)
[21:03:15] [Server thread/INFO] [STDOUT]: [com.goodbird.cnpcgeckoaddon.hooklib.cnpchooks.CommonHooks:onUpdate:120]: [CNPC-Gecko] onUpdate delay check: elapsed=0/40 frame=2.0
[21:03:15] [Server thread/INFO] [STDOUT]: [com.goodbird.cnpcgeckoaddon.hooklib.cnpchooks.CommonHooks:onUpdate:120]: [CNPC-Gecko] onUpdate delay check: elapsed=1/40 frame=2.0
[21:03:15] [Server thread/INFO] [STDOUT]: [com.goodbird.cnpcgeckoaddon.hooklib.cnpchooks.CommonHooks:onUpdate:120]: [CNPC-Gecko] onUpdate delay check: elapsed=2/40 frame=2.0
[21:03:15] [Server thread/INFO] [STDOUT]: [com.goodbird.cnpcgeckoaddon.hooklib.cnpchooks.CommonHooks:onUpdate:120]: [CNPC-Gecko] onUpdate delay check: elapsed=3/40 frame=2.0
[21:03:15] [Server thread/INFO] [STDOUT]: [com.goodbird.cnpcgeckoaddon.hooklib.cnpchooks.CommonHooks:onUpdate:120]: [CNPC-Gecko] onUpdate delay check: elapsed=4/40 frame=2.0
[21:03:15] [Server thread/INFO] [STDOUT]: [com.goodbird.cnpcgeckoaddon.hooklib.cnpchooks.CommonHooks:onUpdate:120]: [CNPC-Gecko] onUpdate delay check: elapsed=5/40 frame=2.0
[21:03:15] [Server thread/INFO] [STDOUT]: [com.goodbird.cnpcgeckoaddon.hooklib.cnpchooks.CommonHooks:onUpdate:120]: [CNPC-Gecko] onUpdate delay check: elapsed=6/40 frame=2.0
[21:03:15] [Server thread/INFO] [STDOUT]: [com.goodbird.cnpcgeckoaddon.hooklib.cnpchooks.CommonHooks:onUpdate:120]: [CNPC-Gecko] onUpdate delay check: elapsed=7/40 frame=2.0
[21:03:15] [Server thread/INFO] [STDOUT]: [com.goodbird.cnpcgeckoaddon.hooklib.cnpchooks.CommonHooks:onUpdate:120]: [CNPC-Gecko] onUpdate delay check: elapsed=8/40 frame=2.0
[21:03:15] [Server thread/INFO] [STDOUT]: [com.goodbird.cnpcgeckoaddon.hooklib.cnpchooks.CommonHooks:onUpdate:120]: [CNPC-Gecko] onUpdate delay check: elapsed=9/40 frame=2.0
[21:03:15] [Server thread/INFO] [STDOUT]: [com.goodbird.cnpcgeckoaddon.hooklib.cnpchooks.CommonHooks:onAttackEntityAsMob:146]: [CNPC-Gecko] onAttackEntityAsMob ENTER
[21:03:15] [Server thread/INFO] [STDOUT]: [com.goodbird.cnpcgeckoaddon.hooklib.cnpchooks.CommonHooks:onAttackEntityAsMob:162]: [CNPC-Gecko] DEBUG modelEntity.attackCount=1, data.getAttackCount()=1
[21:03:15] [Server thread/INFO] [STDOUT]: [com.goodbird.cnpcgeckoaddon.hooklib.cnpchooks.CommonHooks:onAttackEntityAsMob:168]: [CNPC-Gecko] EXIT: delayedAttackPending=true
[21:03:15] [Server thread/INFO] [STDOUT]: [com.goodbird.cnpcgeckoaddon.hooklib.cnpchooks.CommonHooks:onUpdate:120]: [CNPC-Gecko] onUpdate delay check: elapsed=10/40 frame=2.0
[21:03:15] [Server thread/INFO] [STDOUT]: [com.goodbird.cnpcgeckoaddon.hooklib.cnpchooks.CommonHooks:onUpdate:120]: [CNPC-Gecko] onUpdate delay check: elapsed=11/40 frame=2.0
[21:03:15] [Server thread/INFO] [STDOUT]: [com.goodbird.cnpcgeckoaddon.hooklib.cnpchooks.CommonHooks:onUpdate:120]: [CNPC-Gecko] onUpdate delay check: elapsed=12/40 frame=2.0
[21:03:15] [Server thread/INFO] [STDOUT]: [com.goodbird.cnpcgeckoaddon.hooklib.cnpchooks.CommonHooks:onUpdate:120]: [CNPC-Gecko] onUpdate delay check: elapsed=13/40 frame=2.0
[21:03:15] [Server thread/INFO] [STDOUT]: [com.goodbird.cnpcgeckoaddon.hooklib.cnpchooks.CommonHooks:onUpdate:120]: [CNPC-Gecko] onUpdate delay check: elapsed=14/40 frame=2.0
[21:03:15] [Server thread/INFO] [STDOUT]: [com.goodbird.cnpcgeckoaddon.hooklib.cnpchooks.CommonHooks:onUpdate:120]: [CNPC-Gecko] onUpdate delay check: elapsed=15/40 frame=2.0
[21:03:15] [Server thread/INFO] [STDOUT]: [com.goodbird.cnpcgeckoaddon.hooklib.cnpchooks.CommonHooks:onUpdate:120]: [CNPC-Gecko] onUpdate delay check: elapsed=16/40 frame=2.0
[21:03:16] [Server thread/INFO] [STDOUT]: [com.goodbird.cnpcgeckoaddon.hooklib.cnpchooks.CommonHooks:onUpdate:120]: [CNPC-Gecko] onUpdate delay check: elapsed=17/40 frame=2.0
[21:03:16] [Server thread/INFO] [STDOUT]: [com.goodbird.cnpcgeckoaddon.hooklib.cnpchooks.CommonHooks:onUpdate:120]: [CNPC-Gecko] onUpdate delay check: elapsed=18/40 frame=2.0
[21:03:16] [Server thread/INFO] [STDOUT]: [com.goodbird.cnpcgeckoaddon.hooklib.cnpchooks.CommonHooks:onUpdate:120]: [CNPC-Gecko] onUpdate delay check: elapsed=19/40 frame=2.0
[21:03:16] [Server thread/INFO] [STDOUT]: [com.goodbird.cnpcgeckoaddon.hooklib.cnpchooks.CommonHooks:onAttackEntityAsMob:146]: [CNPC-Gecko] onAttackEntityAsMob ENTER
[21:03:16] [Server thread/INFO] [STDOUT]: [com.goodbird.cnpcgeckoaddon.hooklib.cnpchooks.CommonHooks:onAttackEntityAsMob:162]: [CNPC-Gecko] DEBUG modelEntity.attackCount=1, data.getAttackCount()=1
[21:03:16] [Server thread/INFO] [STDOUT]: [com.goodbird.cnpcgeckoaddon.hooklib.cnpchooks.CommonHooks:onAttackEntityAsMob:168]: [CNPC-Gecko] EXIT: delayedAttackPending=true
[21:03:16] [Server thread/INFO] [STDOUT]: [com.goodbird.cnpcgeckoaddon.hooklib.cnpchooks.CommonHooks:onUpdate:120]: [CNPC-Gecko] onUpdate delay check: elapsed=20/40 frame=2.0
[21:03:16] [Server thread/INFO] [STDOUT]: [com.goodbird.cnpcgeckoaddon.hooklib.cnpchooks.CommonHooks:onUpdate:120]: [CNPC-Gecko] onUpdate delay check: elapsed=21/40 frame=2.0
[21:03:16] [Server thread/INFO] [STDOUT]: [com.goodbird.cnpcgeckoaddon.hooklib.cnpchooks.CommonHooks:onUpdate:120]: [CNPC-Gecko] onUpdate delay check: elapsed=22/40 frame=2.0
[21:03:16] [Server thread/INFO] [STDOUT]: [com.goodbird.cnpcgeckoaddon.hooklib.cnpchooks.CommonHooks:onUpdate:120]: [CNPC-Gecko] onUpdate delay check: elapsed=23/40 frame=2.0
[21:03:16] [Server thread/INFO] [STDOUT]: [com.goodbird.cnpcgeckoaddon.hooklib.cnpchooks.CommonHooks:onUpdate:120]: [CNPC-Gecko] onUpdate delay check: elapsed=24/40 frame=2.0
[21:03:16] [Server thread/INFO] [STDOUT]: [com.goodbird.cnpcgeckoaddon.hooklib.cnpchooks.CommonHooks:onUpdate:120]: [CNPC-Gecko] onUpdate delay check: elapsed=25/40 frame=2.0
[21:03:16] [Server thread/INFO] [STDOUT]: [com.goodbird.cnpcgeckoaddon.hooklib.cnpchooks.CommonHooks:onUpdate:120]: [CNPC-Gecko] onUpdate delay check: elapsed=26/40 frame=2.0
[21:03:16] [Server thread/INFO] [STDOUT]: [com.goodbird.cnpcgeckoaddon.hooklib.cnpchooks.CommonHooks:onUpdate:120]: [CNPC-Gecko] onUpdate delay check: elapsed=27/40 frame=2.0
[21:03:16] [Server thread/INFO] [STDOUT]: [com.goodbird.cnpcgeckoaddon.hooklib.cnpchooks.CommonHooks:onUpdate:120]: [CNPC-Gecko] onUpdate delay check: elapsed=28/40 frame=2.0
[21:03:16] [Server thread/INFO] [STDOUT]: [com.goodbird.cnpcgeckoaddon.hooklib.cnpchooks.CommonHooks:onUpdate:120]: [CNPC-Gecko] onUpdate delay check: elapsed=29/40 frame=2.0
[21:03:16] [Server thread/INFO] [STDOUT]: [com.goodbird.cnpcgeckoaddon.hooklib.cnpchooks.CommonHooks:onAttackEntityAsMob:146]: [CNPC-Gecko] onAttackEntityAsMob ENTER
[21:03:16] [Server thread/INFO] [STDOUT]: [com.goodbird.cnpcgeckoaddon.hooklib.cnpchooks.CommonHooks:onAttackEntityAsMob:162]: [CNPC-Gecko] DEBUG modelEntity.attackCount=1, data.getAttackCount()=1
[21:03:16] [Server thread/INFO] [STDOUT]: [com.goodbird.cnpcgeckoaddon.hooklib.cnpchooks.CommonHooks:onAttackEntityAsMob:168]: [CNPC-Gecko] EXIT: delayedAttackPending=true
[21:03:16] [Server thread/INFO] [STDOUT]: [com.goodbird.cnpcgeckoaddon.hooklib.cnpchooks.CommonHooks:onUpdate:120]: [CNPC-Gecko] onUpdate delay check: elapsed=30/40 frame=2.0
[21:03:16] [Server thread/INFO] [STDOUT]: [com.goodbird.cnpcgeckoaddon.hooklib.cnpchooks.CommonHooks:onUpdate:120]: [CNPC-Gecko] onUpdate delay check: elapsed=31/40 frame=2.0
[21:03:16] [Server thread/INFO] [STDOUT]: [com.goodbird.cnpcgeckoaddon.hooklib.cnpchooks.CommonHooks:onUpdate:120]: [CNPC-Gecko] onUpdate delay check: elapsed=32/40 frame=2.0
[21:03:16] [Server thread/INFO] [STDOUT]: [com.goodbird.cnpcgeckoaddon.hooklib.cnpchooks.CommonHooks:onUpdate:120]: [CNPC-Gecko] onUpdate delay check: elapsed=33/40 frame=2.0
[21:03:16] [Server thread/INFO] [STDOUT]: [com.goodbird.cnpcgeckoaddon.hooklib.cnpchooks.CommonHooks:onUpdate:120]: [CNPC-Gecko] onUpdate delay check: elapsed=34/40 frame=2.0
[21:03:16] [Server thread/INFO] [STDOUT]: [com.goodbird.cnpcgeckoaddon.hooklib.cnpchooks.CommonHooks:onUpdate:120]: [CNPC-Gecko] onUpdate delay check: elapsed=35/40 frame=2.0
[21:03:16] [Server thread/INFO] [STDOUT]: [com.goodbird.cnpcgeckoaddon.hooklib.cnpchooks.CommonHooks:onUpdate:120]: [CNPC-Gecko] onUpdate delay check: elapsed=36/40 frame=2.0
[21:03:17] [Server thread/INFO] [STDOUT]: [com.goodbird.cnpcgeckoaddon.hooklib.cnpchooks.CommonHooks:onUpdate:120]: [CNPC-Gecko] onUpdate delay check: elapsed=37/40 frame=2.0
[21:03:17] [Server thread/INFO] [STDOUT]: [com.goodbird.cnpcgeckoaddon.hooklib.cnpchooks.CommonHooks:onUpdate:120]: [CNPC-Gecko] onUpdate delay check: elapsed=38/40 frame=2.0
[21:03:17] [Server thread/INFO] [STDOUT]: [com.goodbird.cnpcgeckoaddon.hooklib.cnpchooks.CommonHooks:onUpdate:120]: [CNPC-Gecko] onUpdate delay check: elapsed=39/40 frame=2.0
[21:03:17] [Server thread/INFO] [STDOUT]: [com.goodbird.cnpcgeckoaddon.hooklib.cnpchooks.CommonHooks:onAttackEntityAsMob:146]: [CNPC-Gecko] onAttackEntityAsMob ENTER
[21:03:17] [Server thread/INFO] [STDOUT]: [com.goodbird.cnpcgeckoaddon.hooklib.cnpchooks.CommonHooks:onAttackEntityAsMob:162]: [CNPC-Gecko] DEBUG modelEntity.attackCount=1, data.getAttackCount()=1
[21:03:17] [Server thread/INFO] [STDOUT]: [com.goodbird.cnpcgeckoaddon.hooklib.cnpchooks.CommonHooks:onAttackEntityAsMob:168]: [CNPC-Gecko] EXIT: delayedAttackPending=true
[21:03:17] [Server thread/INFO] [STDOUT]: [com.goodbird.cnpcgeckoaddon.hooklib.cnpchooks.CommonHooks:onUpdate:120]: [CNPC-Gecko] onUpdate delay check: elapsed=40/40 frame=2.0
[21:03:17] [Server thread/INFO] [STDOUT]: [com.goodbird.cnpcgeckoaddon.hooklib.cnpchooks.CommonHooks:onUpdate:122]: [CNPC-Gecko] onUpdate DELAY HIT - applying damage
[21:03:17] [Server thread/INFO] [STDOUT]: [com.goodbird.cnpcgeckoaddon.hooklib.cnpchooks.CommonHooks:onAttackEntityAsMob:146]: [CNPC-Gecko] onAttackEntityAsMob ENTER
[21:03:17] [Server thread/INFO] [STDOUT]: [com.goodbird.cnpcgeckoaddon.hooklib.cnpchooks.CommonHooks:onAttackEntityAsMob:162]: [CNPC-Gecko] DEBUG modelEntity.attackCount=1, data.getAttackCount()=1
[21:03:17] [Server thread/INFO] [STDOUT]: [com.goodbird.cnpcgeckoaddon.hooklib.cnpchooks.CommonHooks:onAttackEntityAsMob:164]: [CNPC-Gecko] EXIT: frameAttackInProgress=true
[21:03:17] [Server thread/INFO] [STDOUT]: [com.goodbird.cnpcgeckoaddon.hooklib.cnpchooks.CommonHooks:onAttackEntityAsMob:146]: [CNPC-Gecko] onAttackEntityAsMob ENTER
[21:03:17] [Server thread/INFO] [STDOUT]: [com.goodbird.cnpcgeckoaddon.hooklib.cnpchooks.CommonHooks:onAttackEntityAsMob:162]: [CNPC-Gecko] DEBUG modelEntity.attackCount=1, data.getAttackCount()=1
[21:03:17] [Server thread/INFO] [STDOUT]: [com.goodbird.cnpcgeckoaddon.hooklib.cnpchooks.CommonHooks:onAttackEntityAsMob:191]: [CNPC-Gecko] totalWeight=1 attackCount=1
[21:03:17] [Server thread/INFO] [STDOUT]: [com.goodbird.cnpcgeckoaddon.hooklib.cnpchooks.CommonHooks:onAttackEntityAsMob:221]: [CNPC-Gecko] frame=2.0 -> DELAY (return true)
[21:03:17] [Server thread/INFO] [STDOUT]: [com.goodbird.cnpcgeckoaddon.hooklib.cnpchooks.CommonHooks:onUpdate:120]: [CNPC-Gecko] onUpdate delay check: elapsed=0/40 frame=2.0
[21:03:17] [Server thread/INFO] [STDOUT]: [com.goodbird.cnpcgeckoaddon.hooklib.cnpchooks.CommonHooks:onUpdate:120]: [CNPC-Gecko] onUpdate delay check: elapsed=1/40 frame=2.0
[21:03:17] [Server thread/INFO] [STDOUT]: [com.goodbird.cnpcgeckoaddon.hooklib.cnpchooks.CommonHooks:onUpdate:120]: [CNPC-Gecko] onUpdate delay check: elapsed=2/40 frame=2.0
[21:03:17] [Server thread/INFO] [STDOUT]: [com.goodbird.cnpcgeckoaddon.hooklib.cnpchooks.CommonHooks:onUpdate:120]: [CNPC-Gecko] onUpdate delay check: elapsed=3/40 frame=2.0
[21:03:17] [Server thread/INFO] [STDOUT]: [com.goodbird.cnpcgeckoaddon.hooklib.cnpchooks.CommonHooks:onUpdate:120]: [CNPC-Gecko] onUpdate delay check: elapsed=4/40 frame=2.0
[21:03:17] [Server thread/INFO] [STDOUT]: [com.goodbird.cnpcgeckoaddon.hooklib.cnpchooks.CommonHooks:onUpdate:120]: [CNPC-Gecko] onUpdate delay check: elapsed=5/40 frame=2.0
[21:03:17] [Server thread/INFO] [STDOUT]: [com.goodbird.cnpcgeckoaddon.hooklib.cnpchooks.CommonHooks:onUpdate:120]: [CNPC-Gecko] onUpdate delay check: elapsed=6/40 frame=2.0
[21:03:18] [Server thread/INFO] [STDOUT]: [com.goodbird.cnpcgeckoaddon.hooklib.cnpchooks.CommonHooks:onUpdate:120]: [CNPC-Gecko] onUpdate delay check: elapsed=7/40 frame=2.0
[21:03:18] [Server thread/INFO] [STDOUT]: [com.goodbird.cnpcgeckoaddon.hooklib.cnpchooks.CommonHooks:onUpdate:120]: [CNPC-Gecko] onUpdate delay check: elapsed=8/40 frame=2.0
[21:03:18] [Server thread/INFO] [STDOUT]: [com.goodbird.cnpcgeckoaddon.hooklib.cnpchooks.CommonHooks:onUpdate:120]: [CNPC-Gecko] onUpdate delay check: elapsed=9/40 frame=2.0
[21:03:18] [Server thread/INFO] [STDOUT]: [com.goodbird.cnpcgeckoaddon.hooklib.cnpchooks.CommonHooks:onAttackEntityAsMob:146]: [CNPC-Gecko] onAttackEntityAsMob ENTER
[21:03:18] [Server thread/INFO] [STDOUT]: [com.goodbird.cnpcgeckoaddon.hooklib.cnpchooks.CommonHooks:onAttackEntityAsMob:162]: [CNPC-Gecko] DEBUG modelEntity.attackCount=1, data.getAttackCount()=1
[21:03:18] [Server thread/INFO] [STDOUT]: [com.goodbird.cnpcgeckoaddon.hooklib.cnpchooks.CommonHooks:onAttackEntityAsMob:168]: [CNPC-Gecko] EXIT: delayedAttackPending=true
[21:03:18] [Server thread/INFO] [STDOUT]: [com.goodbird.cnpcgeckoaddon.hooklib.cnpchooks.CommonHooks:onUpdate:120]: [CNPC-Gecko] onUpdate delay check: elapsed=10/40 frame=2.0
[21:03:18] [Server thread/INFO] [STDOUT]: [com.goodbird.cnpcgeckoaddon.hooklib.cnpchooks.CommonHooks:onUpdate:120]: [CNPC-Gecko] onUpdate delay check: elapsed=11/40 frame=2.0
[21:03:18] [Server thread/INFO] [STDOUT]: [com.goodbird.cnpcgeckoaddon.hooklib.cnpchooks.CommonHooks:onUpdate:120]: [CNPC-Gecko] onUpdate delay check: elapsed=12/40 frame=2.0
[21:03:18] [Server thread/INFO] [STDOUT]: [com.goodbird.cnpcgeckoaddon.hooklib.cnpchooks.CommonHooks:onUpdate:120]: [CNPC-Gecko] onUpdate delay check: elapsed=13/40 frame=2.0
[21:03:18] [Client thread/INFO] [STDOUT]: [com.goodbird.cnpcgeckoaddon.hooklib.cnpchooks.CommonHooks:readToNBT:49]: [CNPC-Gecko] readToNBT sync: modelEntity.attackCount=1, data.getAttackCount()=1
[21:03:18] [Server thread/INFO] [STDOUT]: [com.goodbird.cnpcgeckoaddon.hooklib.cnpchooks.CommonHooks:onUpdate:120]: [CNPC-Gecko] onUpdate delay check: elapsed=14/40 frame=2.0
[21:03:18] [Server thread/INFO] [STDOUT]: [com.goodbird.cnpcgeckoaddon.hooklib.cnpchooks.CommonHooks:onUpdate:120]: [CNPC-Gecko] onUpdate delay check: elapsed=15/40 frame=2.0
[21:03:18] [Server thread/INFO] [STDOUT]: [com.goodbird.cnpcgeckoaddon.hooklib.cnpchooks.CommonHooks:onUpdate:120]: [CNPC-Gecko] onUpdate delay check: elapsed=16/40 frame=2.0
[21:03:18] [Server thread/INFO] [STDOUT]: [com.goodbird.cnpcgeckoaddon.hooklib.cnpchooks.CommonHooks:onUpdate:120]: [CNPC-Gecko] onUpdate delay check: elapsed=17/40 frame=2.0
[21:03:18] [Server thread/INFO] [STDOUT]: [com.goodbird.cnpcgeckoaddon.hooklib.cnpchooks.CommonHooks:onUpdate:120]: [CNPC-Gecko] onUpdate delay check: elapsed=18/40 frame=2.0
[21:03:18] [Server thread/INFO] [STDOUT]: [com.goodbird.cnpcgeckoaddon.hooklib.cnpchooks.CommonHooks:onUpdate:120]: [CNPC-Gecko] onUpdate delay check: elapsed=19/40 frame=2.0
[21:03:18] [Server thread/INFO] [STDOUT]: [com.goodbird.cnpcgeckoaddon.hooklib.cnpchooks.CommonHooks:onAttackEntityAsMob:146]: [CNPC-Gecko] onAttackEntityAsMob ENTER
[21:03:18] [Server thread/INFO] [STDOUT]: [com.goodbird.cnpcgeckoaddon.hooklib.cnpchooks.CommonHooks:onAttackEntityAsMob:162]: [CNPC-Gecko] DEBUG modelEntity.attackCount=1, data.getAttackCount()=1
[21:03:18] [Server thread/INFO] [STDOUT]: [com.goodbird.cnpcgeckoaddon.hooklib.cnpchooks.CommonHooks:onAttackEntityAsMob:168]: [CNPC-Gecko] EXIT: delayedAttackPending=true
[21:03:18] [Server thread/INFO] [STDOUT]: [com.goodbird.cnpcgeckoaddon.hooklib.cnpchooks.CommonHooks:onUpdate:120]: [CNPC-Gecko] onUpdate delay check: elapsed=20/40 frame=2.0
[21:03:18] [Server thread/INFO] [STDOUT]: [com.goodbird.cnpcgeckoaddon.hooklib.cnpchooks.CommonHooks:onUpdate:120]: [CNPC-Gecko] onUpdate delay check: elapsed=21/40 frame=2.0
[21:03:18] [Server thread/INFO] [STDOUT]: [com.goodbird.cnpcgeckoaddon.hooklib.cnpchooks.CommonHooks:onUpdate:120]: [CNPC-Gecko] onUpdate delay check: elapsed=22/40 frame=2.0
[21:03:18] [Server thread/INFO] [STDOUT]: [com.goodbird.cnpcgeckoaddon.hooklib.cnpchooks.CommonHooks:onUpdate:120]: [CNPC-Gecko] onUpdate delay check: elapsed=23/40 frame=2.0
[21:03:18] [Server thread/INFO] [STDOUT]: [com.goodbird.cnpcgeckoaddon.hooklib.cnpchooks.CommonHooks:onUpdate:120]: [CNPC-Gecko] onUpdate delay check: elapsed=24/40 frame=2.0
[21:03:18] [Server thread/INFO] [STDOUT]: [com.goodbird.cnpcgeckoaddon.hooklib.cnpchooks.CommonHooks:onUpdate:120]: [CNPC-Gecko] onUpdate delay check: elapsed=25/40 frame=2.0
[21:03:18] [Server thread/INFO] [STDOUT]: [com.goodbird.cnpcgeckoaddon.hooklib.cnpchooks.CommonHooks:readToNBT:49]: [CNPC-Gecko] readToNBT sync: modelEntity.attackCount=1, data.getAttackCount()=1
[21:03:18] [Server thread/INFO] [STDOUT]: [com.goodbird.cnpcgeckoaddon.hooklib.cnpchooks.CommonHooks:onUpdate:120]: [CNPC-Gecko] onUpdate delay check: elapsed=26/40 frame=2.0
[21:03:19] [Server thread/INFO] [STDOUT]: [com.goodbird.cnpcgeckoaddon.hooklib.cnpchooks.CommonHooks:onUpdate:120]: [CNPC-Gecko] onUpdate delay check: elapsed=27/40 frame=2.0
[21:03:19] [Server thread/INFO] [STDOUT]: [com.goodbird.cnpcgeckoaddon.hooklib.cnpchooks.CommonHooks:onUpdate:120]: [CNPC-Gecko] onUpdate delay check: elapsed=28/40 frame=2.0
[21:03:19] [Server thread/INFO] [STDOUT]: [com.goodbird.cnpcgeckoaddon.hooklib.cnpchooks.CommonHooks:onUpdate:120]: [CNPC-Gecko] onUpdate delay check: elapsed=29/40 frame=2.0
[21:03:19] [Server thread/INFO] [STDOUT]: [com.goodbird.cnpcgeckoaddon.hooklib.cnpchooks.CommonHooks:onAttackEntityAsMob:146]: [CNPC-Gecko] onAttackEntityAsMob ENTER
[21:03:19] [Server thread/INFO] [STDOUT]: [com.goodbird.cnpcgeckoaddon.hooklib.cnpchooks.CommonHooks:onAttackEntityAsMob:162]: [CNPC-Gecko] DEBUG modelEntity.attackCount=1, data.getAttackCount()=1
[21:03:19] [Server thread/INFO] [STDOUT]: [com.goodbird.cnpcgeckoaddon.hooklib.cnpchooks.CommonHooks:onAttackEntityAsMob:168]: [CNPC-Gecko] EXIT: delayedAttackPending=true
[21:03:19] [Server thread/INFO] [STDOUT]: [com.goodbird.cnpcgeckoaddon.hooklib.cnpchooks.CommonHooks:onUpdate:120]: [CNPC-Gecko] onUpdate delay check: elapsed=30/40 frame=2.0
[21:03:19] [Server thread/INFO] [STDOUT]: [com.goodbird.cnpcgeckoaddon.hooklib.cnpchooks.CommonHooks:onUpdate:120]: [CNPC-Gecko] onUpdate delay check: elapsed=31/40 frame=2.0
[21:03:19] [Server thread/INFO] [STDOUT]: [com.goodbird.cnpcgeckoaddon.hooklib.cnpchooks.CommonHooks:onUpdate:120]: [CNPC-Gecko] onUpdate delay check: elapsed=32/40 frame=2.0
[21:03:19] [Server thread/INFO] [STDOUT]: [com.goodbird.cnpcgeckoaddon.hooklib.cnpchooks.CommonHooks:onUpdate:120]: [CNPC-Gecko] onUpdate delay check: elapsed=33/40 frame=2.0
[21:03:19] [Server thread/INFO] [STDOUT]: [com.goodbird.cnpcgeckoaddon.hooklib.cnpchooks.CommonHooks:onUpdate:120]: [CNPC-Gecko] onUpdate delay check: elapsed=34/40 frame=2.0
[21:03:19] [Server thread/INFO] [STDOUT]: [com.goodbird.cnpcgeckoaddon.hooklib.cnpchooks.CommonHooks:onUpdate:120]: [CNPC-Gecko] onUpdate delay check: elapsed=35/40 frame=2.0
[21:03:19] [Server thread/INFO] [STDOUT]: [com.goodbird.cnpcgeckoaddon.hooklib.cnpchooks.CommonHooks:onUpdate:120]: [CNPC-Gecko] onUpdate delay check: elapsed=36/40 frame=2.0
[21:03:19] [Server thread/INFO] [STDOUT]: [com.goodbird.cnpcgeckoaddon.hooklib.cnpchooks.CommonHooks:onUpdate:120]: [CNPC-Gecko] onUpdate delay check: elapsed=37/40 frame=2.0
[21:03:19] [Server thread/INFO] [STDOUT]: [com.goodbird.cnpcgeckoaddon.hooklib.cnpchooks.CommonHooks:onUpdate:120]: [CNPC-Gecko] onUpdate delay check: elapsed=38/40 frame=2.0
[21:03:19] [Server thread/INFO] [STDOUT]: [com.goodbird.cnpcgeckoaddon.hooklib.cnpchooks.CommonHooks:onUpdate:120]: [CNPC-Gecko] onUpdate delay check: elapsed=39/40 frame=2.0
[21:03:19] [Client thread/INFO] [STDOUT]: [com.goodbird.cnpcgeckoaddon.hooklib.cnpchooks.CommonHooks:readToNBT:49]: [CNPC-Gecko] readToNBT sync: modelEntity.attackCount=1, data.getAttackCount()=1
[21:03:19] [Server thread/INFO] [STDOUT]: [com.goodbird.cnpcgeckoaddon.hooklib.cnpchooks.CommonHooks:onAttackEntityAsMob:146]: [CNPC-Gecko] onAttackEntityAsMob ENTER
[21:03:19] [Server thread/INFO] [STDOUT]: [com.goodbird.cnpcgeckoaddon.hooklib.cnpchooks.CommonHooks:onAttackEntityAsMob:162]: [CNPC-Gecko] DEBUG modelEntity.attackCount=1, data.getAttackCount()=1
[21:03:19] [Server thread/INFO] [STDOUT]: [com.goodbird.cnpcgeckoaddon.hooklib.cnpchooks.CommonHooks:onAttackEntityAsMob:168]: [CNPC-Gecko] EXIT: delayedAttackPending=true
[21:03:19] [Server thread/INFO] [STDOUT]: [com.goodbird.cnpcgeckoaddon.hooklib.cnpchooks.CommonHooks:onUpdate:120]: [CNPC-Gecko] onUpdate delay check: elapsed=40/40 frame=2.0
[21:03:19] [Server thread/INFO] [STDOUT]: [com.goodbird.cnpcgeckoaddon.hooklib.cnpchooks.CommonHooks:onUpdate:122]: [CNPC-Gecko] onUpdate DELAY HIT - applying damage
[21:03:19] [Server thread/INFO] [STDOUT]: [com.goodbird.cnpcgeckoaddon.hooklib.cnpchooks.CommonHooks:onAttackEntityAsMob:146]: [CNPC-Gecko] onAttackEntityAsMob ENTER
[21:03:19] [Server thread/INFO] [STDOUT]: [com.goodbird.cnpcgeckoaddon.hooklib.cnpchooks.CommonHooks:onAttackEntityAsMob:162]: [CNPC-Gecko] DEBUG modelEntity.attackCount=1, data.getAttackCount()=1
[21:03:19] [Server thread/INFO] [STDOUT]: [com.goodbird.cnpcgeckoaddon.hooklib.cnpchooks.CommonHooks:onAttackEntityAsMob:164]: [CNPC-Gecko] EXIT: frameAttackInProgress=true
[21:03:20] [Server thread/INFO] [STDOUT]: [com.goodbird.cnpcgeckoaddon.hooklib.cnpchooks.CommonHooks:onAttackEntityAsMob:146]: [CNPC-Gecko] onAttackEntityAsMob ENTER
[21:03:20] [Server thread/INFO] [STDOUT]: [com.goodbird.cnpcgeckoaddon.hooklib.cnpchooks.CommonHooks:onAttackEntityAsMob:162]: [CNPC-Gecko] DEBUG modelEntity.attackCount=1, data.getAttackCount()=1
[21:03:20] [Server thread/INFO] [STDOUT]: [com.goodbird.cnpcgeckoaddon.hooklib.cnpchooks.CommonHooks:onAttackEntityAsMob:191]: [CNPC-Gecko] totalWeight=1 attackCount=1
[21:03:20] [Server thread/INFO] [STDOUT]: [com.goodbird.cnpcgeckoaddon.hooklib.cnpchooks.CommonHooks:onAttackEntityAsMob:221]: [CNPC-Gecko] frame=2.0 -> DELAY (return true)
[21:03:20] [Server thread/INFO] [STDOUT]: [com.goodbird.cnpcgeckoaddon.hooklib.cnpchooks.CommonHooks:onUpdate:120]: [CNPC-Gecko] onUpdate delay check: elapsed=0/40 frame=2.0
[21:03:20] [Server thread/INFO] [STDOUT]: [com.goodbird.cnpcgeckoaddon.hooklib.cnpchooks.CommonHooks:onUpdate:120]: [CNPC-Gecko] onUpdate delay check: elapsed=1/40 frame=2.0
[21:03:20] [Server thread/INFO] [STDOUT]: [com.goodbird.cnpcgeckoaddon.hooklib.cnpchooks.CommonHooks:onUpdate:120]: [CNPC-Gecko] onUpdate delay check: elapsed=2/40 frame=2.0
[21:03:20] [Server thread/INFO] [STDOUT]: [com.goodbird.cnpcgeckoaddon.hooklib.cnpchooks.CommonHooks:onUpdate:120]: [CNPC-Gecko] onUpdate delay check: elapsed=3/40 frame=2.0
[21:03:20] [Server thread/INFO] [STDOUT]: [com.goodbird.cnpcgeckoaddon.hooklib.cnpchooks.CommonHooks:onUpdate:120]: [CNPC-Gecko] onUpdate delay check: elapsed=4/40 frame=2.0
[21:03:20] [Server thread/INFO] [STDOUT]: [com.goodbird.cnpcgeckoaddon.hooklib.cnpchooks.CommonHooks:onUpdate:120]: [CNPC-Gecko] onUpdate delay check: elapsed=5/40 frame=2.0
[21:03:20] [Server thread/INFO] [STDOUT]: [com.goodbird.cnpcgeckoaddon.hooklib.cnpchooks.CommonHooks:onUpdate:120]: [CNPC-Gecko] onUpdate delay check: elapsed=6/40 frame=2.0
[21:03:20] [Server thread/INFO] [STDOUT]: [com.goodbird.cnpcgeckoaddon.hooklib.cnpchooks.CommonHooks:onUpdate:120]: [CNPC-Gecko] onUpdate delay check: elapsed=7/40 frame=2.0
[21:03:20] [Server thread/INFO] [STDOUT]: [com.goodbird.cnpcgeckoaddon.hooklib.cnpchooks.CommonHooks:onUpdate:120]: [CNPC-Gecko] onUpdate delay check: elapsed=8/40 frame=2.0
[21:03:20] [Server thread/INFO] [STDOUT]: [com.goodbird.cnpcgeckoaddon.hooklib.cnpchooks.CommonHooks:onUpdate:120]: [CNPC-Gecko] onUpdate delay check: elapsed=9/40 frame=2.0
[21:03:20] [Server thread/INFO] [STDOUT]: [com.goodbird.cnpcgeckoaddon.hooklib.cnpchooks.CommonHooks:onAttackEntityAsMob:146]: [CNPC-Gecko] onAttackEntityAsMob ENTER
[21:03:20] [Server thread/INFO] [STDOUT]: [com.goodbird.cnpcgeckoaddon.hooklib.cnpchooks.CommonHooks:onAttackEntityAsMob:162]: [CNPC-Gecko] DEBUG modelEntity.attackCount=1, data.getAttackCount()=1
[21:03:20] [Server thread/INFO] [STDOUT]: [com.goodbird.cnpcgeckoaddon.hooklib.cnpchooks.CommonHooks:onAttackEntityAsMob:168]: [CNPC-Gecko] EXIT: delayedAttackPending=true
[21:03:20] [Server thread/INFO] [STDOUT]: [com.goodbird.cnpcgeckoaddon.hooklib.cnpchooks.CommonHooks:onUpdate:120]: [CNPC-Gecko] onUpdate delay check: elapsed=10/40 frame=2.0
[21:03:20] [Server thread/INFO] [STDOUT]: [com.goodbird.cnpcgeckoaddon.hooklib.cnpchooks.CommonHooks:onUpdate:120]: [CNPC-Gecko] onUpdate delay check: elapsed=11/40 frame=2.0
[21:03:20] [Server thread/INFO] [STDOUT]: [com.goodbird.cnpcgeckoaddon.hooklib.cnpchooks.CommonHooks:onUpdate:120]: [CNPC-Gecko] onUpdate delay check: elapsed=12/40 frame=2.0
[21:03:20] [Server thread/INFO] [STDOUT]: [com.goodbird.cnpcgeckoaddon.hooklib.cnpchooks.CommonHooks:onUpdate:120]: [CNPC-Gecko] onUpdate delay check: elapsed=13/40 frame=2.0
[21:03:20] [Server thread/INFO] [STDOUT]: [com.goodbird.cnpcgeckoaddon.hooklib.cnpchooks.CommonHooks:onUpdate:120]: [CNPC-Gecko] onUpdate delay check: elapsed=14/40 frame=2.0
[21:03:20] [Server thread/INFO] [STDOUT]: [com.goodbird.cnpcgeckoaddon.hooklib.cnpchooks.CommonHooks:onUpdate:120]: [CNPC-Gecko] onUpdate delay check: elapsed=15/40 frame=2.0
[21:03:20] [Server thread/INFO] [STDOUT]: [com.goodbird.cnpcgeckoaddon.hooklib.cnpchooks.CommonHooks:onUpdate:120]: [CNPC-Gecko] onUpdate delay check: elapsed=16/40 frame=2.0
[21:03:21] [Server thread/INFO] [STDOUT]: [com.goodbird.cnpcgeckoaddon.hooklib.cnpchooks.CommonHooks:onUpdate:120]: [CNPC-Gecko] onUpdate delay check: elapsed=17/40 frame=2.0
[21:03:21] [Server thread/INFO] [STDOUT]: [com.goodbird.cnpcgeckoaddon.hooklib.cnpchooks.CommonHooks:onUpdate:120]: [CNPC-Gecko] onUpdate delay check: elapsed=18/40 frame=2.0
[21:03:21] [Server thread/INFO] [STDOUT]: [com.goodbird.cnpcgeckoaddon.hooklib.cnpchooks.CommonHooks:onUpdate:120]: [CNPC-Gecko] onUpdate delay check: elapsed=19/40 frame=2.0
[21:03:21] [Server thread/INFO] [STDOUT]: [com.goodbird.cnpcgeckoaddon.hooklib.cnpchooks.CommonHooks:onAttackEntityAsMob:146]: [CNPC-Gecko] onAttackEntityAsMob ENTER
[21:03:21] [Server thread/INFO] [STDOUT]: [com.goodbird.cnpcgeckoaddon.hooklib.cnpchooks.CommonHooks:onAttackEntityAsMob:162]: [CNPC-Gecko] DEBUG modelEntity.attackCount=1, data.getAttackCount()=1
[21:03:21] [Server thread/INFO] [STDOUT]: [com.goodbird.cnpcgeckoaddon.hooklib.cnpchooks.CommonHooks:onAttackEntityAsMob:168]: [CNPC-Gecko] EXIT: delayedAttackPending=true
[21:03:21] [Server thread/INFO] [STDOUT]: [com.goodbird.cnpcgeckoaddon.hooklib.cnpchooks.CommonHooks:onUpdate:120]: [CNPC-Gecko] onUpdate delay check: elapsed=20/40 frame=2.0
[21:03:21] [Server thread/INFO] [STDOUT]: [com.goodbird.cnpcgeckoaddon.hooklib.cnpchooks.CommonHooks:onUpdate:120]: [CNPC-Gecko] onUpdate delay check: elapsed=21/40 frame=2.0
[21:03:21] [Server thread/INFO] [STDOUT]: [com.goodbird.cnpcgeckoaddon.hooklib.cnpchooks.CommonHooks:onUpdate:120]: [CNPC-Gecko] onUpdate delay check: elapsed=22/40 frame=2.0
[21:03:21] [Server thread/INFO] [STDOUT]: [com.goodbird.cnpcgeckoaddon.hooklib.cnpchooks.CommonHooks:onUpdate:120]: [CNPC-Gecko] onUpdate delay check: elapsed=23/40 frame=2.0
[21:03:21] [Server thread/INFO] [STDOUT]: [com.goodbird.cnpcgeckoaddon.hooklib.cnpchooks.CommonHooks:onUpdate:120]: [CNPC-Gecko] onUpdate delay check: elapsed=24/40 frame=2.0
[21:03:21] [Server thread/INFO] [STDOUT]: [com.goodbird.cnpcgeckoaddon.hooklib.cnpchooks.CommonHooks:onUpdate:120]: [CNPC-Gecko] onUpdate delay check: elapsed=25/40 frame=2.0
[21:03:21] [Server thread/INFO] [STDOUT]: [com.goodbird.cnpcgeckoaddon.hooklib.cnpchooks.CommonHooks:onUpdate:120]: [CNPC-Gecko] onUpdate delay check: elapsed=26/40 frame=2.0
[21:03:21] [Server thread/INFO] [STDOUT]: [com.goodbird.cnpcgeckoaddon.hooklib.cnpchooks.CommonHooks:onUpdate:120]: [CNPC-Gecko] onUpdate delay check: elapsed=27/40 frame=2.0
[21:03:21] [Server thread/INFO] [STDOUT]: [com.goodbird.cnpcgeckoaddon.hooklib.cnpchooks.CommonHooks:onUpdate:120]: [CNPC-Gecko] onUpdate delay check: elapsed=28/40 frame=2.0
[21:03:21] [Server thread/INFO] [STDOUT]: [com.goodbird.cnpcgeckoaddon.hooklib.cnpchooks.CommonHooks:onUpdate:120]: [CNPC-Gecko] onUpdate delay check: elapsed=29/40 frame=2.0
[21:03:21] [Server thread/INFO] [STDOUT]: [com.goodbird.cnpcgeckoaddon.hooklib.cnpchooks.CommonHooks:onAttackEntityAsMob:146]: [CNPC-Gecko] onAttackEntityAsMob ENTER
[21:03:21] [Server thread/INFO] [STDOUT]: [com.goodbird.cnpcgeckoaddon.hooklib.cnpchooks.CommonHooks:onAttackEntityAsMob:162]: [CNPC-Gecko] DEBUG modelEntity.attackCount=1, data.getAttackCount()=1
[21:03:21] [Server thread/INFO] [STDOUT]: [com.goodbird.cnpcgeckoaddon.hooklib.cnpchooks.CommonHooks:onAttackEntityAsMob:168]: [CNPC-Gecko] EXIT: delayedAttackPending=true
[21:03:21] [Server thread/INFO] [STDOUT]: [com.goodbird.cnpcgeckoaddon.hooklib.cnpchooks.CommonHooks:onUpdate:120]: [CNPC-Gecko] onUpdate delay check: elapsed=30/40 frame=2.0
[21:03:21] [Server thread/INFO] [STDOUT]: [com.goodbird.cnpcgeckoaddon.hooklib.cnpchooks.CommonHooks:onUpdate:120]: [CNPC-Gecko] onUpdate delay check: elapsed=31/40 frame=2.0
[21:03:21] [Server thread/INFO] [STDOUT]: [com.goodbird.cnpcgeckoaddon.hooklib.cnpchooks.CommonHooks:onUpdate:120]: [CNPC-Gecko] onUpdate delay check: elapsed=32/40 frame=2.0
[21:03:21] [Server thread/INFO] [STDOUT]: [com.goodbird.cnpcgeckoaddon.hooklib.cnpchooks.CommonHooks:onUpdate:120]: [CNPC-Gecko] onUpdate delay check: elapsed=33/40 frame=2.0
[21:03:21] [Server thread/INFO] [STDOUT]: [com.goodbird.cnpcgeckoaddon.hooklib.cnpchooks.CommonHooks:onUpdate:120]: [CNPC-Gecko] onUpdate delay check: elapsed=34/40 frame=2.0
[21:03:21] [Server thread/INFO] [STDOUT]: [com.goodbird.cnpcgeckoaddon.hooklib.cnpchooks.CommonHooks:onUpdate:120]: [CNPC-Gecko] onUpdate delay check: elapsed=35/40 frame=2.0
[21:03:21] [Server thread/INFO] [STDOUT]: [com.goodbird.cnpcgeckoaddon.hooklib.cnpchooks.CommonHooks:onUpdate:120]: [CNPC-Gecko] onUpdate delay check: elapsed=36/40 frame=2.0
[21:03:22] [Server thread/INFO] [STDOUT]: [com.goodbird.cnpcgeckoaddon.hooklib.cnpchooks.CommonHooks:onUpdate:120]: [CNPC-Gecko] onUpdate delay check: elapsed=37/40 frame=2.0
[21:03:22] [Server thread/INFO] [STDOUT]: [com.goodbird.cnpcgeckoaddon.hooklib.cnpchooks.CommonHooks:onUpdate:120]: [CNPC-Gecko] onUpdate delay check: elapsed=38/40 frame=2.0
[21:03:22] [Server thread/INFO] [STDOUT]: [com.goodbird.cnpcgeckoaddon.hooklib.cnpchooks.CommonHooks:onUpdate:120]: [CNPC-Gecko] onUpdate delay check: elapsed=39/40 frame=2.0
[21:03:22] [Server thread/INFO] [STDOUT]: [com.goodbird.cnpcgeckoaddon.hooklib.cnpchooks.CommonHooks:onAttackEntityAsMob:146]: [CNPC-Gecko] onAttackEntityAsMob ENTER
[21:03:22] [Server thread/INFO] [STDOUT]: [com.goodbird.cnpcgeckoaddon.hooklib.cnpchooks.CommonHooks:onAttackEntityAsMob:162]: [CNPC-Gecko] DEBUG modelEntity.attackCount=1, data.getAttackCount()=1
[21:03:22] [Server thread/INFO] [STDOUT]: [com.goodbird.cnpcgeckoaddon.hooklib.cnpchooks.CommonHooks:onAttackEntityAsMob:168]: [CNPC-Gecko] EXIT: delayedAttackPending=true
[21:03:22] [Server thread/INFO] [STDOUT]: [com.goodbird.cnpcgeckoaddon.hooklib.cnpchooks.CommonHooks:onUpdate:120]: [CNPC-Gecko] onUpdate delay check: elapsed=40/40 frame=2.0
[21:03:22] [Server thread/INFO] [STDOUT]: [com.goodbird.cnpcgeckoaddon.hooklib.cnpchooks.CommonHooks:onUpdate:122]: [CNPC-Gecko] onUpdate DELAY HIT - applying damage
[21:03:22] [Server thread/INFO] [STDOUT]: [com.goodbird.cnpcgeckoaddon.hooklib.cnpchooks.CommonHooks:onAttackEntityAsMob:146]: [CNPC-Gecko] onAttackEntityAsMob ENTER
[21:03:22] [Server thread/INFO] [STDOUT]: [com.goodbird.cnpcgeckoaddon.hooklib.cnpchooks.CommonHooks:onAttackEntityAsMob:162]: [CNPC-Gecko] DEBUG modelEntity.attackCount=1, data.getAttackCount()=1
[21:03:22] [Server thread/INFO] [STDOUT]: [com.goodbird.cnpcgeckoaddon.hooklib.cnpchooks.CommonHooks:onAttackEntityAsMob:164]: [CNPC-Gecko] EXIT: frameAttackInProgress=true
[21:03:23] [Client thread/INFO] [STDOUT]: [com.goodbird.cnpcgeckoaddon.hooklib.cnpchooks.CommonHooks:readToNBT:49]: [CNPC-Gecko] readToNBT sync: modelEntity.attackCount=1, data.getAttackCount()=1
[21:03:24] [Server thread/INFO] [STDOUT]: [com.goodbird.cnpcgeckoaddon.hooklib.cnpchooks.CommonHooks:onAttackEntityAsMob:146]: [CNPC-Gecko] onAttackEntityAsMob ENTER
[21:03:24] [Server thread/INFO] [STDOUT]: [com.goodbird.cnpcgeckoaddon.hooklib.cnpchooks.CommonHooks:onAttackEntityAsMob:162]: [CNPC-Gecko] DEBUG modelEntity.attackCount=1, data.getAttackCount()=1
[21:03:24] [Server thread/INFO] [STDOUT]: [com.goodbird.cnpcgeckoaddon.hooklib.cnpchooks.CommonHooks:onAttackEntityAsMob:191]: [CNPC-Gecko] totalWeight=1 attackCount=1
[21:03:24] [Server thread/INFO] [STDOUT]: [com.goodbird.cnpcgeckoaddon.hooklib.cnpchooks.CommonHooks:onAttackEntityAsMob:221]: [CNPC-Gecko] frame=2.0 -> DELAY (return true)
[21:03:24] [Server thread/INFO] [STDOUT]: [com.goodbird.cnpcgeckoaddon.hooklib.cnpchooks.CommonHooks:onUpdate:120]: [CNPC-Gecko] onUpdate delay check: elapsed=0/40 frame=2.0
[21:03:24] [Server thread/INFO] [STDOUT]: [com.goodbird.cnpcgeckoaddon.hooklib.cnpchooks.CommonHooks:onUpdate:120]: [CNPC-Gecko] onUpdate delay check: elapsed=1/40 frame=2.0
[21:03:24] [Server thread/INFO] [STDOUT]: [com.goodbird.cnpcgeckoaddon.hooklib.cnpchooks.CommonHooks:onUpdate:120]: [CNPC-Gecko] onUpdate delay check: elapsed=2/40 frame=2.0
[21:03:24] [Server thread/INFO] [STDOUT]: [com.goodbird.cnpcgeckoaddon.hooklib.cnpchooks.CommonHooks:onUpdate:120]: [CNPC-Gecko] onUpdate delay check: elapsed=3/40 frame=2.0
[21:03:24] [Server thread/INFO] [STDOUT]: [com.goodbird.cnpcgeckoaddon.hooklib.cnpchooks.CommonHooks:onUpdate:120]: [CNPC-Gecko] onUpdate delay check: elapsed=4/40 frame=2.0
[21:03:24] [Server thread/INFO] [STDOUT]: [com.goodbird.cnpcgeckoaddon.hooklib.cnpchooks.CommonHooks:onUpdate:120]: [CNPC-Gecko] onUpdate delay check: elapsed=5/40 frame=2.0
[21:03:24] [Server thread/INFO] [STDOUT]: [com.goodbird.cnpcgeckoaddon.hooklib.cnpchooks.CommonHooks:onUpdate:120]: [CNPC-Gecko] onUpdate delay check: elapsed=6/40 frame=2.0
[21:03:24] [Server thread/INFO] [STDOUT]: [com.goodbird.cnpcgeckoaddon.hooklib.cnpchooks.CommonHooks:onUpdate:120]: [CNPC-Gecko] onUpdate delay check: elapsed=7/40 frame=2.0
[21:03:24] [Server thread/INFO] [STDOUT]: [com.goodbird.cnpcgeckoaddon.hooklib.cnpchooks.CommonHooks:onUpdate:120]: [CNPC-Gecko] onUpdate delay check: elapsed=8/40 frame=2.0
[21:03:24] [Server thread/INFO] [STDOUT]: [com.goodbird.cnpcgeckoaddon.hooklib.cnpchooks.CommonHooks:onUpdate:120]: [CNPC-Gecko] onUpdate delay check: elapsed=9/40 frame=2.0
[21:03:24] [Server thread/INFO] [STDOUT]: [com.goodbird.cnpcgeckoaddon.hooklib.cnpchooks.CommonHooks:onAttackEntityAsMob:146]: [CNPC-Gecko] onAttackEntityAsMob ENTER
[21:03:24] [Server thread/INFO] [STDOUT]: [com.goodbird.cnpcgeckoaddon.hooklib.cnpchooks.CommonHooks:onAttackEntityAsMob:162]: [CNPC-Gecko] DEBUG modelEntity.attackCount=1, data.getAttackCount()=1
[21:03:24] [Server thread/INFO] [STDOUT]: [com.goodbird.cnpcgeckoaddon.hooklib.cnpchooks.CommonHooks:onAttackEntityAsMob:168]: [CNPC-Gecko] EXIT: delayedAttackPending=true
[21:03:24] [Server thread/INFO] [STDOUT]: [com.goodbird.cnpcgeckoaddon.hooklib.cnpchooks.CommonHooks:onUpdate:120]: [CNPC-Gecko] onUpdate delay check: elapsed=10/40 frame=2.0
[21:03:24] [Server thread/INFO] [STDOUT]: [com.goodbird.cnpcgeckoaddon.hooklib.cnpchooks.CommonHooks:onUpdate:120]: [CNPC-Gecko] onUpdate delay check: elapsed=11/40 frame=2.0
[21:03:24] [Server thread/INFO] [STDOUT]: [com.goodbird.cnpcgeckoaddon.hooklib.cnpchooks.CommonHooks:onUpdate:120]: [CNPC-Gecko] onUpdate delay check: elapsed=12/40 frame=2.0
[21:03:24] [Server thread/INFO] [STDOUT]: [com.goodbird.cnpcgeckoaddon.hooklib.cnpchooks.CommonHooks:onUpdate:120]: [CNPC-Gecko] onUpdate delay check: elapsed=13/40 frame=2.0
[21:03:24] [Server thread/INFO] [STDOUT]: [com.goodbird.cnpcgeckoaddon.hooklib.cnpchooks.CommonHooks:onUpdate:120]: [CNPC-Gecko] onUpdate delay check: elapsed=14/40 frame=2.0
[21:03:24] [Server thread/INFO] [STDOUT]: [com.goodbird.cnpcgeckoaddon.hooklib.cnpchooks.CommonHooks:onUpdate:120]: [CNPC-Gecko] onUpdate delay check: elapsed=15/40 frame=2.0
[21:03:24] [Server thread/INFO] [STDOUT]: [com.goodbird.cnpcgeckoaddon.hooklib.cnpchooks.CommonHooks:onUpdate:120]: [CNPC-Gecko] onUpdate delay check: elapsed=16/40 frame=2.0
[21:03:24] [Server thread/INFO] [STDOUT]: [com.goodbird.cnpcgeckoaddon.hooklib.cnpchooks.CommonHooks:onUpdate:120]: [CNPC-Gecko] onUpdate delay check: elapsed=17/40 frame=2.0
[21:03:24] [Server thread/INFO] [STDOUT]: [com.goodbird.cnpcgeckoaddon.hooklib.cnpchooks.CommonHooks:onUpdate:120]: [CNPC-Gecko] onUpdate delay check: elapsed=18/40 frame=2.0
[21:03:24] [Server thread/INFO] [STDOUT]: [com.goodbird.cnpcgeckoaddon.hooklib.cnpchooks.CommonHooks:onUpdate:120]: [CNPC-Gecko] onUpdate delay check: elapsed=19/40 frame=2.0
[21:03:25] [Server thread/INFO] [STDOUT]: [com.goodbird.cnpcgeckoaddon.hooklib.cnpchooks.CommonHooks:onAttackEntityAsMob:146]: [CNPC-Gecko] onAttackEntityAsMob ENTER
[21:03:25] [Server thread/INFO] [STDOUT]: [com.goodbird.cnpcgeckoaddon.hooklib.cnpchooks.CommonHooks:onAttackEntityAsMob:162]: [CNPC-Gecko] DEBUG modelEntity.attackCount=1, data.getAttackCount()=1
[21:03:25] [Server thread/INFO] [STDOUT]: [com.goodbird.cnpcgeckoaddon.hooklib.cnpchooks.CommonHooks:onAttackEntityAsMob:168]: [CNPC-Gecko] EXIT: delayedAttackPending=true
[21:03:25] [Server thread/INFO] [STDOUT]: [com.goodbird.cnpcgeckoaddon.hooklib.cnpchooks.CommonHooks:onUpdate:120]: [CNPC-Gecko] onUpdate delay check: elapsed=20/40 frame=2.0
[21:03:25] [Server thread/INFO] [STDOUT]: [com.goodbird.cnpcgeckoaddon.hooklib.cnpchooks.CommonHooks:onUpdate:120]: [CNPC-Gecko] onUpdate delay check: elapsed=21/40 frame=2.0
[21:03:25] [Server thread/INFO] [STDOUT]: [com.goodbird.cnpcgeckoaddon.hooklib.cnpchooks.CommonHooks:onUpdate:120]: [CNPC-Gecko] onUpdate delay check: elapsed=22/40 frame=2.0
[21:03:25] [Server thread/INFO] [STDOUT]: [com.goodbird.cnpcgeckoaddon.hooklib.cnpchooks.CommonHooks:onUpdate:120]: [CNPC-Gecko] onUpdate delay check: elapsed=23/40 frame=2.0
[21:03:25] [Server thread/INFO] [STDOUT]: [com.goodbird.cnpcgeckoaddon.hooklib.cnpchooks.CommonHooks:onUpdate:120]: [CNPC-Gecko] onUpdate delay check: elapsed=24/40 frame=2.0
[21:03:25] [Server thread/INFO] [STDOUT]: [com.goodbird.cnpcgeckoaddon.hooklib.cnpchooks.CommonHooks:onUpdate:120]: [CNPC-Gecko] onUpdate delay check: elapsed=25/40 frame=2.0
[21:03:25] [Server thread/INFO] [STDOUT]: [com.goodbird.cnpcgeckoaddon.hooklib.cnpchooks.CommonHooks:onUpdate:120]: [CNPC-Gecko] onUpdate delay check: elapsed=26/40 frame=2.0
[21:03:25] [Server thread/INFO] [STDOUT]: [com.goodbird.cnpcgeckoaddon.hooklib.cnpchooks.CommonHooks:onUpdate:120]: [CNPC-Gecko] onUpdate delay check: elapsed=27/40 frame=2.0
[21:03:25] [Server thread/INFO] [STDOUT]: [com.goodbird.cnpcgeckoaddon.hooklib.cnpchooks.CommonHooks:onUpdate:120]: [CNPC-Gecko] onUpdate delay check: elapsed=28/40 frame=2.0
[21:03:25] [Server thread/INFO] [STDOUT]: [com.goodbird.cnpcgeckoaddon.hooklib.cnpchooks.CommonHooks:onUpdate:120]: [CNPC-Gecko] onUpdate delay check: elapsed=29/40 frame=2.0
[21:03:25] [Server thread/INFO] [STDOUT]: [com.goodbird.cnpcgeckoaddon.hooklib.cnpchooks.CommonHooks:onAttackEntityAsMob:146]: [CNPC-Gecko] onAttackEntityAsMob ENTER
[21:03:25] [Server thread/INFO] [STDOUT]: [com.goodbird.cnpcgeckoaddon.hooklib.cnpchooks.CommonHooks:onAttackEntityAsMob:162]: [CNPC-Gecko] DEBUG modelEntity.attackCount=1, data.getAttackCount()=1
[21:03:25] [Server thread/INFO] [STDOUT]: [com.goodbird.cnpcgeckoaddon.hooklib.cnpchooks.CommonHooks:onAttackEntityAsMob:168]: [CNPC-Gecko] EXIT: delayedAttackPending=true
[21:03:25] [Server thread/INFO] [STDOUT]: [com.goodbird.cnpcgeckoaddon.hooklib.cnpchooks.CommonHooks:onUpdate:120]: [CNPC-Gecko] onUpdate delay check: elapsed=30/40 frame=2.0
[21:03:25] [Server thread/INFO] [STDOUT]: [com.goodbird.cnpcgeckoaddon.hooklib.cnpchooks.CommonHooks:onUpdate:120]: [CNPC-Gecko] onUpdate delay check: elapsed=31/40 frame=2.0
[21:03:25] [Server thread/INFO] [STDOUT]: [com.goodbird.cnpcgeckoaddon.hooklib.cnpchooks.CommonHooks:onUpdate:120]: [CNPC-Gecko] onUpdate delay check: elapsed=32/40 frame=2.0
[21:03:25] [Server thread/INFO] [STDOUT]: [com.goodbird.cnpcgeckoaddon.hooklib.cnpchooks.CommonHooks:onUpdate:120]: [CNPC-Gecko] onUpdate delay check: elapsed=33/40 frame=2.0
[21:03:25] [Server thread/INFO] [STDOUT]: [com.goodbird.cnpcgeckoaddon.hooklib.cnpchooks.CommonHooks:onUpdate:120]: [CNPC-Gecko] onUpdate delay check: elapsed=34/40 frame=2.0
[21:03:25] [Server thread/INFO] [STDOUT]: [com.goodbird.cnpcgeckoaddon.hooklib.cnpchooks.CommonHooks:onUpdate:120]: [CNPC-Gecko] onUpdate delay check: elapsed=35/40 frame=2.0
[21:03:25] [Server thread/INFO] [STDOUT]: [com.goodbird.cnpcgeckoaddon.hooklib.cnpchooks.CommonHooks:onUpdate:120]: [CNPC-Gecko] onUpdate delay check: elapsed=36/40 frame=2.0
[21:03:25] [Server thread/INFO] [STDOUT]: [com.goodbird.cnpcgeckoaddon.hooklib.cnpchooks.CommonHooks:onUpdate:120]: [CNPC-Gecko] onUpdate delay check: elapsed=37/40 frame=2.0
[21:03:25] [Server thread/INFO] [STDOUT]: [com.goodbird.cnpcgeckoaddon.hooklib.cnpchooks.CommonHooks:onUpdate:120]: [CNPC-Gecko] onUpdate delay check: elapsed=38/40 frame=2.0
[21:03:25] [Server thread/INFO] [STDOUT]: [com.goodbird.cnpcgeckoaddon.hooklib.cnpchooks.CommonHooks:onUpdate:120]: [CNPC-Gecko] onUpdate delay check: elapsed=39/40 frame=2.0
[21:03:26] [Server thread/INFO] [STDOUT]: [com.goodbird.cnpcgeckoaddon.hooklib.cnpchooks.CommonHooks:onAttackEntityAsMob:146]: [CNPC-Gecko] onAttackEntityAsMob ENTER
[21:03:26] [Server thread/INFO] [STDOUT]: [com.goodbird.cnpcgeckoaddon.hooklib.cnpchooks.CommonHooks:onAttackEntityAsMob:162]: [CNPC-Gecko] DEBUG modelEntity.attackCount=1, data.getAttackCount()=1
[21:03:26] [Server thread/INFO] [STDOUT]: [com.goodbird.cnpcgeckoaddon.hooklib.cnpchooks.CommonHooks:onAttackEntityAsMob:168]: [CNPC-Gecko] EXIT: delayedAttackPending=true
[21:03:26] [Server thread/INFO] [STDOUT]: [com.goodbird.cnpcgeckoaddon.hooklib.cnpchooks.CommonHooks:onUpdate:120]: [CNPC-Gecko] onUpdate delay check: elapsed=40/40 frame=2.0
[21:03:26] [Server thread/INFO] [STDOUT]: [com.goodbird.cnpcgeckoaddon.hooklib.cnpchooks.CommonHooks:onUpdate:122]: [CNPC-Gecko] onUpdate DELAY HIT - applying damage
[21:03:26] [Server thread/INFO] [STDOUT]: [com.goodbird.cnpcgeckoaddon.hooklib.cnpchooks.CommonHooks:onAttackEntityAsMob:146]: [CNPC-Gecko] onAttackEntityAsMob ENTER
[21:03:26] [Server thread/INFO] [STDOUT]: [com.goodbird.cnpcgeckoaddon.hooklib.cnpchooks.CommonHooks:onAttackEntityAsMob:162]: [CNPC-Gecko] DEBUG modelEntity.attackCount=1, data.getAttackCount()=1
[21:03:26] [Server thread/INFO] [STDOUT]: [com.goodbird.cnpcgeckoaddon.hooklib.cnpchooks.CommonHooks:onAttackEntityAsMob:164]: [CNPC-Gecko] EXIT: frameAttackInProgress=true
[21:03:26] [Server thread/INFO] [STDOUT]: [com.goodbird.cnpcgeckoaddon.hooklib.cnpchooks.CommonHooks:onAttackEntityAsMob:146]: [CNPC-Gecko] onAttackEntityAsMob ENTER
[21:03:26] [Server thread/INFO] [STDOUT]: [com.goodbird.cnpcgeckoaddon.hooklib.cnpchooks.CommonHooks:onAttackEntityAsMob:162]: [CNPC-Gecko] DEBUG modelEntity.attackCount=1, data.getAttackCount()=1
[21:03:26] [Server thread/INFO] [STDOUT]: [com.goodbird.cnpcgeckoaddon.hooklib.cnpchooks.CommonHooks:onAttackEntityAsMob:191]: [CNPC-Gecko] totalWeight=1 attackCount=1
[21:03:26] [Server thread/INFO] [STDOUT]: [com.goodbird.cnpcgeckoaddon.hooklib.cnpchooks.CommonHooks:onAttackEntityAsMob:221]: [CNPC-Gecko] frame=2.0 -> DELAY (return true)
[21:03:26] [Server thread/INFO] [STDOUT]: [com.goodbird.cnpcgeckoaddon.hooklib.cnpchooks.CommonHooks:onUpdate:120]: [CNPC-Gecko] onUpdate delay check: elapsed=0/40 frame=2.0
[21:03:26] [Server thread/INFO] [STDOUT]: [com.goodbird.cnpcgeckoaddon.hooklib.cnpchooks.CommonHooks:onUpdate:120]: [CNPC-Gecko] onUpdate delay check: elapsed=1/40 frame=2.0
[21:03:26] [Server thread/INFO] [STDOUT]: [com.goodbird.cnpcgeckoaddon.hooklib.cnpchooks.CommonHooks:onUpdate:120]: [CNPC-Gecko] onUpdate delay check: elapsed=2/40 frame=2.0
[21:03:26] [Server thread/INFO] [STDOUT]: [com.goodbird.cnpcgeckoaddon.hooklib.cnpchooks.CommonHooks:onUpdate:120]: [CNPC-Gecko] onUpdate delay check: elapsed=3/40 frame=2.0
[21:03:26] [Server thread/INFO] [STDOUT]: [com.goodbird.cnpcgeckoaddon.hooklib.cnpchooks.CommonHooks:onUpdate:120]: [CNPC-Gecko] onUpdate delay check: elapsed=4/40 frame=2.0
[21:03:26] [Server thread/INFO] [STDOUT]: [com.goodbird.cnpcgeckoaddon.hooklib.cnpchooks.CommonHooks:onUpdate:120]: [CNPC-Gecko] onUpdate delay check: elapsed=5/40 frame=2.0
[21:03:26] [Server thread/INFO] [STDOUT]: [com.goodbird.cnpcgeckoaddon.hooklib.cnpchooks.CommonHooks:onUpdate:120]: [CNPC-Gecko] onUpdate delay check: elapsed=6/40 frame=2.0
[21:03:26] [Server thread/INFO] [STDOUT]: [com.goodbird.cnpcgeckoaddon.hooklib.cnpchooks.CommonHooks:onUpdate:120]: [CNPC-Gecko] onUpdate delay check: elapsed=7/40 frame=2.0
[21:03:26] [Server thread/INFO] [STDOUT]: [com.goodbird.cnpcgeckoaddon.hooklib.cnpchooks.CommonHooks:onUpdate:120]: [CNPC-Gecko] onUpdate delay check: elapsed=8/40 frame=2.0
[21:03:26] [Server thread/INFO] [STDOUT]: [com.goodbird.cnpcgeckoaddon.hooklib.cnpchooks.CommonHooks:onUpdate:120]: [CNPC-Gecko] onUpdate delay check: elapsed=9/40 frame=2.0
[21:03:27] [Server thread/INFO] [STDOUT]: [com.goodbird.cnpcgeckoaddon.hooklib.cnpchooks.CommonHooks:onAttackEntityAsMob:146]: [CNPC-Gecko] onAttackEntityAsMob ENTER
[21:03:27] [Server thread/INFO] [STDOUT]: [com.goodbird.cnpcgeckoaddon.hooklib.cnpchooks.CommonHooks:onAttackEntityAsMob:162]: [CNPC-Gecko] DEBUG modelEntity.attackCount=1, data.getAttackCount()=1
[21:03:27] [Server thread/INFO] [STDOUT]: [com.goodbird.cnpcgeckoaddon.hooklib.cnpchooks.CommonHooks:onAttackEntityAsMob:168]: [CNPC-Gecko] EXIT: delayedAttackPending=true
[21:03:27] [Server thread/INFO] [STDOUT]: [com.goodbird.cnpcgeckoaddon.hooklib.cnpchooks.CommonHooks:onUpdate:120]: [CNPC-Gecko] onUpdate delay check: elapsed=10/40 frame=2.0
[21:03:27] [Server thread/INFO] [STDOUT]: [com.goodbird.cnpcgeckoaddon.hooklib.cnpchooks.CommonHooks:onUpdate:120]: [CNPC-Gecko] onUpdate delay check: elapsed=11/40 frame=2.0
[21:03:27] [Server thread/INFO] [STDOUT]: [com.goodbird.cnpcgeckoaddon.hooklib.cnpchooks.CommonHooks:onUpdate:120]: [CNPC-Gecko] onUpdate delay check: elapsed=12/40 frame=2.0
[21:03:27] [Server thread/INFO] [STDOUT]: [com.goodbird.cnpcgeckoaddon.hooklib.cnpchooks.CommonHooks:onUpdate:120]: [CNPC-Gecko] onUpdate delay check: elapsed=13/40 frame=2.0
[21:03:27] [Server thread/INFO] [STDOUT]: [com.goodbird.cnpcgeckoaddon.hooklib.cnpchooks.CommonHooks:onUpdate:120]: [CNPC-Gecko] onUpdate delay check: elapsed=14/40 frame=2.0
[21:03:27] [Server thread/INFO] [STDOUT]: [com.goodbird.cnpcgeckoaddon.hooklib.cnpchooks.CommonHooks:onUpdate:120]: [CNPC-Gecko] onUpdate delay check: elapsed=15/40 frame=2.0
[21:03:27] [Server thread/INFO] [STDOUT]: [com.goodbird.cnpcgeckoaddon.hooklib.cnpchooks.CommonHooks:onUpdate:120]: [CNPC-Gecko] onUpdate delay check: elapsed=16/40 frame=2.0
[21:03:27] [Server thread/INFO] [STDOUT]: [com.goodbird.cnpcgeckoaddon.hooklib.cnpchooks.CommonHooks:onUpdate:120]: [CNPC-Gecko] onUpdate delay check: elapsed=17/40 frame=2.0
[21:03:27] [Server thread/INFO] [STDOUT]: [com.goodbird.cnpcgeckoaddon.hooklib.cnpchooks.CommonHooks:onUpdate:120]: [CNPC-Gecko] onUpdate delay check: elapsed=18/40 frame=2.0
[21:03:27] [Server thread/INFO] [STDOUT]: [com.goodbird.cnpcgeckoaddon.hooklib.cnpchooks.CommonHooks:onUpdate:120]: [CNPC-Gecko] onUpdate delay check: elapsed=19/40 frame=2.0
[21:03:27] [Server thread/INFO] [STDOUT]: [com.goodbird.cnpcgeckoaddon.hooklib.cnpchooks.CommonHooks:onAttackEntityAsMob:146]: [CNPC-Gecko] onAttackEntityAsMob ENTER
[21:03:27] [Server thread/INFO] [STDOUT]: [com.goodbird.cnpcgeckoaddon.hooklib.cnpchooks.CommonHooks:onAttackEntityAsMob:162]: [CNPC-Gecko] DEBUG modelEntity.attackCount=1, data.getAttackCount()=1
[21:03:27] [Server thread/INFO] [STDOUT]: [com.goodbird.cnpcgeckoaddon.hooklib.cnpchooks.CommonHooks:onAttackEntityAsMob:168]: [CNPC-Gecko] EXIT: delayedAttackPending=true
[21:03:27] [Server thread/INFO] [STDOUT]: [com.goodbird.cnpcgeckoaddon.hooklib.cnpchooks.CommonHooks:onUpdate:120]: [CNPC-Gecko] onUpdate delay check: elapsed=20/40 frame=2.0
[21:03:27] [Server thread/INFO] [STDOUT]: [com.goodbird.cnpcgeckoaddon.hooklib.cnpchooks.CommonHooks:onUpdate:120]: [CNPC-Gecko] onUpdate delay check: elapsed=21/40 frame=2.0
[21:03:27] [Server thread/INFO] [STDOUT]: [com.goodbird.cnpcgeckoaddon.hooklib.cnpchooks.CommonHooks:onUpdate:120]: [CNPC-Gecko] onUpdate delay check: elapsed=22/40 frame=2.0
[21:03:27] [Server thread/INFO] [STDOUT]: [com.goodbird.cnpcgeckoaddon.hooklib.cnpchooks.CommonHooks:onUpdate:120]: [CNPC-Gecko] onUpdate delay check: elapsed=23/40 frame=2.0
[21:03:27] [Server thread/INFO] [STDOUT]: [com.goodbird.cnpcgeckoaddon.hooklib.cnpchooks.CommonHooks:onUpdate:120]: [CNPC-Gecko] onUpdate delay check: elapsed=24/40 frame=2.0
[21:03:27] [Server thread/INFO] [STDOUT]: [com.goodbird.cnpcgeckoaddon.hooklib.cnpchooks.CommonHooks:onUpdate:120]: [CNPC-Gecko] onUpdate delay check: elapsed=25/40 frame=2.0
[21:03:27] [Server thread/INFO] [STDOUT]: [com.goodbird.cnpcgeckoaddon.hooklib.cnpchooks.CommonHooks:onUpdate:120]: [CNPC-Gecko] onUpdate delay check: elapsed=26/40 frame=2.0
[21:03:27] [Server thread/INFO] [STDOUT]: [com.goodbird.cnpcgeckoaddon.hooklib.cnpchooks.CommonHooks:onUpdate:120]: [CNPC-Gecko] onUpdate delay check: elapsed=27/40 frame=2.0
[21:03:27] [Server thread/INFO] [STDOUT]: [com.goodbird.cnpcgeckoaddon.hooklib.cnpchooks.CommonHooks:onUpdate:120]: [CNPC-Gecko] onUpdate delay check: elapsed=28/40 frame=2.0
[21:03:27] [Server thread/INFO] [STDOUT]: [com.goodbird.cnpcgeckoaddon.hooklib.cnpchooks.CommonHooks:onUpdate:120]: [CNPC-Gecko] onUpdate delay check: elapsed=29/40 frame=2.0
[21:03:28] [Server thread/INFO] [STDOUT]: [com.goodbird.cnpcgeckoaddon.hooklib.cnpchooks.CommonHooks:onAttackEntityAsMob:146]: [CNPC-Gecko] onAttackEntityAsMob ENTER
[21:03:28] [Server thread/INFO] [STDOUT]: [com.goodbird.cnpcgeckoaddon.hooklib.cnpchooks.CommonHooks:onAttackEntityAsMob:162]: [CNPC-Gecko] DEBUG modelEntity.attackCount=1, data.getAttackCount()=1
[21:03:28] [Server thread/INFO] [STDOUT]: [com.goodbird.cnpcgeckoaddon.hooklib.cnpchooks.CommonHooks:onAttackEntityAsMob:168]: [CNPC-Gecko] EXIT: delayedAttackPending=true
[21:03:28] [Server thread/INFO] [STDOUT]: [com.goodbird.cnpcgeckoaddon.hooklib.cnpchooks.CommonHooks:onUpdate:120]: [CNPC-Gecko] onUpdate delay check: elapsed=30/40 frame=2.0
[21:03:28] [Server thread/INFO] [STDOUT]: [com.goodbird.cnpcgeckoaddon.hooklib.cnpchooks.CommonHooks:onUpdate:120]: [CNPC-Gecko] onUpdate delay check: elapsed=31/40 frame=2.0
[21:03:28] [Server thread/INFO] [STDOUT]: [com.goodbird.cnpcgeckoaddon.hooklib.cnpchooks.CommonHooks:onUpdate:120]: [CNPC-Gecko] onUpdate delay check: elapsed=32/40 frame=2.0
[21:03:28] [Server thread/INFO] [STDOUT]: [com.goodbird.cnpcgeckoaddon.hooklib.cnpchooks.CommonHooks:onUpdate:120]: [CNPC-Gecko] onUpdate delay check: elapsed=33/40 frame=2.0
[21:03:28] [Server thread/INFO] [STDOUT]: [com.goodbird.cnpcgeckoaddon.hooklib.cnpchooks.CommonHooks:onUpdate:120]: [CNPC-Gecko] onUpdate delay check: elapsed=34/40 frame=2.0
[21:03:28] [Server thread/INFO] [STDOUT]: [com.goodbird.cnpcgeckoaddon.hooklib.cnpchooks.CommonHooks:onUpdate:120]: [CNPC-Gecko] onUpdate delay check: elapsed=35/40 frame=2.0
[21:03:28] [Server thread/INFO] [STDOUT]: [com.goodbird.cnpcgeckoaddon.hooklib.cnpchooks.CommonHooks:onUpdate:120]: [CNPC-Gecko] onUpdate delay check: elapsed=36/40 frame=2.0
[21:03:28] [Server thread/INFO] [STDOUT]: [com.goodbird.cnpcgeckoaddon.hooklib.cnpchooks.CommonHooks:onUpdate:120]: [CNPC-Gecko] onUpdate delay check: elapsed=37/40 frame=2.0
[21:03:28] [Server thread/INFO] [STDOUT]: [com.goodbird.cnpcgeckoaddon.hooklib.cnpchooks.CommonHooks:onUpdate:120]: [CNPC-Gecko] onUpdate delay check: elapsed=38/40 frame=2.0
[21:03:28] [Server thread/INFO] [STDOUT]: [com.goodbird.cnpcgeckoaddon.hooklib.cnpchooks.CommonHooks:onUpdate:120]: [CNPC-Gecko] onUpdate delay check: elapsed=39/40 frame=2.0
[21:03:28] [Server thread/INFO] [STDOUT]: [com.goodbird.cnpcgeckoaddon.hooklib.cnpchooks.CommonHooks:onAttackEntityAsMob:146]: [CNPC-Gecko] onAttackEntityAsMob ENTER
[21:03:28] [Server thread/INFO] [STDOUT]: [com.goodbird.cnpcgeckoaddon.hooklib.cnpchooks.CommonHooks:onAttackEntityAsMob:162]: [CNPC-Gecko] DEBUG modelEntity.attackCount=1, data.getAttackCount()=1
[21:03:28] [Server thread/INFO] [STDOUT]: [com.goodbird.cnpcgeckoaddon.hooklib.cnpchooks.CommonHooks:onAttackEntityAsMob:168]: [CNPC-Gecko] EXIT: delayedAttackPending=true
[21:03:28] [Server thread/INFO] [STDOUT]: [com.goodbird.cnpcgeckoaddon.hooklib.cnpchooks.CommonHooks:onUpdate:120]: [CNPC-Gecko] onUpdate delay check: elapsed=40/40 frame=2.0
[21:03:28] [Server thread/INFO] [STDOUT]: [com.goodbird.cnpcgeckoaddon.hooklib.cnpchooks.CommonHooks:onUpdate:122]: [CNPC-Gecko] onUpdate DELAY HIT - applying damage
[21:03:28] [Server thread/INFO] [STDOUT]: [com.goodbird.cnpcgeckoaddon.hooklib.cnpchooks.CommonHooks:onAttackEntityAsMob:146]: [CNPC-Gecko] onAttackEntityAsMob ENTER
[21:03:28] [Server thread/INFO] [STDOUT]: [com.goodbird.cnpcgeckoaddon.hooklib.cnpchooks.CommonHooks:onAttackEntityAsMob:162]: [CNPC-Gecko] DEBUG modelEntity.attackCount=1, data.getAttackCount()=1
[21:03:28] [Server thread/INFO] [STDOUT]: [com.goodbird.cnpcgeckoaddon.hooklib.cnpchooks.CommonHooks:onAttackEntityAsMob:164]: [CNPC-Gecko] EXIT: frameAttackInProgress=true
[21:03:29] [Server thread/INFO] [net.minecraft.server.integrated.IntegratedServer]: Saving and pausing game...
[21:03:29] [Server thread/INFO] [net.minecraft.server.MinecraftServer]: Saving chunks for level '新的世界'/overworld
[21:03:29] [Server thread/INFO] [net.minecraft.server.MinecraftServer]: Stopping server
[21:03:29] [Server thread/INFO] [net.minecraft.server.MinecraftServer]: Saving players
[21:03:29] [Server thread/INFO] [net.minecraft.network.NetHandlerPlayServer]: XiaoBiniaoX lost connection: 连接中止
[21:03:29] [Server thread/INFO] [net.minecraft.server.MinecraftServer]: XiaoBiniaoX退出了游戏
[21:03:29] [Server thread/INFO] [net.minecraft.network.NetHandlerPlayServer]: Stopping singleplayer server as player logged out
[21:03:29] [Server thread/INFO] [net.minecraft.server.MinecraftServer]: Saving worlds
[21:03:29] [Server thread/INFO] [net.minecraft.server.MinecraftServer]: Saving chunks for level '新的世界'/overworld
[21:03:29] [Server thread/INFO] [FML]: Unloading dimension 0
[21:03:29] [Server thread/INFO] [FML]: Applying holder lookups
[21:03:29] [Server thread/INFO] [FML]: Holder lookups applied
[21:03:30] [Client thread/INFO] [net.minecraft.client.Minecraft]: Stopping!
[21:03:30] [Client thread/INFO] [net.minecraft.client.audio.SoundManager]: SoundSystem shutting down...
[21:03:30] [Client thread/WARN] [net.minecraft.client.audio.SoundManager]: Author: Paul Lamb, www.paulscode.com
